Workbook

Sheet COVER
A9: VALVE MARGIN | B9: N/A | C9: 밸브(조립&검사,PAINT 비용 제외) X FACTOR
A10: FACTOR | B10: 1.3 | C10: (밸브+사급비용) X FACTOR
A12: DESCRIPTION | B12: MATERIAL | C12: PRICE | D12: REMARK | G12: 구매 원가 | J12: FACTORY COST(0.7) -가공,도장,포장,인건비
A13: BODY(WAFER) | F13: SIZE | G13: BARE | H13: LEVER | I13: GEAR | J13: BARE | K13: LEVER | L13: GEAR
A14: BODY(LUG) | B14: A536 Gr65-45-12 | C14: 3500 | F14: 50A | G14: ='50A'!$K$33 -> 31245 | H14: ='50A'!$K$34 -> 47245 | I14: ='50A'!$K$35 -> 129245 | J14: ='50A'!$K$36 -> 44635.714 | K14: ='50A'!$K$37 -> 67492.857 | L14: ='50A'!$K$38 -> 184635.71
A15: BODY(FLANGE) | F15: 65A | G15: ='65A'!$K$33 -> 36390 | H15: ='65A'!$K$34 -> 52390 | I15: ='65A'!$K$35 -> 134390 | J15: ='65A'!$K$36 -> 51985.714 | K15: ='65A'!$K$37 -> 74842.857 | L15: ='65A'!$K$38 -> 191985.71
A16: DISC | B16: A351 CF8M | C16: 12000 | F16: 80A | G16: ='80A'!$K$33 -> 39370 | H16: ='80A'!$K$34 -> 55370 | I16: ='80A'!$K$35 -> 137370 | J16: ='80A'!$K$36 -> 56242.857 | K16: ='80A'!$K$37 -> 79100 | L16: ='80A'!$K$38 -> 196242.86
A17: STEM | B17: A564T630 | C17: 10000 | F17: 100A | G17: ='100A'!$K$33 -> 70370 | H17: ='100A'!$K$34 -> 86370 | I17: ='100A'!$K$35 -> 168370 | J17: ='100A'!$K$36 -> 100528.57 | K17: ='100A'!$K$37 -> 123385.71 | L17: ='100A'!$K$38 -> 240528.57
A18: SEAT | B18: EPDM | F18: 125A | G18: ='125A'!$K$33 -> 78270 | H18: ='125A'!$K$34 -> 95270 | I18: ='125A'!$K$35 -> 176270 | J18: ='125A'!$K$36 -> 111814.29 | K18: ='125A'!$K$37 -> 136100 | L18: ='125A'!$K$38 -> 251814.29
A19: PACKING(350A&below) | B19: NBR | D19: 350A 이하 | F19: 150A | G19: ='150A'!$K33 -> 99355 | H19: ='150A'!$K34 -> 116355 | I19: ='150A'!$K35 -> 197355 | J19: ='150A'!$K36 -> 141935.71 | K19: ='150A'!$K37 -> 166221.43 | L19: ='150A'!$K38 -> 281935.71
A20: PACKING(400A&above) | B20: ALBC2 | C20: 금액 변동 X | D20: 400A 이상 | F20: 200A | G20: ='200A'!$K$33 -> 146778 | H20: ='200A'!$K$34 -> 146778 | I20: ='200A'!$K$35 -> 244778 | J20: ='200A'!$K$36 -> 209682.86 | K20: ='200A'!$K$37 -> 209682.86 | L20: ='200A'!$K$38 -> 349682.86
A21: BUSH(Only 500A&above) | B21: SSPC | C21: 금액 변동 X | D21: 500A 이상 | F21: 250A | G21: ='250A'!$K$33 -> 226750 | H21: ='250A'!$K$34 -> 226750 | I21: ='250A'!$K$35 -> 349750 | J21: ='250A'!$K$36 -> 323928.57 | K21: ='250A'!$K$37 -> 323928.57 | L21: ='250A'!$K$38 -> 499642.86
A22: END COVER | B22: BODY MATERIAL | D22: 500A 이상 | F22: 300A | G22: ='300A'!$K$33 -> 337350 | H22: ='300A'!$K$34 -> 337350 | I22: ='300A'!$K$35 -> 460350 | J22: ='300A'!$K$36 -> 481928.57 | K22: ='300A'!$K$37 -> 481928.57 | L22: ='300A'!$K$38 -> 657642.86
A23: END COVER BOLT | B23: B8M | D23: 500A 이상 | F23: 350A | G23: ='350A'!$K$33 -> 404530 | H23: ='350A'!$K$34 -> 404530 | I23: ='350A'!$K$35 -> 527530 | J23: ='350A'!$K$36 -> 577900 | K23: ='350A'!$K$37 -> 577900 | L23: ='350A'!$K$38 -> 753614.29
A24: COLLAR | B24: ALBC2 | C24: 금액 변동 X | F24: 400A | G24: ='400A'!$K$33 -> 692580 | H24: ='400A'!$K$34 -> 692580 | I24: ='400A'!$K$35 -> 917580 | J24: ='400A'!$K$36 -> 989400 | K24: ='400A'!$K$37 -> 989400 | L24: ='400A'!$K$38 -> 1310828.6
A25: TOP RETAINER | B25: SS400 | C25: 금액 변동 X | D25: 450A 이하-T304 /500A 이상-SS400 | F25: 450A | G25: ='450A'!$K$33 -> 861080 | H25: ='450A'!$K$34 -> 861080 | I25: ='450A'!$K$35 -> 1086080 | J25: ='450A'!$K$36 -> 1230114.3 | K25: ='450A'!$K$37 -> 1230114.3 | L25: ='450A'!$K$38 -> 1551542.9
A26: TOP RETAINER BOLT | B26: B8M | C26: 금액 변동 X | F26: 500A | G26: ='500A'!$K$33 -> 1136610 | H26: ='500A'!$K$34 -> 1136610 | I26: ='500A'!$K$35 -> 1441610 | J26: ='500A'!$K$36 -> 1623728.6 | K26: ='500A'!$K$37 -> 1623728.6 | L26: ='500A'!$K$38 -> 2059442.9
A27: GEAR BOX BOLT | B27: B8M | F27: 550A | G27: ='550A'!$K$33 -> 1483485 | H27: ='550A'!$K$34 -> 1483485 | I27: ='550A'!$K$35 -> 1788485 | J27: ='550A'!$K$36 -> 2119264.3 | K27: ='550A'!$K$37 -> 2119264.3 | L27: ='550A'!$K$38 -> 2554978.6
A28: STEM CR PLATING | B28: REQUIRED | C28: BODY=STEM | D28: 450A 이하만 적용 | F28: 600A | G28: ='600A'!$K$33 -> 1881100 | H28: ='600A'!$K$34 -> 1881100 | I28: ='600A'!$K$35 -> 2236100 | J28: ='600A'!$K$36 -> 2687285.7 | K28: ='600A'!$K$37 -> 2687285.7 | L28: ='600A'!$K$38 -> 3194428.6
F29: 650A | G29: ='650A'!$K$33 -> 2270835 | H29: ='650A'!$K$34 -> 2270835 | I29: ='650A'!$K$35 -> 2625835 | J29: ='650A'!$K$36 -> 3244050 | K29: ='650A'!$K$37 -> 3244050 | L29: ='650A'!$K$38 -> 3751192.9
F30: 700A | G30: ='700A'!$K$33 -> 2746710 | H30: ='700A'!$K$34 -> 2746710 | I30: ='700A'!$K$35 -> 3335710 | J30: ='700A'!$K$36 -> 3923871.4 | K30: ='700A'!$K$37 -> 3923871.4 | L30: ='700A'!$K$38 -> 4765300
F31: 750A | G31: ='750A'!$K$33 -> 3621695 | H31: ='750A'!$K$34 -> 3621695 | I31: ='750A'!$K$35 -> 4210695 | J31: ='750A'!$K$36 -> 5173850 | K31: ='750A'!$K$37 -> 5173850 | L31: ='750A'!$K$38 -> 6015278.6
A32: PAINTING | B32: 기존 단가 | D32: 기존단가 /외주 2 COATING or 3 COATING | F32: 800A | G32: ='800A'!$K$33 -> 4457135 | H32: ='800A'!$K$34 -> 4457135 | I32: ='800A'!$K$35 -> 5046135 | J32: ='800A'!$K$36 -> 6367335.7 | K32: ='800A'!$K$37 -> 6367335.7 | L32: ='800A'!$K$38 -> 7208764.3
F33: 850A | G33: ='850A'!$K$33 -> 5143855 | H33: ='850A'!$K$34 -> 5143855 | I33: ='850A'!$K$35 -> 5732855 | J33: ='850A'!$K$36 -> 7348364.3 | K33: ='850A'!$K$37 -> 7348364.3 | L33: ='850A'!$K$38 -> 8189792.9
A34: PRESSURE | B34: 10 BAR | D34: 16BAR 기준(DISC 중량) | F34: 900A | G34: ='900A'!$K$33 -> 5517700 | H34: ='900A'!$K$34 -> 5517700 | I34: ='900A'!$K$35 -> 6265700 | J34: ='900A'!$K$36 -> 7882428.6 | K34: ='900A'!$K$37 -> 7882428.6 | L34: ='900A'!$K$38 -> 8951000
A35: OPERATION | B35: MOTOR | C35: SUS304 | D35: LEVER - SS400 or SUS | F35: 950A | G35: ='950A'!$K$33 -> 5970890 | H35: ='950A'!$K$34 -> 5970890 | I35: ='950A'!$K$35 -> 6718890 | J35: ='950A'!$K$36 -> 8529842.9 | K35: ='950A'!$K$37 -> 8529842.9 | L35: ='950A'!$K$38 -> 9598414.3
F36: 1000A | G36: ='1000A'!$K$33 -> 4656610 | H36: ='1000A'!$K$34 -> 4656610 | I36: ='1000A'!$K$35 -> 5404610 | J36: ='1000A'!$K$36 -> 6652300 | K36: ='1000A'!$K$37 -> 6652300 | L36: ='1000A'!$K$38 -> 7720871.4
F37: 1050A | G37: ='1050A'!$K$33 -> 4815230 | H37: ='1050A'!$K$34 -> 4815230 | I37: ='1050A'!$K$35 -> 5563230 | J37: ='1050A'!$K$36 -> 6878900 | K37: ='1050A'!$K$37 -> 6878900 | L37: ='1050A'!$K$38 -> 7947471.4
F38: 1100A | G38: ='1100A'!$K$33 -> 5571580 | H38: ='1100A'!$K$34 -> 5571580 | I38: ='1100A'!$K$35 -> 6319580 | J38: ='1100A'!$K$36 -> 7959400 | K38: ='1100A'!$K$37 -> 7959400 | L38: ='1100A'!K$38 -> 9027971.4
F39: 1200A | G39: ='1200A'!K$33 -> 7394810 | H39: ='1200A'!$K$34 -> 7394810 | I39: ='1200A'!$K$35 -> 8695810 | J39: ='1200A'!$K$36 -> 10564014 | K39: ='1200A'!$K$37 -> 10564014 | L39: ='1200A'!K$38 -> 12422586

Sheet 주조단가
A1: 업체/재질별 주조 단가 (2019-05-21)
AB2: 1 | AC2: 2 | AD2: 3 | AE2: 4 | AF2: 5 | AG2: 6 | AH2: 7 | AI2: 8 | AJ2: 9 | AK2: 10 | AL2: 11 | AM2: 12 | AN2: 13 | AO2: 14 | AP2: 15 | AR2: 17 | AS2: 18 | AU2: 19 | AW2: 20
A3: 업체 | B3: REV | C3: 관리CAPA. | D3: A216 WCB | E3: A217 WC9 | F3: A217 WC1 | G3: A352 LCC | H3: A217 WC6 | I3: A217 CA15 | J3: A351 CG8M | K3: A351 CG3M | L3: A351 CF8 | M3: A351 CF8M | N3: A351 CF3M | O3: A890 4A | P3: A890 5A | Q3: A890 6A | R3: A351 CF3 | S3: A351 CF8C | T3: CW6MC | U3: INCOLOY 25-6Mo | V3: A351 CN7M | W3: MONEL K500 | X3: ALBC3 | Y3: B148 | Z3: A536 | AB3: BODY MATERIAL | AC3: DISC MATERIAL | AD3: SEAT MATERIAL | AE3: STEM MATERIAL | AF3: PACKING (350A&Below) | AG3: PACKING (400A&Above) | AH3: BUSH (Only 500A&above) | AI3: END COVER | AJ3: END COVER BOLT | AK3: COLLAR | AL3: TOP RETAINER | AM3: TOP RETAINER BOLT | AN3: GEAR BOX BOLT | AO3: TOP COVER | AP3: TOP COVER BOLT | AQ3: STEM CR PLATING | AR3: PRESSURE | AS3: OPERATION | AU3: VALVE MARGIN | AW3: PAINTING/COATING
A4: 제흥금속 | B4: 폐업(2018년5월) | C4: 50KG이상 | D4: 2700 | E4: 4200 | G4: 2900 | H4: 3900 | L4: 6000 | M4: 7500 | N4: 8500 | AB4: A216 WCB | AC4: A351 CF8 | AD4: NBR | AE4: A276T304 | AF4: NBR | AG4: ALBC2 | AH4: SSPC | AI4: SS400 | AJ4: B8 | AK4: ALBC2 | AL4: SS400 | AM4: B8 | AN4: B8 | AO4: SS400 | AP4: B8 | AQ4: REQUIRED | AR4: 10 BAR | AS4: BARE | AU4: APPLICATION | AW4: 기존 단가
A5: HTF | B5: 품질문제로 품질부 거래 holding | C5: 101KG 이상 | D5: 2600 | L5: 5800 | M5: 7300 | N5: 8300 | AB5: A536 Gr65-45-12 | AC5: A351 CF8M | AD5: EPDM | AE5: A276T304L | AF5: EPDM | AI5: BODY MATERIAL | AJ5: B8M | AL5: A240T304 | AM5: B8M | AN5: B8M | AO5: A216 WCB | AP5: B8M | AQ5: N/A | AR5: 16 BAR | AS5: LEVER | AU5: N/A | AW5: 외주 2COATING
C6: 100KG 이하 | D6: 2800 | M6: 7300 | N6: 8300 | AB6: A395 Gr65-45-15 | AC6: A351 CF3 | AD6: VITON | AE6: A276T316 | AF6: VITON | AJ6: B7(다크로) | AL6: A240T316 | AN6: B7(다크로) | AO6: A351 CF8M | AP6: B7(다크로) | AR6: 20 BAR | AS6: GEAR | AW6: 외주 3COATING
A7: 영광스틸 | B7: 단가인상요청 미반영 거래 반납 | C7: 21KG 이상 | D7: 2700 | L7: 5800 | M7: 7700 | N7: 8700 | AC7: A351 CF3M | AE7: A276T316L | AS7: MOTOR
A8: 영광스틸 | C8: 20KG 이하 | D8: 2900 | I8: 5000 | L8: 6000 | M8: 8000 | N8: 9000 | AC8: B148 C95800 | AE8: A564T630 | AS8: PNEU
A9: 대림산업 | B9: 2018년 10월 rev. | C9: 200KG이상 | D9: 2600 | E9: 4200 | G9: 2800 | H9: 3600 | I9: 5000 | J9: 8300 | K9: 8500 | L9: 5800 | M9: 7000 | N9: 8000 | O9: 9000 | P9: 11000 | Q9: 12000 | R9: 6300 | T9: 35000 | V9: 17000 | W9: 35000 | AC9: A890 4A | AE9: A479T410 | AS9: SS400
A10: 대신금속 | B10: 2018년 11월 rev. | C10: 300KG미만 | D10: 2750 | AC10: A890 5A | AE10: UNS S31803 | AS10: SUS304
A11: 대신금속 | C11: 300KG이상 | D11: 2700 | E11: 4000 | F11: 3000 | G11: 2800 | H11: 3700 | I11: 4800 | J11: 7800 | K11: 8800 | L11: 6000 | M11: 7600 | N11: 8600 | O11: 10500 | P11: 11500 | Q11: 12500 | R11: 6500 | S11: 7000 | T11: 36000 | U11: 25000 | V11: 18000 | W11: 38000 | AE11: UNS S32750
A12: 주원특수강 | B12: 100kg 이하는 별도 견적 | C12: 100~300KG | D12: 2800 | AE12: MONEL K-400
A13: 주원특수강 | C13: 300KG이상 | D13: 2750 | E13: 4150 | G13: 2900 | H13: 3750 | I13: 4950 | L13: 6100 | M13: 7400 | N13: 8200 | O13: 9000 | P13: 11000 | Q13: 12000 | R13: 6600 | AE13: MONEL K-500
A14: 금화STEEL | B14: 2018년 6월 거래 개시 | D14: 3500 | L14: 6300 | M14: 8300 | N14: 9300 | P14: 18000 | R14: 7300 | AE14: INCONEL 625
A15: 광명금속 | B15: 신규 개발진행 업체 | C15: ~20KG | D15: 4000 | L15: 6900 | M15: 8600 | N15: 9600 | O15: 11500 | P15: 15000 | R15: 7900
C16: 21~50KG | D16: 3700 | L16: 6700 | M16: 8200 | N16: 9200 | O16: 11500 | P16: 15000 | R16: 7700
C17: 50KG~ | D17: 3300 | L17: 6500 | M17: 8000 | N17: 9000 | O17: 11500 | P17: 15000 | R17: 7500
A18: 디에스케스텍 | B18: 신규 개발진행 업체 | C18: ~20KG | D18: 3800 | L18: 6700 | M18: 8200 | N18: 8900 | O18: 11500 | P18: 16000 | R18: 7200
C19: 21~50KG | D19: 3300 | L19: 6400 | M19: 8200 | N19: 8900 | O19: 11500 | P19: 16000 | R19: 7200
C20: 50KG~ | D20: 3300 | L20: 6400 | M20: 8000 | N20: 8700 | O20: 11500 | P20: 16000 | R20: 7200
A21: 대원테크 | B21: 정밀주조업체 | L21: 12600 | M21: 16200 | N21: 18500
A22: SY메탈 | X22: 11300 | Y22: 11700
A23: 삼성금속 | X23: 11000 | Y23: 11300
A24: 진우 ENG | B24: REV.1(17-01-24) NEGO금액 ALBC,B148 -150원- | C24: DN350이하 | X24: 12150 | Y24: 12650
A25: 진우 ENG | C25: DN400이상 | X25: 11650 | Y25: 12250
A26: 진우 ENG | C26: 200KG이상 | X26: 10950 | Y26: 11350
A27: 마천캐스트 | B27: 2019-01-21 단가인상요청 (1950원->2100원) | C27: DN500~1000 | Z27: 2100
A28: 마천캐스트 | C28: DN2200 이하 | Z28: 1880
A29: 마천캐스트 | C29: DN2200 초과 | Z29: 1900
A30: 화성금속 | C30: 1500이상 | Z30: 2000
A31: 신우공업 | B31: 단가인상요청 미반영 거래 반납 | C31: 450A이하 | Z31: 2050
A32: 신우공업 | C32: 500A이상 | Z32: 1880
A33: 신우공업 | C33: 800KG이상 | Z33: 1880
A35: NOTE
A36: 주강 선급품 기존 단가에서 +100원/KG 추가됨
A37: 중공형 DISC는 용접비 +400원/KG 추가됨 (SY메탈 DN1000미만 +2000원/KG , DN1000이상 +1500원/KG)
A38: 영광 STEEL 주강 -100원 SUS -200원 NEGO(2017-01-12)
A39: 신우공업 - DN500이상 -70원, 800KG이상 -20원(2017-01-24)
A40: 진우 ENG - ALBC,B148 150원(2017-01-24)
A41: 신우공업 - DN450이하 -50원 NEGO(2017-10-10)
A42: HTF,대원 - 단가적용(2017-10-10)
A43: 주원특수강 전체 단가 인상 적용(2018년 6월 14일)
A44: 광명금속 신규 추가(2018년 11월 15일)
A45: 광명금속 단가 NEGO 적용(2019년 5월 21일)

Sheet 50A
A1: CONCENTRIC BFV 원가 分析表
A3: SIZE | B3: 50A | C3: RATING | D3: #150 | F3: FLANGE DRILLING | I3: ASME B16.5 | J3: FACE TO FACE | K3: ISO575 SER'20(43MM)
J4: O.D(MM) | K4: 150 | L4: 외주가공비 / 단가표(EPC)
A5: NO. | B5: 부품명 | C5: 재질 | D5: 수량 | E5: 규격 | F5: 단중 | G5: 업체 | H5: 단가 | I5: 소계 | J5: 가공비 | K5: 합계 | L5: FC/FCD | M5: SC/WCB (ALBC) | N5: SUS | O5: A890 4A | P5: A890 5A | Q5: DISC 중량(일반) | R5: DISC 중량(고압) | T5: 이전 단가 Table 중량
A6: 1 | B6: BODY(WAFER) | C6: =COVER!B13 -> 0 | D6: 1 | F6: =(5+3.5)/2 -> 4.25 | H6: =COVER!C13 -> 0 | I6: =D6*F6*H6 -> 0 | K6: =I6+J6 -> 0 | L6: 10000 | M6: 15000 | N6: 30000 | T6: 3
A7: 1 | B7: BODY(LUG) | C7: =COVER!B14 -> A536 Gr65-45-12 | D7: 1 | F7: 5.5 | H7: =COVER!C14 -> 3500 | I7: =D7*F7*H7 -> 19250 | K7: =I7+J7 -> 19250 | L7: 14000 | M7: 21000 | T7: 5.5
A8: 1 | B8: BODY(FLANGE) | C8: =COVER!B15 -> 0 | D8: 1 | F8: 9 | H8: =COVER!C15 -> 0 | I8: =D8*F8*H8 -> 0 | K8: =I8+J8 -> 0 | L8: 17000 | M8: 25500 | T8: 7.5
A9: 2 | B9: DISC | C9: =COVER!B16 -> A351 CF8M | D9: 1 | F9: =IF(COVER!B34="10 BAR",Q9,IF(COVER!B34="16 BAR",R9,IF(COVER!B34="20 BAR",R9))) -> 0.3 | H9: =COVER!C16 -> 12000 | I9: =D9*F9*H9 -> 3600 | K9: =I9+J9 -> 3600 | L9: 3260 | M9: 3500 | N9: 3500 | O9: 9000 | P9: 12300 | Q9: 0.3 | R9: 0.3 | T9: 0.3 | V9: =P9/M9 -> 3.5142857
A10: 3 | B10: SEAT | C10: =COVER!B18 -> EPDM | D10: 1 | F10: 1 | H10: =IF(C10="NBR",L10,IF(C10="EPDM",L10,IF(C10="VITON",M10))) -> 805 | I10: =H10*F10*D10 -> 805 | K10: =I10+J10 -> 805 | L10: 805 | M10: 9500 | N10: 6000 | O10: N/A | P10: N/A
A11: 4 | B11: STEM(ONE STEM) | C11: =COVER!B17 -> A564T630 | D11: 1 | F11: 0.26 | H11: =COVER!C17 -> 10000 | I11: =D11*F11*H11 -> 2600 | K11: =I11+J11 -> 2600 | L11: Ø14X208L | M11: 3000 | N11: 1000 | Q11: 0.26 | T11: 0.3
A12: 5 | B12: PACKING+GLAND | C12: =COVER!B19 -> NBR | D12: 1 | F12: 1 | H12: =IF(C12="NBR",L12+N12,IF(C12="EPDM",L12+N12,IF(C12="VITON",M12+N12))) -> 290 | I12: =D12*F12*H12 -> 290 | K12: =I12+J12 -> 290 | L12: 120 | M12: 970 | N12: 170 | V12: =M9/L9 -> 1.0736196
A13: 6 | B13: BUSH | D13: 0 | L13: N/A
A14: 7 | B14: DISC BOLT(PIN) | C14: =C11 -> A564T630 | D14: 1 | F14: 1 | H14: =L14 -> 1400 | I14: =D14*F14*H14 -> 1400 | K14: =I14+J14 -> 1400 | L14: 1400
A15: 8 | B15: END COVER (WITH O-RING) | C15: =COVER!B22 -> BODY MATERIAL | D15: 0 | L15: N/A
A16: 9 | B16: END COVER BOLT | C16: =COVER!B23 -> B8M | D16: 0 | L16: N/A
A17: 10 | B17: COLLAR | C17: =COVER!B24 -> ALBC2 | D17: 0 | L17: N/A
A18: 11 | B18: TOP RETANIER | C18: A240T304 | D18: 1 | H18: =M18 -> 1300 | I18: =H18*D18 -> 1300 | K18: =I18+J18 -> 1300 | L18: Ø54X1.5T | M18: 1300 | Q18: 완가공
A19: 12 | B19: TOP RETANIER BOLT | C19: =COVER!B26 -> B8M | D19: 2 | H19: =IF(C19="B8",M19,IF(C19="B8M",N19)) -> 200 | I19: =H19*D19 -> 400 | K19: =I19+J19 -> 400 | M19: 200 | N19: 200 | Q19: WRENCH BOLT
A20: 13 | B20: GEAR BOX BOLT | C20: =COVER!B27 -> B8M | D20: 4 | H20: =IF(C20="B8",M20,IF(C20="B8M",N20,IF(C20="B7(다크로)",O20))) -> 400 | I20: =H20*D20 -> 1600 | K20: =I20+J20 -> 1600 | L20: M8X30L | M20: 350 | N20: 400 | O20: 300 | Q20: HEX BOLT
A21: 14 | B21: LEVER | C21: =COVER!C35 -> SUS304 | D21: 1 | H21: =IF(C21="SS400",L21,IF(C21="SUS304",M21)) -> 16000 | I21: =H21*D21 -> 16000 | K21: =I21+J21 -> 16000 | L21: 5400 | M21: 16000
A22: 15 | B22: GEAR BOX | C22: 10 BAR | D22: 1 | I22: =IF(C22="10 BAR",M22,IF(C22="16 BAR",N22,IF(C22="20 BAR",O22))) -> 98000 | K22: =I22+J22 -> 98000 | M22: 98000 | N22: 98000 | O22: 98000
A23: 16 | B23: PAINT | C23: =COVER!B32 -> 기존 단가 | D23: 1 | H23: =IF(COVER!B9="APPLICATION",0,IF(COVER!B32="기존 단가",L23,IF(COVER!B32="외주 2COATING",M23,IF(COVER!B32="외주 3COATING",N23)))) -> 5000 | I23: =H23 -> 5000 | L23: 5000 | M23: =IF(H6>0,F6*520,IF(H7>0,F7*520,IF(H8>0,F8*520))) -> 2860 | N23: =IF(H6>0,F6*620,IF(H7>0,F7*620,IF(H8>0,F8*620))) -> 3410
A24: 17 | B24: 조립.검사 | D24: 1 | H24: =IF(COVER!B9="APPLICATION",0,IF(COVER!B9="N/A",L24)) -> 5000 | I24: =H24 -> 5000 | L24: 5000
A25: 18 | B25: 밸브합산(BEAR) | K25: =SUM(K6:K20)+SUM(K23:K24) -> 31245 | L25: "A"
A26: 18 | B26: 밸브합산(LEVER) | K26: =SUM(K6:K21)+SUM(K23:K24) -> 47245 | L26: "A"
A27: 18 | B27: 밸브합산(GEAR) | K27: =SUM(K6:K20)+SUM(K22:K24) -> 129245 | L27: "A"
A28: 19 | B28: STEM CR PLATING | C28: =COVER!B28 -> REQUIRED | D28: 0 | H28: =IF(C28="REQUIRED",L28,IF(C28="N/A",0)) -> 2800 | I28: =H28 -> 2800 | L28: 2800
A29: 20 | B29: RUBBER LINING | D29: 0
A30: 21 | B30: 포장비용 | C30: =COVER!B35 -> MOTOR | D30: 1 | H30: =IF(COVER!B9="APPLICATION",0,IF(COVER!B35="BARE",M30,(IF(COVER!B35="LEVER",M30,IF(COVER!B35="GEAR",N30,IF(COVER!B35="MOTOR",O30)))))) -> 40000 | I30: =H30 -> 40000 | L30: 9500 | M30: 4500 | N30: 4500 | O30: 40000
A31: 22
A32: 23 | B32: 밸브외 사급품 비용 연산 | K32: =SUM(K28:K31) -> 0 | L32: "B"
A33: 24 | B33: VALVE 원가 - BEAR | K33: =K25+K32 -> 31245 | L33: (A+B)
A34: 24 | B34: VALVE 원가 - LEVER | K34: =K26+K32 -> 47245 | L34: (A+B)
A35: 24 | B35: VALVE 원가 - GEAR | K35: =K27+K32 -> 129245 | L35: (A+B)
A36: 25 | B36: FACTOR 금액 - BEAR | I36: FACTOR | J36: 0.7 | K36: =(K25+K32)/J36 -> 44635.714 | L36: (A+B)XFACTOR
A37: 25 | B37: FACTOR 금액 - LEVER | I37: FACTOR | J37: 0.7 | K37: =(K26+K32)/J37 -> 67492.857 | L37: (A+B)XFACTOR
A38: 25 | B38: FACTOR 금액 - GEAR | I38: FACTOR | J38: 0.7 | K38: =(K27+K32)/J38 -> 184635.71 | L38: (A+B)XFACTOR

Sheet 65A
A1: CONCENTRIC BFV 원가 分析表
A3: SIZE | B3: 65A | C3: RATING | D3: #150 | F3: FLANGE DRILLING | I3: ASME B16.5 | J3: FACE TO FACE | K3: ISO575 SER'20(46MM)
J4: O.D(MM) | K4: 180 | L4: 외주가공비 / 단가표(EPC)
A5: NO. | B5: 부품명 | C5: 재질 | D5: 수량 | E5: 규격 | F5: 단중 | G5: 업체 | H5: 단가 | I5: 소계 | J5: 가공비 | K5: 합계 | L5: FC/FCD | M5: SC/WCB (ALBC) | N5: SUS | O5: A890 4A | P5: A890 5A | Q5: DISC 중량(일반) | R5: DISC 중량(고압) | T5: 이전 단가 Table 중량
A6: 1 | B6: BODY(WAFER) | C6: =COVER!B13 -> 0 | D6: 1 | F6: 5 | H6: =COVER!C13 -> 0 | I6: =D6*F6*H6 -> 0 | K6: =I6+J6 -> 0 | L6: 10000 | M6: 15000 | N6: 30000 | T6: 4
A7: 1 | B7: BODY(LUG) | C7: =COVER!B14 -> A536 Gr65-45-12 | D7: 1 | F7: 6.5 | H7: =COVER!C14 -> 3500 | I7: =D7*F7*H7 -> 22750 | K7: =I7+J7 -> 22750 | L7: 14000 | M7: 21000 | T7: 5.5
A8: 1 | B8: BODY(FLANGE) | C8: =COVER!B15 -> 0 | D8: 1 | F8: 10 | H8: =COVER!C15 -> 0 | I8: =D8*F8*H8 -> 0 | K8: =I8+J8 -> 0 | L8: 18800 | M8: 28200 | T8: 10
A9: 2 | B9: DISC | C9: =COVER!B16 -> A351 CF8M | D9: 1 | F9: =IF(COVER!B34="10 BAR",Q9,IF(COVER!B34="16 BAR",R9,IF(COVER!B34="20 BAR",R9))) -> 0.4 | H9: =COVER!C16 -> 12000 | I9: =D9*F9*H9 -> 4800 | K9: =I9+J9 -> 4800 | L9: 3330 | M9: 3500 | N9: 3500 | O9: 9000 | P9: 12300 | Q9: 0.4 | R9: 0.4 | T9: 0.3 | V9: =P9/M9 -> 3.5142857
A10: 3 | B10: SEAT | C10: =COVER!B18 -> EPDM | D10: 1 | F10: 1 | H10: =IF(C10="NBR",L10,IF(C10="EPDM",L10,IF(C10="VITON",M10))) -> 1150 | I10: =H10*F10*D10 -> 1150 | K10: =I10+J10 -> 1150 | L10: 1150 | M10: 11000 | N10: 9000 | O10: N/A | P10: N/A
A11: 4 | B11: STEM(ONE STEM) | C11: =COVER!B17 -> A564T630 | D11: 1 | F11: 0.27 | H11: =COVER!C17 -> 10000 | I11: =D11*F11*H11 -> 2700 | K11: =I11+J11 -> 2700 | L11: Ø14X221L | M11: 3000 | N11: 1000 | Q11: 0.27 | T11: 0.3
A12: 5 | B12: PACKING+GLAND | C12: =COVER!B19 -> NBR | D12: 1 | F12: 1 | H12: =IF(C12="NBR",L12+N12,IF(C12="EPDM",L12+N12,IF(C12="VITON",M12+N12))) -> 290 | I12: =D12*F12*H12 -> 290 | K12: =I12+J12 -> 290 | L12: 120 | M12: 970 | N12: 170 | V12: =M9/L9 -> 1.0510511
A13: 6 | B13: BUSH | D13: 0 | L13: N/A
A14: 7 | B14: DISC BOLT(PIN) | C14: =C11 -> A564T630 | D14: 1 | F14: 1 | H14: =L14 -> 1400 | I14: =D14*F14*H14 -> 1400 | K14: =I14+J14 -> 1400 | L14: 1400
A15: 8 | B15: END COVER (WITH O-RING) | C15: =COVER!B22 -> BODY MATERIAL | D15: 0 | L15: N/A
A16: 9 | B16: END COVER BOLT | C16: =COVER!B23 -> B8M | D16: 0 | L16: N/A
A17: 10 | B17: COLLAR | C17: =COVER!B24 -> ALBC2 | D17: 0 | L17: N/A
A18: 11 | B18: TOP RETANIER | C18: A240T304 | D18: 1 | H18: =M18 -> 1300 | I18: =H18*D18 -> 1300 | K18: =I18+J18 -> 1300 | L18: Ø89X10T | M18: 1300 | Q18: 완가공 | S18: 400A 2500원 | U18: 450A 2700원
A19: 12 | B19: TOP RETANIER BOLT | C19: =COVER!B26 -> B8M | D19: 2 | H19: =IF(C19="B8",M19,IF(C19="B8M",N19)) -> 200 | I19: =H19*D19 -> 400 | K19: =I19+J19 -> 400 | M19: 200 | N19: 200 | Q19: WRENCH BOLT
A20: 13 | B20: GEAR BOX BOLT | C20: =COVER!B27 -> B8M | D20: 4 | H20: =IF(C20="B8",M20,IF(C20="B8M",N20,IF(C20="B7(다크로)",O20))) -> 400 | I20: =H20*D20 -> 1600 | K20: =I20+J20 -> 1600 | L20: M8X30L | M20: 350 | N20: 400 | O20: 300 | Q20: HEX BOLT
A21: 14 | B21: LEVER | C21: =COVER!C35 -> SUS304 | D21: 1 | H21: =IF(C21="SS400",L21,IF(C21="SUS304",M21)) -> 16000 | I21: =H21*D21 -> 16000 | K21: =I21+J21 -> 16000 | L21: 5400 | M21: 16000
A22: 15 | B22: GEAR BOX | C22: =COVER!B34 -> 10 BAR | D22: 1 | I22: =IF(C22="10 BAR",M22,IF(C22="16 BAR",N22,IF(C22="20 BAR",O22))) -> 98000 | K22: =I22+J22 -> 98000 | M22: 98000 | N22: 98000 | O22: 98000
A23: 16 | B23: PAINT | C23: =COVER!B32 -> 기존 단가 | D23: 1 | H23: =IF(COVER!B9="APPLICATION",0,IF(COVER!B32="기존 단가",L23,IF(COVER!B32="외주 2COATING",M23,IF(COVER!B32="외주 3COATING",N23)))) -> 5000 | I23: =H23 -> 5000 | L23: 5000 | M23: =IF(H6>0,F6*520,IF(H7>0,F7*520,IF(H8>0,F8*520))) -> 3380 | N23: =IF(H6>0,F6*620,IF(H7>0,F7*620,IF(H8>0,F8*620))) -> 4030 | V23: 338 | W23: 260 | X23: =V23/W23 -> 1.3
A24: 17 | B24: 조립.검사 | D24: 1 | H24: =IF(COVER!B9="APPLICATION",0,IF(COVER!B9="N/A",L24)) -> 5000 | I24: =H24 -> 5000 | L24: 5000 | V24: 429 | W24: 330 | X24: =V24/W24 -> 1.3
A25: 18 | B25: 밸브합산(BEAR) | K25: =SUM(K6:K20)+SUM(K23:K24) -> 36390 | L25: "A" | V25: 507 | W25: 390 | X25: =V25/W25 -> 1.3
A26: 18 | B26: 밸브합산(LEVER) | K26: =SUM(K6:K21)+SUM(K23:K24) -> 52390 | L26: "A" | V26: 676 | W26: 520 | X26: =V26/W26 -> 1.3
A27: 18 | B27: 밸브합산(GEAR) | K27: =SUM(K6:K20)+SUM(K22:K24) -> 134390 | L27: "A" | V27: 845 | W27: 650 | X27: =V27/W27 -> 1.3
A28: 19 | B28: STEM CR PLATING | C28: =COVER!B28 -> REQUIRED | D28: 0 | H28: =IF(C28="REQUIRED",L28,IF(C28="N/A",0)) -> 2900 | I28: =H28 -> 2900 | L28: 2900
A29: 20 | B29: RUBBER LINING | D29: 0
A30: 21 | B30: 포장비용 | C30: =COVER!B35 -> MOTOR | D30: 1 | H30: =IF(COVER!B9="APPLICATION",0,IF(COVER!B35="BARE",M30,(IF(COVER!B35="LEVER",M30,IF(COVER!B35="GEAR",N30,IF(COVER!B35="MOTOR",O30)))))) -> 40000 | I30: =H30 -> 40000 | L30: 9500 | M30: 4500 | N30: 4500 | O30: 40000
A31: 22
A32: 23 | B32: 밸브외 사급품 비용 연산 | K32: =SUM(K28:K31) -> 0 | L32: "B"
A33: 24 | B33: VALVE 원가 - BEAR | K33: =K25+K32 -> 36390 | L33: (A+B)
A34: 24 | B34: VALVE 원가 - LEVER | K34: =K26+K32 -> 52390 | L34: (A+B)
A35: 24 | B35: VALVE 원가 - GEAR | K35: =K27+K32 -> 134390 | L35: (A+B)
A36: 25 | B36: FACTOR 금액 - BEAR | I36: FACTOR | J36: 0.7 | K36: =(K25+K32)/J36 -> 51985.714 | L36: (A+B)XFACTOR
A37: 25 | B37: FACTOR 금액 - LEVER | I37: FACTOR | J37: 0.7 | K37: =(K26+K32)/J37 -> 74842.857 | L37: (A+B)XFACTOR
A38: 25 | B38: FACTOR 금액 - GEAR | I38: FACTOR | J38: 0.7 | K38: =(K27+K32)/J38 -> 191985.71 | L38: (A+B)XFACTOR

Sheet 80A
A1: CONCENTRIC BFV 원가 分析表
A3: SIZE | B3: 80A | C3: RATING | D3: #150 | F3: FLANGE DRILLING | I3: ASME B16.5 | J3: FACE TO FACE | K3: ISO575 SER'20(46MM)
J4: O.D(MM) | K4: 190 | L4: 외주가공비 / 단가표(EPC)
A5: NO. | B5: 부품명 | C5: 재질 | D5: 수량 | E5: 규격 | F5: 단중 | G5: 업체 | H5: 단가 | I5: 소계 | J5: 가공비 | K5: 합계 | L5: FC/FCD | M5: SC/WCB (ALBC) | N5: SUS | O5: A890 4A | P5: A890 5A | Q5: DISC 중량(일반) | R5: DISC 중량(고압) | T5: 이전 단가 Table 중량
A6: 1 | B6: BODY(WAFER) | C6: =COVER!B13 -> 0 | D6: 1 | F6: 6 | H6: =COVER!C13 -> 0 | I6: =D6*F6*H6 -> 0 | K6: =I6+J6 -> 0 | L6: 13000 | M6: 19500 | N6: 39000 | T6: 6
A7: 1 | B7: BODY(LUG) | C7: =COVER!B14 -> A536 Gr65-45-12 | D7: 1 | F7: 6 | H7: =COVER!C14 -> 3500 | I7: =D7*F7*H7 -> 21000 | K7: =I7+J7 -> 21000 | L7: 21000 | M7: 31500 | T7: 7.8
A8: 1 | B8: BODY(FLANGE) | C8: =COVER!B15 -> 0 | D8: 1 | F8: 13 | H8: =COVER!C15 -> 0 | I8: =D8*F8*H8 -> 0 | K8: =I8+J8 -> 0 | L8: 23500 | M8: 35250 | T8: 11
A9: 2 | B9: DISC | C9: =COVER!B16 -> A351 CF8M | D9: 1 | F9: =IF(COVER!B34="10 BAR",Q9,IF(COVER!B34="16 BAR",R9,IF(COVER!B34="20 BAR",R9))) -> 0.5 | H9: =COVER!C16 -> 12000 | I9: =D9*F9*H9 -> 6000 | K9: =I9+J9 -> 6000 | L9: 4390 | M9: 4600 | N9: 4600 | O9: 9000 | P9: 13000 | Q9: 0.5 | R9: 0.5 | T9: 0.5 | V9: =P9/M9 -> 2.826087
A10: 3 | B10: SEAT | C10: =COVER!B18 -> EPDM | D10: 1 | F10: 1 | H10: =IF(C10="NBR",L10,IF(C10="EPDM",L10,IF(C10="VITON",M10))) -> 1380 | I10: =H10*F10*D10 -> 1380 | K10: =I10+J10 -> 1380 | L10: 1380 | M10: 14000 | N10: 12000 | O10: N/A | P10: 4000
A11: 4 | B11: STEM(ONE STEM) | C11: =COVER!B17 -> A564T630 | D11: 1 | F11: 0.4 | H11: =COVER!C17 -> 10000 | I11: =D11*F11*H11 -> 4000 | K11: =I11+J11 -> 4000 | L11: Ø16X248L | M11: 3000 | N11: 1100 | Q11: 0.4 | T11: 0.4
A12: 5 | B12: PACKING+GLAND | C12: =COVER!B19 -> NBR | D12: 1 | F12: 1 | H12: =IF(C12="NBR",L12+N12,IF(C12="EPDM",L12+N12,IF(C12="VITON",M12+N12))) -> 290 | I12: =D12*F12*H12 -> 290 | K12: =I12+J12 -> 290 | L12: 120 | M12: 1020 | N12: 170 | V12: =M9/L9 -> 1.047836
A13: 6 | B13: BUSH | D13: 0 | L13: N/A
A14: 7 | B14: DISC BOLT(PIN) | C14: =C11 -> A564T630 | D14: 2 | F14: 1 | H14: =L14 -> 1700 | I14: =D14*F14*H14 -> 3400 | K14: =I14+J14 -> 3400 | L14: 1700
A15: 8 | B15: END COVER (WITH O-RING) | C15: =COVER!B22 -> BODY MATERIAL | D15: 0 | L15: N/A
A16: 9 | B16: END COVER BOLT | C16: =COVER!B23 -> B8M | D16: 0 | L16: N/A
A17: 10 | B17: COLLAR | C17: =COVER!B24 -> ALBC2 | D17: 0 | L17: N/A
A18: 11 | B18: TOP RETANIER | C18: A240T304 | D18: 1 | H18: =M18 -> 1300 | I18: =H18*D18 -> 1300 | K18: =I18+J18 -> 1300 | L18: Ø89X10T | M18: 1300 | Q18: 완가공 | S18: 65970 | T18: =S18/0.7 -> 94242.857 | U18: 450A 2700원
A19: 12 | B19: TOP RETANIER BOLT | C19: =COVER!B26 -> B8M | D19: 2 | H19: =IF(C19="B8",M19,IF(C19="B8M",N19)) -> 200 | I19: =H19*D19 -> 400 | K19: =I19+J19 -> 400 | M19: 200 | N19: 200 | Q19: WRENCH BOLT
A20: 13 | B20: GEAR BOX BOLT | C20: =COVER!B27 -> B8M | D20: 4 | H20: =IF(C20="B8",M20,IF(C20="B8M",N20,IF(C20="B7(다크로)",O20))) -> 400 | I20: =H20*D20 -> 1600 | K20: =I20+J20 -> 1600 | L20: M8X30L | M20: 350 | N20: 400 | O20: 300 | Q20: HEX BOLT
A21: 14 | B21: LEVER | C21: =COVER!C35 -> SUS304 | D21: 1 | H21: =IF(C21="SS400",L21,IF(C21="SUS304",M21)) -> 16000 | I21: =H21*D21 -> 16000 | K21: =I21+J21 -> 16000 | L21: 5400 | M21: 16000
A22: 15 | B22: GEAR BOX | C22: =COVER!B34 -> 10 BAR | D22: 1 | I22: =IF(C22="10 BAR",M22,IF(C22="16 BAR",N22,IF(C22="20 BAR",O22))) -> 98000 | K22: =I22+J22 -> 98000 | M22: 98000 | N22: 98000 | O22: 98000
A23: 16 | B23: PAINT | C23: =COVER!B32 -> 기존 단가 | D23: 1 | H23: =IF(COVER!B9="APPLICATION",0,IF(COVER!B32="기존 단가",L23,IF(COVER!B32="외주 2COATING",M23,IF(COVER!B32="외주 3COATING",N23)))) -> 5000 | I23: =H23 -> 5000 | L23: 5000 | M23: =IF(H6>0,F6*520,IF(H7>0,F7*520,IF(H8>0,F8*520))) -> 3120 | N23: =IF(H6>0,F6*620,IF(H7>0,F7*620,IF(H8>0,F8*620))) -> 3720
A24: 17 | B24: 조립.검사 | D24: 1 | H24: =IF(COVER!B9="APPLICATION",0,IF(COVER!B9="N/A",L24)) -> 5000 | I24: =H24 -> 5000 | L24: 5000
A25: 18 | B25: 밸브합산(BEAR) | K25: =SUM(K6:K20)+SUM(K23:K24) -> 39370 | L25: "A"
A26: 18 | B26: 밸브합산(LEVER) | K26: =SUM(K6:K21)+SUM(K23:K24) -> 55370 | L26: "A"
A27: 18 | B27: 밸브합산(GEAR) | K27: =SUM(K6:K20)+SUM(K22:K24) -> 137370 | L27: "A"
A28: 19 | B28: STEM CR PLATING | C28: =COVER!B28 -> REQUIRED | D28: 0 | H28: =IF(C28="REQUIRED",L28,IF(C28="N/A",0)) -> 3800 | I28: =H28 -> 3800 | L28: 3800
A29: 20 | B29: RUBBER LINING | D29: 0
A30: 21 | B30: 포장비용 | C30: =COVER!B35 -> MOTOR | D30: 1 | H30: =IF(COVER!B9="APPLICATION",0,IF(COVER!B35="BARE",M30,(IF(COVER!B35="LEVER",M30,IF(COVER!B35="GEAR",N30,IF(COVER!B35="MOTOR",O30)))))) -> 45000 | I30: =H30 -> 45000 | L30: 10000 | M30: 4500 | N30: 4500 | O30: 45000
A31: 22
A32: 23 | B32: 밸브외 사급품 비용 연산 | K32: =SUM(K28:K31) -> 0 | L32: "B"
A33: 24 | B33: VALVE 원가 - BEAR | K33: =K25+K32 -> 39370 | L33: (A+B)
A34: 24 | B34: VALVE 원가 - LEVER | K34: =K26+K32 -> 55370 | L34: (A+B)
A35: 24 | B35: VALVE 원가 - GEAR | K35: =K27+K32 -> 137370 | L35: (A+B)
A36: 25 | B36: FACTOR 금액 - BEAR | I36: FACTOR | J36: 0.7 | K36: =(K25+K32)/J36 -> 56242.857 | L36: (A+B)XFACTOR
A37: 25 | B37: FACTOR 금액 - LEVER | I37: FACTOR | J37: 0.7 | K37: =(K26+K32)/J37 -> 79100 | L37: (A+B)XFACTOR
A38: 25 | B38: FACTOR 금액 - GEAR | I38: FACTOR | J38: 0.7 | K38: =(K27+K32)/J38 -> 196242.86 | L38: (A+B)XFACTOR

Sheet 100A
A1: CONCENTRIC BFV 원가 分析表
A3: SIZE | B3: 100A | C3: RATING | D3: #150 | F3: FLANGE DRILLING | I3: ASME B16.5 | J3: FACE TO FACE | K3: ISO575 SER'20(46MM)
J4: O.D(MM) | K4: 190 | L4: 외주가공비 / 단가표(EPC)
A5: NO. | B5: 부품명 | C5: 재질 | D5: 수량 | E5: 규격 | F5: 단중 | G5: 업체 | H5: 단가 | I5: 소계 | J5: 가공비 | K5: 합계 | L5: FC/FCD | M5: SC/WCB (ALBC) | N5: SUS | O5: A890 4A | P5: A890 5A | Q5: DISC 중량(일반) | R5: DISC 중량(고압) | T5: 이전 단가 Table 중량
A6: 1 | B6: BODY(WAFER) | C6: =COVER!B13 -> 0 | D6: 1 | F6: 7.5 | H6: =COVER!C13 -> 0 | I6: =D6*F6*H6 -> 0 | K6: =I6+J6 -> 0 | L6: 13000 | M6: 19500 | N6: 39000 | T6: 6
A7: 1 | B7: BODY(LUG) | C7: =COVER!B14 -> A536 Gr65-45-12 | D7: 1 | F7: 13 | H7: =COVER!C14 -> 3500 | I7: =D7*F7*H7 -> 45500 | K7: =I7+J7 -> 45500 | L7: 21000 | M7: 31500 | T7: 7.8
A8: 1 | B8: BODY(FLANGE) | C8: =COVER!B15 -> 0 | D8: 1 | F8: 16 | H8: =COVER!C15 -> 0 | I8: =D8*F8*H8 -> 0 | K8: =I8+J8 -> 0 | L8: 23500 | M8: 35250 | T8: 11
A9: 2 | B9: DISC | C9: =COVER!B16 -> A351 CF8M | D9: 1 | F9: 1 | H9: =COVER!C16 -> 12000 | I9: =D9*F9*H9 -> 12000 | K9: =I9+J9 -> 12000 | L9: 4390 | M9: 4600 | N9: 4600 | O9: 9000 | P9: 13000 | Q9: 0.5 | R9: 0.5 | T9: 0.5 | V9: =P9/M9 -> 2.826087
A10: 3 | B10: SEAT | C10: =COVER!B18 -> EPDM | D10: 1 | F10: 1 | H10: =IF(C10="NBR",L10,IF(C10="EPDM",L10,IF(C10="VITON",M10))) -> 1380 | I10: =H10*F10*D10 -> 1380 | K10: =I10+J10 -> 1380 | L10: 1380 | M10: 14000 | N10: 12000 | O10: N/A | P10: 4000
A11: 4 | B11: STEM(ONE STEM) | C11: =COVER!B17 -> A564T630 | D11: 1 | F11: 0.45 | H11: =COVER!C17 -> 10000 | I11: =D11*F11*H11 -> 4500 | K11: =I11+J11 -> 4500 | L11: Ø16X248L | M11: 3000 | N11: 1100 | Q11: 0.4 | T11: 0.4
A12: 5 | B12: PACKING+GLAND | C12: =COVER!B19 -> NBR | D12: 1 | F12: 1 | H12: =IF(C12="NBR",L12+N12,IF(C12="EPDM",L12+N12,IF(C12="VITON",M12+N12))) -> 290 | I12: =D12*F12*H12 -> 290 | K12: =I12+J12 -> 290 | L12: 120 | M12: 1020 | N12: 170 | V12: =M9/L9 -> 1.047836
A13: 6 | B13: BUSH | D13: 0 | L13: N/A
A14: 7 | B14: DISC BOLT(PIN) | C14: =C11 -> A564T630 | D14: 2 | F14: 1 | H14: =L14 -> 1700 | I14: =D14*F14*H14 -> 3400 | K14: =I14+J14 -> 3400 | L14: 1700
A15: 8 | B15: END COVER (WITH O-RING) | C15: =COVER!B22 -> BODY MATERIAL | D15: 0 | L15: N/A
A16: 9 | B16: END COVER BOLT | C16: =COVER!B23 -> B8M | D16: 0 | L16: N/A
A17: 10 | B17: COLLAR | C17: =COVER!B24 -> ALBC2 | D17: 0 | L17: N/A
A18: 11 | B18: TOP RETANIER | C18: A240T304 | D18: 1 | H18: =M18 -> 1300 | I18: =H18*D18 -> 1300 | K18: =I18+J18 -> 1300 | L18: Ø89X10T | M18: 1300 | Q18: 완가공 | S18: 65970 | T18: =S18/0.7 -> 94242.857 | U18: 450A 2700원
A19: 12 | B19: TOP RETANIER BOLT | C19: =COVER!B26 -> B8M | D19: 2 | H19: =IF(C19="B8",M19,IF(C19="B8M",N19)) -> 200 | I19: =H19*D19 -> 400 | K19: =I19+J19 -> 400 | M19: 200 | N19: 200 | Q19: WRENCH BOLT
A20: 13 | B20: GEAR BOX BOLT | C20: =COVER!B27 -> B8M | D20: 4 | H20: =IF(C20="B8",M20,IF(C20="B8M",N20,IF(C20="B7(다크로)",O20))) -> 400 | I20: =H20*D20 -> 1600 | K20: =I20+J20 -> 1600 | L20: M8X30L | M20: 350 | N20: 400 | O20: 300 | Q20: HEX BOLT
A21: 14 | B21: LEVER | C21: =COVER!C35 -> SUS304 | D21: 1 | H21: =IF(C21="SS400",L21,IF(C21="SUS304",M21)) -> 16000 | I21: =H21*D21 -> 16000 | K21: =I21+J21 -> 16000 | L21: 5400 | M21: 16000
A22: 15 | B22: GEAR BOX | C22: =COVER!B34 -> 10 BAR | D22: 1 | I22: =IF(C22="10 BAR",M22,IF(C22="16 BAR",N22,IF(C22="20 BAR",O22))) -> 98000 | K22: =I22+J22 -> 98000 | M22: 98000 | N22: 98000 | O22: 98000
A23: 16 | B23: PAINT | C23: =COVER!B32 -> 기존 단가 | D23: 1 | H23: =IF(COVER!B9="APPLICATION",0,IF(COVER!B32="기존 단가",L23,IF(COVER!B32="외주 2COATING",M23,IF(COVER!B32="외주 3COATING",N23)))) -> 5000 | I23: =H23 -> 5000 | L23: 5000 | M23: =IF(H6>0,F6*520,IF(H7>0,F7*520,IF(H8>0,F8*520))) -> 6760 | N23: =IF(H6>0,F6*620,IF(H7>0,F7*620,IF(H8>0,F8*620))) -> 8060
A24: 17 | B24: 조립.검사 | D24: 1 | H24: =IF(COVER!B9="APPLICATION",0,IF(COVER!B9="N/A",L24)) -> 5000 | I24: =H24 -> 5000 | L24: 5000
A25: 18 | B25: 밸브합산(BEAR) | K25: =SUM(K6:K20)+SUM(K23:K24) -> 70370 | L25: "A"
A26: 18 | B26: 밸브합산(LEVER) | K26: =SUM(K6:K21)+SUM(K23:K24) -> 86370 | L26: "A"
A27: 18 | B27: 밸브합산(GEAR) | K27: =SUM(K6:K20)+SUM(K22:K24) -> 168370 | L27: "A"
A28: 19 | B28: STEM CR PLATING | C28: =COVER!B28 -> REQUIRED | D28: 0 | H28: =IF(C28="REQUIRED",L28,IF(C28="N/A",0)) -> 3800 | I28: =H28 -> 3800 | L28: 3800
A29: 20 | B29: RUBBER LINING | D29: 0
A30: 21 | B30: 포장비용 | C30: =COVER!B35 -> MOTOR | D30: 1 | H30: =IF(COVER!B9="APPLICATION",0,IF(COVER!B35="BARE",M30,(IF(COVER!B35="LEVER",M30,IF(COVER!B35="GEAR",N30,IF(COVER!B35="MOTOR",O30)))))) -> 45000 | I30: =H30 -> 45000 | L30: 10000 | M30: 4500 | N30: 4500 | O30: 45000
A31: 22
A32: 23 | B32: 밸브외 사급품 비용 연산 | K32: =SUM(K28:K31) -> 0 | L32: "B"
A33: 24 | B33: VALVE 원가 - BEAR | K33: =K25+K32 -> 70370 | L33: (A+B)
A34: 24 | B34: VALVE 원가 - LEVER | K34: =K26+K32 -> 86370 | L34: (A+B)
A35: 24 | B35: VALVE 원가 - GEAR | K35: =K27+K32 -> 168370 | L35: (A+B)
A36: 25 | B36: FACTOR 금액 - BEAR | I36: FACTOR | J36: 0.7 | K36: =(K25+K32)/J36 -> 100528.57 | L36: (A+B)XFACTOR
A37: 25 | B37: FACTOR 금액 - LEVER | I37: FACTOR | J37: 0.7 | K37: =(K26+K32)/J37 -> 123385.71 | L37: (A+B)XFACTOR
A38: 25 | B38: FACTOR 금액 - GEAR | I38: FACTOR | J38: 0.7 | K38: =(K27+K32)/J38 -> 240528.57 | L38: (A+B)XFACTOR

Sheet 125A
A1: CONCENTRIC BFV 원가 分析表
A3: SIZE | B3: 125A | C3: RATING | D3: #150 | F3: FLANGE DRILLING | I3: ASME B16.5 | J3: FACE TO FACE | K3: ISO575 SER'20(56MM)
J4: O.D(MM) | K4: 255 | L4: 외주가공비 / 단가표(EPC)
A5: NO. | B5: 부품명 | C5: 재질 | D5: 수량 | E5: 규격 | F5: 단중 | G5: 업체 | H5: 단가 | I5: 소계 | J5: 가공비 | K5: 합계 | L5: FC/FCD | M5: SC/WCB (ALBC) | N5: SUS | O5: A890 4A | P5: A890 5A | Q5: DISC 중량(일반) | R5: DISC 중량(고압) | T5: 이전 단가 Table 중량
A6: 1 | B6: BODY(WAFER) | C6: =COVER!B13 -> 0 | D6: 1 | F6: 9 | H6: =COVER!C13 -> 0 | I6: =D6*F6*H6 -> 0 | K6: =I6+J6 -> 0 | L6: 16000 | M6: 24000 | N6: 48000 | T6: 8
A7: 1 | B7: BODY(LUG) | C7: =COVER!B14 -> A536 Gr65-45-12 | D7: 1 | F7: 13 | H7: =COVER!C14 -> 3500 | I7: =D7*F7*H7 -> 45500 | K7: =I7+J7 -> 45500 | L7: 25000 | M7: 37500 | T7: 11
A8: 1 | B8: BODY(FLANGE) | C8: =COVER!B15 -> 0 | D8: 1 | F8: 22 | H8: =COVER!C15 -> 0 | I8: =D8*F8*H8 -> 0 | K8: =I8+J8 -> 0 | L8: 28100 | M8: 42150 | T8: 20.5
A9: 2 | B9: DISC | C9: =COVER!B16 -> A351 CF8M | D9: 1 | F9: =IF(COVER!B34="10 BAR",Q9,IF(COVER!B34="16 BAR",R9,IF(COVER!B34="20 BAR",R9))) -> 1.3 | H9: =COVER!C16 -> 12000 | I9: =D9*F9*H9 -> 15600 | K9: =I9+J9 -> 15600 | L9: 5450 | M9: 5500 | N9: 6000 | O9: =P9*0.8 -> 13600 | P9: 17000 | Q9: 1.3 | R9: 1.3 | T9: 1.3
A10: 3 | B10: SEAT | C10: =COVER!B18 -> EPDM | D10: 1 | F10: 1 | H10: =IF(C10="NBR",L10,IF(C10="EPDM",L10,IF(C10="VITON",M10))) -> 2760 | I10: =H10*F10*D10 -> 2760 | K10: =I10+J10 -> 2760 | L10: 2760 | M10: 28000 | N10: 20000 | O10: N/A | P10: N/A
A11: 4 | B11: STEM(ONE STEM) | C11: =COVER!B17 -> A564T630 | D11: 1 | F11: 0.7 | H11: =COVER!C17 -> 10000 | I11: =D11*F11*H11 -> 7000 | K11: =I11+J11 -> 7000 | L11: Ø19X308L | M11: 3000 | N11: 1350 | Q11: 0.7 | T11: 0.6
A12: 5 | B12: PACKING+GLAND | C12: =COVER!B19 -> NBR | D12: 1 | F12: 1 | H12: =IF(C12="NBR",L12+N12,IF(C12="EPDM",L12+N12,IF(C12="VITON",M12+N12))) -> 310 | I12: =D12*F12*H12 -> 310 | K12: =I12+J12 -> 310 | L12: 130 | M12: 1090 | N12: 180 | V12: =M9/L9 -> 1.0091743
A13: 6 | B13: BUSH | D13: 0 | L13: N/A
A14: 7 | B14: DISC BOLT(PIN) | C14: =C11 -> A564T630 | D14: 2 | F14: 1 | H14: =L14 -> 1900 | I14: =D14*F14*H14 -> 3800 | K14: =I14+J14 -> 3800 | L14: 1900
A15: 8 | B15: END COVER (WITH O-RING) | C15: =COVER!B22 -> BODY MATERIAL | D15: 0 | L15: N/A
A16: 9 | B16: END COVER BOLT | C16: =COVER!B23 -> B8M | D16: 0 | L16: N/A
A17: 10 | B17: COLLAR | C17: =COVER!B24 -> ALBC2 | D17: 0 | L17: N/A
A18: 11 | B18: TOP RETANIER | C18: A240T304 | D18: 1 | H18: =M18 -> 1300 | I18: =H18*D18 -> 1300 | K18: =I18+J18 -> 1300 | L18: Ø89X10T | M18: 1300 | Q18: 완가공
A19: 12 | B19: TOP RETANIER BOLT | C19: =COVER!B26 -> B8M | D19: 2 | H19: =IF(C19="B8",M19,IF(C19="B8M",N19)) -> 200 | I19: =H19*D19 -> 400 | K19: =I19+J19 -> 400 | M19: 200 | N19: 200 | Q19: WRENCH BOLT
A20: 13 | B20: GEAR BOX BOLT | C20: =COVER!B27 -> B8M | D20: 4 | H20: =IF(C20="B8",M20,IF(C20="B8M",N20,IF(C20="B7(다크로)",O20))) -> 400 | I20: =H20*D20 -> 1600 | K20: =I20+J20 -> 1600 | L20: M8X30L | M20: 350 | N20: 400 | O20: 300 | Q20: HEX BOLT
A21: 14 | B21: LEVER | C21: =COVER!C35 -> SUS304 | D21: 1 | H21: =IF(C21="SS400",L21,IF(C21="SUS304",M21)) -> 17000 | I21: =H21*D21 -> 17000 | K21: =I21+J21 -> 17000 | L21: 5800 | M21: 17000
A22: 15 | B22: GEAR BOX | C22: =COVER!B34 -> 10 BAR | D22: 1 | I22: =IF(C22="10 BAR",M22,IF(C22="16 BAR",N22,IF(C22="20 BAR",O22))) -> 98000 | K22: =I22+J22 -> 98000 | M22: 98000 | N22: 98000 | O22: 98000
A23: 16 | B23: PAINT | C23: =COVER!B32 -> 기존 단가 | D23: 1 | H23: =IF(COVER!B9="APPLICATION",0,IF(COVER!B32="기존 단가",L23,IF(COVER!B32="외주 2COATING",M23,IF(COVER!B32="외주 3COATING",N23)))) -> 7500 | I23: =H23 -> 7500 | L23: 7500 | M23: =IF(H6>0,F6*520,IF(H7>0,F7*520,IF(H8>0,F8*520))) -> 6760 | N23: =IF(H6>0,F6*620,IF(H7>0,F7*620,IF(H8>0,F8*620))) -> 8060
A24: 17 | B24: 조립.검사 | D24: 1 | H24: =IF(COVER!B9="APPLICATION",0,IF(COVER!B9="N/A",L24)) -> 7500 | I24: =H24 -> 7500 | L24: 7500
A25: 18 | B25: 밸브합산(BEAR) | K25: =SUM(K6:K20)+SUM(K23:K24) -> 78270 | L25: "A"
A26: 18 | B26: 밸브합산(LEVER) | K26: =SUM(K6:K21)+SUM(K23:K24) -> 95270 | L26: "A"
A27: 18 | B27: 밸브합산(GEAR) | K27: =SUM(K6:K20)+SUM(K22:K24) -> 176270 | L27: "A"
A28: 19 | B28: STEM CR PLATING | C28: =COVER!B28 -> REQUIRED | D28: 0 | H28: =IF(C28="REQUIRED",L28,IF(C28="N/A",0)) -> 5750 | I28: =H28 -> 5750 | L28: 5750
A29: 20 | B29: RUBBER LINING | D29: 0
A30: 21 | B30: 포장비용 | C30: =COVER!B35 -> MOTOR | D30: 1 | H30: =IF(COVER!B9="APPLICATION",0,IF(COVER!B35="BARE",M30,(IF(COVER!B35="LEVER",M30,IF(COVER!B35="GEAR",N30,IF(COVER!B35="MOTOR",O30)))))) -> 50000 | I30: =H30 -> 50000 | L30: 14000 | M30: 5000 | N30: 5000 | O30: 50000
A31: 22
A32: 23 | B32: 밸브외 사급품 비용 연산 | K32: =SUM(K28:K31) -> 0 | L32: "B"
A33: 24 | B33: VALVE 원가 - BEAR | K33: =K25+K32 -> 78270 | L33: (A+B)
A34: 24 | B34: VALVE 원가 - LEVER | K34: =K26+K32 -> 95270 | L34: (A+B)
A35: 24 | B35: VALVE 원가 - GEAR | K35: =K27+K32 -> 176270 | L35: (A+B)
A36: 25 | B36: FACTOR 금액 - BEAR | I36: FACTOR | J36: 0.7 | K36: =(K25+K32)/J36 -> 111814.29 | L36: (A+B)XFACTOR
A37: 25 | B37: FACTOR 금액 - LEVER | I37: FACTOR | J37: 0.7 | K37: =(K26+K32)/J37 -> 136100 | L37: (A+B)XFACTOR
A38: 25 | B38: FACTOR 금액 - GEAR | I38: FACTOR | J38: 0.7 | K38: =(K27+K32)/J38 -> 251814.29 | L38: (A+B)XFACTOR

Sheet 150A
A1: CONCENTRIC BFV 원가 分析表
A3: SIZE | B3: 150A | C3: RATING | D3: #150 | F3: FLANGE DRILLING | I3: ASME B16.5 | J3: FACE TO FACE | K3: ISO575 SER'20(56MM)
J4: O.D(MM) | K4: 280 | L4: 외주가공비 / 단가표(EPC)
A5: NO. | B5: 부품명 | C5: 재질 | D5: 수량 | E5: 규격 | F5: 단중 | G5: 업체 | H5: 단가 | I5: 소계 | J5: 가공비 | K5: 합계 | L5: FC/FCD | M5: SC/WCB (ALBC) | N5: SUS | O5: A890 4A | P5: A890 5A | Q5: DISC 중량(일반) | R5: DISC 중량(고압) | T5: 이전 단가 Table 중량
A6: 1 | B6: BODY(WAFER) | C6: =COVER!B13 -> 0 | D6: 1 | F6: 11 | H6: =COVER!C13 -> 0 | I6: =D6*F6*H6 -> 0 | K6: =I6+J6 -> 0 | L6: 16000 | M6: 24000 | N6: 48000 | T6: 9.5
A7: 1 | B7: BODY(LUG) | C7: =COVER!B14 -> A536 Gr65-45-12 | D7: 1 | F7: 17.5 | H7: =COVER!C14 -> 3500 | I7: =D7*F7*H7 -> 61250 | K7: =I7+J7 -> 61250 | L7: 25000 | M7: 37500 | T7: 13
A8: 1 | B8: BODY(FLANGE) | C8: =COVER!B15 -> 0 | D8: 1 | F8: 34 | H8: =COVER!C15 -> 0 | I8: =D8*F8*H8 -> 0 | K8: =I8+J8 -> 0 | L8: 30000 | M8: 45000 | T8: 23.5
A9: 2 | B9: DISC | C9: =COVER!B16 -> A351 CF8M | D9: 1 | F9: =IF(COVER!B34="10 BAR",Q9,IF(COVER!B34="16 BAR",R9,IF(COVER!B34="20 BAR",R9))) -> 1.6 | H9: =COVER!C16 -> 12000 | I9: =D9*F9*H9 -> 19200 | K9: =I9+J9 -> 19200 | L9: 5580 | M9: 5500 | N9: 6000 | O9: 13000 | P9: =O9*1.25 -> 16250 | Q9: 1.6 | R9: 3.2 | T9: 1.7 | V9: =P9/M9 -> 2.9545455
A10: 3 | B10: SEAT | C10: =COVER!B18 -> EPDM | D10: 1 | F10: 1 | H10: =IF(C10="NBR",L10,IF(C10="EPDM",L10,IF(C10="VITON",M10))) -> 3795 | I10: =H10*F10*D10 -> 3795 | K10: =I10+J10 -> 3795 | L10: 3795 | M10: 40000 | N10: 25000 | O10: 8800 | P10: 5200
A11: 4 | B11: STEM(ONE STEM) | C11: =COVER!B17 -> A564T630 | D11: 1 | F11: 0.77 | H11: =COVER!C17 -> 10000 | I11: =D11*F11*H11 -> 7700 | K11: =I11+J11 -> 7700 | L11: Ø19X340L | M11: 3000 | N11: 1350 | Q11: 0.77 | T11: 0.7
A12: 5 | B12: PACKING+GLAND | C12: =COVER!B19 -> NBR | D12: 1 | F12: 1 | H12: =IF(C12="NBR",L12+N12,IF(C12="EPDM",L12+N12,IF(C12="VITON",M12+N12))) -> 310 | I12: =D12*F12*H12 -> 310 | K12: =I12+J12 -> 310 | L12: 130 | M12: 1090 | N12: 180 | V12: =M9/L9 -> 0.98566308
A13: 6 | B13: BUSH | D13: 0 | L13: N/A
A14: 7 | B14: DISC BOLT(PIN) | C14: =C11 -> A564T630 | D14: 2 | F14: 1 | H14: =L14 -> 1900 | I14: =D14*F14*H14 -> 3800 | K14: =I14+J14 -> 3800 | L14: 1900
A15: 8 | B15: END COVER (WITH O-RING) | C15: =COVER!B22 -> BODY MATERIAL | D15: 0 | L15: N/A
A16: 9 | B16: END COVER BOLT | C16: =COVER!B23 -> B8M | D16: 0 | L16: N/A
A17: 10 | B17: COLLAR | C17: =COVER!B24 -> ALBC2 | D17: 0 | L17: N/A
A18: 11 | B18: TOP RETANIER | C18: A240T304 | D18: 1 | H18: =M18 -> 1300 | I18: =H18*D18 -> 1300 | K18: =I18+J18 -> 1300 | L18: Ø89X10T | M18: 1300 | Q18: 완가공
A19: 12 | B19: TOP RETANIER BOLT | C19: =COVER!B26 -> B8M | D19: 2 | H19: =IF(C19="B8",M19,IF(C19="B8M",N19)) -> 200 | I19: =H19*D19 -> 400 | K19: =I19+J19 -> 400 | M19: 200 | N19: 200 | Q19: WRENCH BOLT
A20: 13 | B20: GEAR BOX BOLT | C20: =COVER!B27 -> B8M | D20: 4 | H20: =IF(C20="B8",M20,IF(C20="B8M",N20,IF(C20="B7(다크로)",O20))) -> 400 | I20: =H20*D20 -> 1600 | K20: =I20+J20 -> 1600 | L20: M8X30L | M20: 350 | N20: 400 | O20: 300 | Q20: HEX BOLT | T20: 182420 | U20: =T20/0.7 -> 260600
A21: 14 | B21: LEVER | C21: =COVER!C35 -> SUS304 | D21: 1 | H21: =IF(C21="SS400",L21,IF(C21="SUS304",M21)) -> 17000 | I21: =H21*D21 -> 17000 | K21: =I21+J21 -> 17000 | L21: 5800 | M21: 17000
A22: 15 | B22: GEAR BOX | C22: =COVER!B34 -> 10 BAR | D22: 1 | I22: =IF(C22="10 BAR",M22,IF(C22="16 BAR",N22,IF(C22="20 BAR",O22))) -> 98000 | K22: =I22+J22 -> 98000 | M22: 98000 | N22: 98000 | O22: 98000
A23: 16 | B23: PAINT | C23: =COVER!B32 -> 기존 단가 | D23: 1 | H23: =IF(COVER!B9="APPLICATION",0,IF(COVER!B32="기존 단가",L23,IF(COVER!B32="외주 2COATING",M23,IF(COVER!B32="외주 3COATING",N23)))) -> 10500 | I23: =H23 -> 10500 | L23: 10500 | M23: =IF(H6>0,F6*520,IF(H7>0,F7*520,IF(H8>0,F8*520))) -> 9100 | N23: =IF(H6>0,F6*620,IF(H7>0,F7*620,IF(H8>0,F8*620))) -> 10850
A24: 17 | B24: 조립.검사 | D24: 1 | H24: =IF(COVER!B9="APPLICATION",0,IF(COVER!B9="N/A",L24)) -> 10500 | I24: =H24 -> 10500 | L24: 10500
A25: 18 | B25: 밸브합산(BEAR) | K25: =SUM(K6:K20)+SUM(K23:K24) -> 99355 | L25: "A"
A26: 18 | B26: 밸브합산(LEVER) | K26: =SUM(K6:K21)+SUM(K23:K24) -> 116355 | L26: "A"
A27: 18 | B27: 밸브합산(GEAR) | K27: =SUM(K6:K20)+SUM(K22:K24) -> 197355 | L27: "A"
A28: 19 | B28: STEM CR PLATING | C28: =COVER!B28 -> REQUIRED | D28: 0 | H28: =IF(C28="REQUIRED",L28,IF(C28="N/A",0)) -> 6000 | I28: =H28 -> 6000 | L28: 6000
A29: 20 | B29: RUBBER LINING | D29: 0
A30: 21 | B30: 포장비용 | C30: =COVER!B35 -> MOTOR | D30: 1 | H30: =IF(COVER!B9="APPLICATION",0,IF(COVER!B35="BARE",M30,(IF(COVER!B35="LEVER",M30,IF(COVER!B35="GEAR",N30,IF(COVER!B35="MOTOR",O30)))))) -> 50000 | I30: =H30 -> 50000 | L30: 15000 | M30: 5000 | N30: 5000 | O30: 50000
A31: 22
A32: 23 | B32: 밸브외 사급품 비용 연산 | K32: =SUM(K28:K31) -> 0 | L32: "B"
A33: 24 | B33: VALVE 원가 - BEAR | K33: =K25+K32 -> 99355 | L33: (A+B)
A34: 24 | B34: VALVE 원가 - LEVER | K34: =K26+K32 -> 116355 | L34: (A+B)
A35: 24 | B35: VALVE 원가 - GEAR | K35: =K27+K32 -> 197355 | L35: (A+B)
A36: 25 | B36: FACTOR 금액 - BEAR | I36: FACTOR | J36: 0.7 | K36: =(K25+K32)/J36 -> 141935.71 | L36: (A+B)XFACTOR
A37: 25 | B37: FACTOR 금액 - LEVER | I37: FACTOR | J37: 0.7 | K37: =(K26+K32)/J37 -> 166221.43 | L37: (A+B)XFACTOR
A38: 25 | B38: FACTOR 금액 - GEAR | I38: FACTOR | J38: 0.7 | K38: =(K27+K32)/J38 -> 281935.71 | L38: (A+B)XFACTOR

Sheet 200A
A1: CONCENTRIC BFV 원가 分析表
A3: SIZE | B3: 200A | C3: RATING | D3: #150 | F3: FLANGE DRILLING | I3: ASME B16.5 | J3: FACE TO FACE | K3: ISO575 SER'20(60MM)
J4: O.D(MM) | K4: 345 | L4: 외주가공비 / 단가표(EPC)
A5: NO. | B5: 부품명 | C5: 재질 | D5: 수량 | E5: 규격 | F5: 단중 | G5: 업체 | H5: 단가 | I5: 소계 | J5: 가공비 | K5: 합계 | L5: FC/FCD | M5: SC/WCB (ALBC) | N5: SUS | O5: A890 4A | P5: A890 5A | Q5: DISC 중량(일반) | R5: DISC 중량(고압) | T5: 이전 단가 Table 중량
A6: 1 | B6: BODY(WAFER) | C6: =COVER!B13 -> 0 | D6: 1 | F6: 15 | H6: =COVER!C13 -> 0 | I6: =D6*F6*H6 -> 0 | K6: =I6+J6 -> 0 | L6: 22000 | M6: 33000 | N6: 66000 | T6: 13
A7: 1 | B7: BODY(LUG) | C7: =COVER!B14 -> A536 Gr65-45-12 | D7: 1 | F7: 23 | H7: =COVER!C14 -> 3500 | I7: =D7*F7*H7 -> 80500 | K7: =I7+J7 -> 80500 | L7: 36000 | M7: 54000 | T7: 16.5
A8: 1 | B8: BODY(FLANGE) | C8: =COVER!B15 -> 0 | D8: 1 | F8: 34 | H8: =COVER!C15 -> 0 | I8: =D8*F8*H8 -> 0 | K8: =I8+J8 -> 0 | L8: 42100 | M8: 63150 | T8: 33
A9: 2 | B9: DISC | C9: =COVER!B16 -> A351 CF8M | D9: 1 | F9: =IF(COVER!B34="10 BAR",Q9,IF(COVER!B34="16 BAR",R9,IF(COVER!B34="20 BAR",R9))) -> 3.4 | H9: =COVER!C16 -> 12000 | I9: =D9*F9*H9 -> 40800 | K9: =I9+J9 -> 40800 | L9: 9700 | M9: 8000 | N9: 9000 | O9: 17000 | P9: 21000 | Q9: 3.4 | R9: 6 | T9: 4 | V9: =P9/M9 -> 2.625
A10: 3 | B10: SEAT | C10: =COVER!B18 -> EPDM | D10: 1 | F10: 1 | H10: =IF(C10="NBR",L10,IF(C10="EPDM",L10,IF(C10="VITON",M10))) -> 5348 | I10: =H10*F10*D10 -> 5348 | K10: =I10+J10 -> 5348 | L10: 5348 | M10: 80000 | N10: 30000 | O10: 9000 | P10: 8000
A11: 4 | B11: STEM(ONE STEM) | C11: =COVER!B17 -> A564T630 | D11: 1 | F11: 1.23 | H11: =COVER!C17 -> 10000 | I11: =D11*F11*H11 -> 12300 | K11: =I11+J11 -> 12300 | L11: Ø22X405L | M11: 3500 | N11: 1700 | Q11: 1.23 | T11: 0.9
A12: 5 | B12: PACKING+GLAND | C12: =COVER!B19 -> NBR | D12: 1 | F12: 1 | H12: =IF(C12="NBR",L12+N12,IF(C12="EPDM",L12+N12,IF(C12="VITON",M12+N12))) -> 330 | I12: =D12*F12*H12 -> 330 | K12: =I12+J12 -> 330 | L12: 140 | M12: 1140 | N12: 190 | V12: =M9/L9 -> 0.82474227
A13: 6 | B13: BUSH | D13: 0 | L13: N/A
A14: 7 | B14: DISC BOLT(PIN) | C14: =C11 -> A564T630 | D14: 2 | F14: 1 | H14: =L14 -> 2100 | I14: =D14*F14*H14 -> 4200 | K14: =I14+J14 -> 4200 | L14: 2100
A15: 8 | B15: END COVER (WITH O-RING) | C15: =COVER!B22 -> BODY MATERIAL | D15: 0 | L15: N/A
A16: 9 | B16: END COVER BOLT | C16: =COVER!B23 -> B8M | D16: 0 | L16: N/A
A17: 10 | B17: COLLAR | C17: =COVER!B24 -> ALBC2 | D17: 0 | L17: N/A
A18: 11 | B18: TOP RETANIER | C18: A240T304 | D18: 1 | H18: =M18 -> 1300 | I18: =H18*D18 -> 1300 | K18: =I18+J18 -> 1300 | L18: Ø57X1.5T | M18: 1300 | Q18: 완가공
A19: 12 | B19: TOP RETANIER BOLT | C19: =COVER!B26 -> B8M | D19: 2 | H19: =IF(C19="B8",M19,IF(C19="B8M",N19)) -> 200 | I19: =H19*D19 -> 400 | K19: =I19+J19 -> 400 | M19: 200 | N19: 200 | Q19: WRENCH BOLT
A20: 13 | B20: GEAR BOX BOLT | C20: =COVER!B27 -> B8M | D20: 4 | H20: =IF(C20="B8",M20,IF(C20="B8M",N20,IF(C20="B7(다크로)",O20))) -> 400 | I20: =H20*D20 -> 1600 | K20: =I20+J20 -> 1600 | L20: M8X30L | M20: 350 | N20: 400 | O20: 300 | Q20: HEX BOLT | U20: 390403 | V20: =U20/0.7 -> 557718.57
A21: 14 | B21: LEVER | C21: SUS | D21: 1 | L21: N/A
A22: 15 | B22: GEAR BOX | C22: =COVER!B34 -> 10 BAR | D22: 1 | I22: =IF(C22="10 BAR",M22,IF(C22="16 BAR",N22,IF(C22="20 BAR",O22))) -> 98000 | K22: =I22+J22 -> 98000 | M22: 98000 | N22: 98000 | O22: 98000
A23: 16 | B23: PAINT | C23: =COVER!B32 -> 기존 단가 | D23: 1 | H23: =IF(COVER!B9="APPLICATION",0,IF(COVER!B32="기존 단가",L23,IF(COVER!B32="외주 2COATING",M23,IF(COVER!B32="외주 3COATING",N23)))) -> 12500 | I23: =H23 -> 12500 | L23: 12500 | M23: =IF(H6>0,F6*520,IF(H7>0,F7*520,IF(H8>0,F8*520))) -> 11960 | N23: =IF(H6>0,F6*620,IF(H7>0,F7*620,IF(H8>0,F8*620))) -> 14260
A24: 17 | B24: 조립.검사 | D24: 1 | H24: =IF(COVER!B9="APPLICATION",0,IF(COVER!B9="N/A",L24)) -> 12500 | I24: =H24 -> 12500 | L24: 12500
A25: 18 | B25: 밸브합산(BEAR) | K25: =SUM(K6:K20)+SUM(K23:K24) -> 146778 | L25: "A"
A26: 18 | B26: 밸브합산(LEVER) | K26: =SUM(K6:K21)+SUM(K23:K24) -> 146778 | L26: "A"
A27: 18 | B27: 밸브합산(GEAR) | K27: =SUM(K6:K20)+SUM(K22:K24) -> 244778 | L27: "A"
A28: 19 | B28: STEM CR PLATING | C28: =COVER!B28 -> REQUIRED | D28: 0 | H28: =IF(C28="REQUIRED",L28,IF(C28="N/A",0)) -> 7300 | I28: =H28 -> 7300 | L28: 7300
A29: 20 | B29: RUBBER LINING | D29: 0
A30: 21 | B30: 포장비용 | C30: =COVER!B35 -> MOTOR | D30: 1 | H30: =IF(COVER!B9="APPLICATION",0,IF(COVER!B35="BARE",M30,(IF(COVER!B35="LEVER",M30,IF(COVER!B35="GEAR",N30,IF(COVER!B35="MOTOR",O30)))))) -> 55000 | I30: =H30 -> 55000 | L30: 17000 | M30: 10000 | N30: 12000 | O30: 55000
A31: 22
A32: 23 | B32: 밸브외 사급품 비용 연산 | K32: =SUM(K28:K31) -> 0 | L32: "B"
A33: 24 | B33: VALVE 원가 - BEAR | K33: =K25+K32 -> 146778 | L33: (A+B)
A34: 24 | B34: VALVE 원가 - LEVER | K34: =K26+K32 -> 146778 | L34: (A+B)
A35: 24 | B35: VALVE 원가 - GEAR | K35: =K27+K32 -> 244778 | L35: (A+B)
A36: 25 | B36: FACTOR 금액 - BEAR | I36: FACTOR | J36: 0.7 | K36: =(K25+K32)/J36 -> 209682.86 | L36: (A+B)XFACTOR
A37: 25 | B37: FACTOR 금액 - LEVER | I37: FACTOR | J37: 0.7 | K37: =(K26+K32)/J37 -> 209682.86 | L37: (A+B)XFACTOR
A38: 25 | B38: FACTOR 금액 - GEAR | I38: FACTOR | J38: 0.7 | K38: =(K27+K32)/J38 -> 349682.86 | L38: (A+B)XFACTOR

Sheet 250A
A1: CONCENTRIC BFV 원가 分析表
A3: SIZE | B3: 250A | C3: RATING | D3: #150 | F3: FLANGE DRILLING | I3: ASME B16.5 | J3: FACE TO FACE | K3: ISO575 SER'20(68MM) | O3: 318275 | P3: =O3/0.7 -> 454678.57
J4: O.D(MM) | K4: 405 | L4: 외주가공비 / 단가표(EPC)
A5: NO. | B5: 부품명 | C5: 재질 | D5: 수량 | E5: 규격 | F5: 단중 | G5: 업체 | H5: 단가 | I5: 소계 | J5: 가공비 | K5: 합계 | L5: FC/FCD | M5: SC/WCB (ALBC) | N5: SUS | O5: A890 4A | P5: A890 5A | Q5: DISC 중량(일반) | R5: DISC 중량(고압) | T5: 이전 단가 Table 중량
A6: 1 | B6: BODY(WAFER) | C6: =COVER!B13 -> 0 | D6: 1 | F6: 21 | H6: =COVER!C13 -> 0 | I6: =D6*F6*H6 -> 0 | K6: =I6+J6 -> 0 | L6: 27000 | M6: 37000 | T6: 18.6
A7: 1 | B7: BODY(LUG) | C7: =COVER!B14 -> A536 Gr65-45-12 | D7: 1 | F7: 33 | H7: =COVER!C14 -> 3500 | I7: =D7*F7*H7 -> 115500 | K7: =I7+J7 -> 115500 | L7: 53000 | M7: 55000 | T7: 27
A8: 1 | B8: BODY(FLANGE) | C8: =COVER!B15 -> 0 | D8: 1 | F8: 48 | H8: =COVER!C15 -> 0 | I8: =D8*F8*H8 -> 0 | K8: =I8+J8 -> 0 | L8: 70500 | M8: =L8*1.05 -> 74025 | T8: 48
A9: 2 | B9: DISC | C9: =COVER!B16 -> A351 CF8M | D9: 1 | F9: =IF(COVER!B34="10 BAR",Q9,IF(COVER!B34="16 BAR",R9,IF(COVER!B34="20 BAR",R9))) -> 6 | H9: =COVER!C16 -> 12000 | I9: =D9*F9*H9 -> 72000 | K9: =I9+J9 -> 72000 | L9: 13200 | M9: 11000 | N9: 12000 | O9: =P9*0.8 -> 19200 | P9: 24000 | Q9: 6 | R9: 10 | T9: 6.5 | V9: =P9/M9 -> 2.1818182
A10: 3 | B10: SEAT | C10: =COVER!B18 -> EPDM | D10: 1 | F10: 1 | H10: =IF(C10="NBR",L10,IF(C10="EPDM",L10,IF(C10="VITON",M10))) -> 7820 | I10: =H10*F10*D10 -> 7820 | K10: =I10+J10 -> 7820 | L10: 7820 | M10: 110000 | N10: 38000 | O10: 15000 | P10: 11000
A11: 4 | B11: STEM(ONE STEM) | C11: =COVER!B17 -> A564T630 | D11: 1 | F11: 1.99 | H11: =COVER!C17 -> 10000 | I11: =D11*F11*H11 -> 19900 | K11: =I11+J11 -> 19900 | L11: Ø25X507L | M11: 4500 | N11: 3000 | Q11: 1.99 | T11: 1.4
A12: 5 | B12: PACKING+GLAND | C12: =COVER!B19 -> NBR | D12: 1 | F12: 1 | H12: =IF(C12="NBR",L12+N12,IF(C12="EPDM",L12+N12,IF(C12="VITON",M12+N12))) -> 330 | I12: =D12*F12*H12 -> 330 | K12: =I12+J12 -> 330 | L12: 140 | M12: 1140 | N12: 190 | V12: =M9/L9 -> 0.83333333
A13: 6 | B13: BUSH | D13: 0 | L13: N/A
A14: 7 | B14: DISC BOLT(PIN) | C14: =C11 -> A564T630 | D14: 3 | F14: 1 | H14: =L14 -> 2100 | I14: =D14*F14*H14 -> 6300 | K14: =I14+J14 -> 6300 | L14: 2100
A15: 8 | B15: END COVER (WITH O-RING) | C15: =COVER!B22 -> BODY MATERIAL | D15: 0 | L15: N/A
A16: 9 | B16: END COVER BOLT | C16: =COVER!B23 -> B8M | D16: 0 | L16: N/A
A17: 10 | B17: COLLAR | C17: =COVER!B24 -> ALBC2 | D17: 0 | L17: N/A
A18: 11 | B18: TOP RETANIER | C18: A240T304 | D18: 1 | H18: =M18 -> 1300 | I18: =H18*D18 -> 1300 | K18: =I18+J18 -> 1300 | L18: Ø70.5X2T | M18: 1300 | Q18: 완가공
A19: 12 | B19: TOP RETANIER BOLT | C19: =COVER!B26 -> B8M | D19: 2 | H19: =IF(C19="B8",M19,IF(C19="B8M",N19)) -> 200 | I19: =H19*D19 -> 400 | K19: =I19+J19 -> 400 | M19: 200 | N19: 200 | Q19: WRENCH BOLT
A20: 13 | B20: GEAR BOX BOLT | C20: =COVER!B27 -> B8M | D20: 4 | H20: =IF(C20="B8",M20,IF(C20="B8M",N20,IF(C20="B7(다크로)",O20))) -> 800 | I20: =H20*D20 -> 3200 | K20: =I20+J20 -> 3200 | L20: M10X30L | M20: 500 | N20: 800 | O20: 500 | Q20: HEX BOLT
A21: 14 | B21: LEVER | C21: SUS | D21: 1 | K21: =I21+J21 -> 0 | L21: N/A
A22: 15 | B22: GEAR BOX | C22: =COVER!B34 -> 10 BAR | D22: 1 | I22: =IF(C22="10 BAR",M22,IF(C22="16 BAR",N22,IF(C22="20 BAR",O22))) -> 123000 | K22: =I22+J22 -> 123000 | M22: 123000 | N22: 203000 | O22: 203000
A23: 16 | B23: PAINT | C23: =COVER!B32 -> 기존 단가 | D23: 1 | H23: =IF(COVER!B9="APPLICATION",0,IF(COVER!B32="기존 단가",L23,IF(COVER!B32="외주 2COATING",M23,IF(COVER!B32="외주 3COATING",N23)))) -> 12500 | I23: =H23 -> 12500 | L23: 12500 | M23: =IF(H6>0,F6*520,IF(H7>0,F7*520,IF(H8>0,F8*520))) -> 17160 | N23: =IF(H6>0,F6*620,IF(H7>0,F7*620,IF(H8>0,F8*620))) -> 20460
A24: 17 | B24: 조립.검사 | D24: 1 | H24: =IF(COVER!B9="APPLICATION",0,IF(COVER!B9="N/A",L24)) -> 12500 | I24: =H24 -> 12500 | L24: 12500
A25: 18 | B25: 밸브합산(BEAR) | K25: =SUM(K6:K20)+SUM(K23:K24) -> 226750 | L25: "A"
A26: 18 | B26: 밸브합산(LEVER) | K26: =SUM(K6:K21)+SUM(K23:K24) -> 226750 | L26: "A"
A27: 18 | B27: 밸브합산(GEAR) | K27: =SUM(K6:K20)+SUM(K22:K24) -> 349750 | L27: "A"
A28: 19 | B28: STEM CR PLATING | C28: =COVER!B28 -> REQUIRED | D28: 0 | H28: =IF(C28="REQUIRED",L28,IF(C28="N/A",0)) -> 14000 | I28: =H28 -> 14000 | L28: 14000
A29: 20 | B29: RUBBER LINING | D29: 0
A30: 21 | B30: 포장비용 | C30: =COVER!B35 -> MOTOR | D30: 1 | H30: =IF(COVER!B9="APPLICATION",0,IF(COVER!B35="BARE",M30,(IF(COVER!B35="LEVER",M30,IF(COVER!B35="GEAR",N30,IF(COVER!B35="MOTOR",O30)))))) -> 60000 | I30: =H30 -> 60000 | L30: 24200 | M30: 16000 | N30: 16000 | O30: 60000
A31: 22
A32: 23 | B32: 밸브외 사급품 비용 연산 | K32: =SUM(K28:K31) -> 0 | L32: "B"
A33: 24 | B33: VALVE 원가 - BEAR | K33: =K25+K32 -> 226750 | L33: (A+B)
A34: 24 | B34: VALVE 원가 - LEVER | K34: =K26+K32 -> 226750 | L34: (A+B)
A35: 24 | B35: VALVE 원가 - GEAR | K35: =K27+K32 -> 349750 | L35: (A+B)
A36: 25 | B36: FACTOR 금액 - BEAR | I36: FACTOR | J36: 0.7 | K36: =(K25+K32)/J36 -> 323928.57 | L36: (A+B)XFACTOR
A37: 25 | B37: FACTOR 금액 - LEVER | I37: FACTOR | J37: 0.7 | K37: =(K26+K32)/J37 -> 323928.57 | L37: (A+B)XFACTOR
A38: 25 | B38: FACTOR 금액 - GEAR | I38: FACTOR | J38: 0.7 | K38: =(K27+K32)/J38 -> 499642.86 | L38: (A+B)XFACTOR

Sheet 300A
A1: CONCENTRIC BFV 원가 分析表
A3: SIZE | B3: 300A | C3: RATING | D3: #150 | F3: FLANGE DRILLING | I3: ASME B16.5 | J3: FACE TO FACE | K3: ISO575 SER'20(68MM) | O3: 318275 | P3: =O3/0.7 -> 454678.57
J4: O.D(MM) | K4: 405 | L4: 외주가공비 / 단가표(EPC)
A5: NO. | B5: 부품명 | C5: 재질 | D5: 수량 | E5: 규격 | F5: 단중 | G5: 업체 | H5: 단가 | I5: 소계 | J5: 가공비 | K5: 합계 | L5: FC/FCD | M5: SC/WCB (ALBC) | N5: SUS | O5: A890 4A | P5: A890 5A | Q5: DISC 중량(일반) | R5: DISC 중량(고압) | T5: 이전 단가 Table 중량
A6: 1 | B6: BODY(WAFER) | C6: =COVER!B13 -> 0 | D6: 1 | F6: 33 | H6: =COVER!C13 -> 0 | I6: =D6*F6*H6 -> 0 | K6: =I6+J6 -> 0 | L6: 27000 | M6: 37000 | T6: 18.6
A7: 1 | B7: BODY(LUG) | C7: =COVER!B14 -> A536 Gr65-45-12 | D7: 1 | F7: 48 | H7: =COVER!C14 -> 3500 | I7: =D7*F7*H7 -> 168000 | K7: =I7+J7 -> 168000 | L7: 53000 | M7: 55000 | T7: 27
A8: 1 | B8: BODY(FLANGE) | C8: =COVER!B15 -> 0 | D8: 1 | F8: 66 | H8: =COVER!C15 -> 0 | I8: =D8*F8*H8 -> 0 | K8: =I8+J8 -> 0 | L8: 70500 | M8: =L8*1.05 -> 74025 | T8: 48
A9: 2 | B9: DISC | C9: =COVER!B16 -> A351 CF8M | D9: 1 | F9: =IF([2]COVER!B34="10 BAR",Q9,IF([2]COVER!B34="16 BAR",R9,IF([2]COVER!B34="20 BAR",R9))) -> 10 | H9: =COVER!C16 -> 12000 | I9: =D9*F9*H9 -> 120000 | K9: =I9+J9 -> 120000 | L9: 13200 | M9: 11000 | N9: 12000 | O9: =P9*0.8 -> 19200 | P9: 24000 | Q9: 6 | R9: 10 | T9: 6.5 | V9: =P9/M9 -> 2.1818182
A10: 3 | B10: SEAT | C10: =COVER!B18 -> EPDM | D10: 1 | F10: 1 | H10: =IF(C10="NBR",L10,IF(C10="EPDM",L10,IF(C10="VITON",M10))) -> 7820 | I10: =H10*F10*D10 -> 7820 | K10: =I10+J10 -> 7820 | L10: 7820 | M10: 110000 | N10: 38000 | O10: 15000 | P10: 11000
A11: 4 | B11: STEM(ONE STEM) | C11: =COVER!B17 -> A564T630 | D11: 1 | F11: 3 | H11: =COVER!C17 -> 10000 | I11: =D11*F11*H11 -> 30000 | K11: =I11+J11 -> 30000 | L11: Ø25X507L | M11: 4500 | N11: 3000 | Q11: 1.99 | T11: 1.4
A12: 5 | B12: PACKING+GLAND | C12: =COVER!B19 -> NBR | D12: 1 | F12: 1 | H12: =IF(C12="NBR",L12+N12,IF(C12="EPDM",L12+N12,IF(C12="VITON",M12+N12))) -> 330 | I12: =D12*F12*H12 -> 330 | K12: =I12+J12 -> 330 | L12: 140 | M12: 1140 | N12: 190 | V12: =M9/L9 -> 0.83333333
A13: 6 | B13: BUSH | D13: 0 | L13: N/A
A14: 7 | B14: DISC BOLT(PIN) | C14: =C11 -> A564T630 | D14: 3 | F14: 1 | H14: =L14 -> 2100 | I14: =D14*F14*H14 -> 6300 | K14: =I14+J14 -> 6300 | L14: 2100
A15: 8 | B15: END COVER (WITH O-RING) | C15: =COVER!B22 -> BODY MATERIAL | D15: 0 | L15: N/A
A16: 9 | B16: END COVER BOLT | C16: =COVER!B23 -> B8M | D16: 0 | L16: N/A
A17: 10 | B17: COLLAR | C17: =COVER!B24 -> ALBC2 | D17: 0 | L17: N/A
A18: 11 | B18: TOP RETANIER | C18: A240T304 | D18: 1 | H18: =M18 -> 1300 | I18: =H18*D18 -> 1300 | K18: =I18+J18 -> 1300 | L18: Ø70.5X2T | M18: 1300 | Q18: 완가공
A19: 12 | B19: TOP RETANIER BOLT | C19: =COVER!B26 -> B8M | D19: 2 | H19: =IF(C19="B8",M19,IF(C19="B8M",N19)) -> 200 | I19: =H19*D19 -> 400 | K19: =I19+J19 -> 400 | M19: 200 | N19: 200 | Q19: WRENCH BOLT
A20: 13 | B20: GEAR BOX BOLT | C20: =COVER!B27 -> B8M | D20: 4 | H20: =IF(C20="B8",M20,IF(C20="B8M",N20,IF(C20="B7(다크로)",O20))) -> 800 | I20: =H20*D20 -> 3200 | K20: =I20+J20 -> 3200 | L20: M10X30L | M20: 500 | N20: 800 | O20: 500 | Q20: HEX BOLT
A21: 14 | B21: LEVER | C21: SUS | D21: 1 | K21: =I21+J21 -> 0 | L21: N/A
A22: 15 | B22: GEAR BOX | C22: =COVER!B34 -> 10 BAR | D22: 1 | I22: =IF(C22="10 BAR",M22,IF(C22="16 BAR",N22,IF(C22="20 BAR",O22))) -> 123000 | K22: =I22+J22 -> 123000 | M22: 123000 | N22: 203000 | O22: 225000
A23: 16 | B23: PAINT | C23: =COVER!B32 -> 기존 단가 | D23: 1 | H23: =IF(COVER!B9="APPLICATION",0,IF(COVER!B32="기존 단가",L23,IF(COVER!B32="외주 2COATING",M23,IF(COVER!B32="외주 3COATING",N23)))) -> 12500 | I23: =H23 -> 12500 | L23: 12500 | M23: =IF(H6>0,F6*520,IF(H7>0,F7*520,IF(H8>0,F8*520))) -> 24960 | N23: =IF(H6>0,F6*620,IF(H7>0,F7*620,IF(H8>0,F8*620))) -> 29760
A24: 17 | B24: 조립.검사 | D24: 1 | H24: =IF(COVER!B9="APPLICATION",0,IF(COVER!B9="N/A",L24)) -> 12500 | I24: =H24 -> 12500 | L24: 12500
A25: 18 | B25: 밸브합산(BEAR) | K25: =SUM(K6:K20)+SUM(K23:K24) -> 337350 | L25: "A"
A26: 18 | B26: 밸브합산(LEVER) | K26: =SUM(K6:K21)+SUM(K23:K24) -> 337350 | L26: "A"
A27: 18 | B27: 밸브합산(GEAR) | K27: =SUM(K6:K20)+SUM(K22:K24) -> 460350 | L27: "A"
A28: 19 | B28: STEM CR PLATING | C28: =COVER!B28 -> REQUIRED | D28: 0 | H28: =IF(C28="REQUIRED",L28,IF(C28="N/A",0)) -> 14000 | I28: =H28 -> 14000 | L28: 14000
A29: 20 | B29: RUBBER LINING | D29: 0
A30: 21 | B30: 포장비용 | C30: =COVER!B35 -> MOTOR | D30: 1 | H30: =IF(COVER!B9="APPLICATION",0,IF(COVER!B35="BARE",M30,(IF(COVER!B35="LEVER",M30,IF(COVER!B35="GEAR",N30,IF(COVER!B35="MOTOR",O30)))))) -> 60000 | I30: =H30 -> 60000 | L30: 24200 | M30: 16000 | N30: 16000 | O30: 60000
A31: 22
A32: 23 | B32: 밸브외 사급품 비용 연산 | K32: =SUM(K28:K31) -> 0 | L32: "B"
A33: 24 | B33: VALVE 원가 - BEAR | K33: =K25+K32 -> 337350 | L33: (A+B)
A34: 24 | B34: VALVE 원가 - LEVER | K34: =K26+K32 -> 337350 | L34: (A+B)
A35: 24 | B35: VALVE 원가 - GEAR | K35: =K27+K32 -> 460350 | L35: (A+B)
A36: 25 | B36: FACTOR 금액 - BEAR | I36: FACTOR | J36: 0.7 | K36: =(K25+K32)/J36 -> 481928.57 | L36: (A+B)XFACTOR
A37: 25 | B37: FACTOR 금액 - LEVER | I37: FACTOR | J37: 0.7 | K37: =(K26+K32)/J37 -> 481928.57 | L37: (A+B)XFACTOR
A38: 25 | B38: FACTOR 금액 - GEAR | I38: FACTOR | J38: 0.7 | K38: =(K27+K32)/J38 -> 657642.86 | L38: (A+B)XFACTOR

Sheet 350A
A1: CONCENTRIC BFV 원가 分析表
A3: SIZE | B3: 350A | C3: RATING | D3: #150 | F3: FLANGE DRILLING | I3: ASME B16.5 | J3: FACE TO FACE | K3: ISO575 SER'20(78MM)
J4: O.D(MM) | K4: 535 | L4: 외주가공비 / 단가표(EPC)
A5: NO. | B5: 부품명 | C5: 재질 | D5: 수량 | E5: 규격 | F5: 단중 | G5: 업체 | H5: 단가 | I5: 소계 | J5: 가공비 | K5: 합계 | L5: FC/FCD | M5: SC/WCB (ALBC) | N5: SUS | O5: A890 4A | P5: A890 5A | Q5: DISC 중량(일반) | R5: DISC 중량(고압) | T5: 이전 단가 Table 중량
A6: 1 | B6: BODY(WAFER) | C6: =COVER!B13 -> 0 | D6: 1 | F6: 35 | H6: =COVER!C13 -> 0 | I6: =D6*F6*H6 -> 0 | K6: =I6+J6 -> 0 | L6: 39000 | M6: =M7*0.72 -> 59400 | T6: 29.5
A7: 1 | B7: BODY(LUG) | C7: =COVER!B14 -> A536 Gr65-45-12 | D7: 1 | F7: 58 | H7: =COVER!C14 -> 3500 | I7: =D7*F7*H7 -> 203000 | K7: =I7+J7 -> 203000 | L7: 63000 | M7: 82500 | T7: 48
A8: 1 | B8: BODY(FLANGE) | C8: =COVER!B15 -> 0 | D8: 1 | F8: 78 | H8: =COVER!C15 -> 0 | I8: =D8*F8*H8 -> 0 | K8: =I8+J8 -> 0 | L8: =63000*1.2 -> 75600 | M8: =82500*1.2 -> 99000 | T8: 75
A9: 2 | B9: DISC | C9: =COVER!B16 -> A351 CF8M | D9: 1 | F9: =IF(COVER!B34="10 BAR",Q9,IF(COVER!B34="16 BAR",R9,IF(COVER!B34="20 BAR",R9))) -> 11 | H9: =COVER!C16 -> 12000 | I9: =D9*F9*H9 -> 132000 | K9: =I9+J9 -> 132000 | L9: 20500 | M9: 18000 | N9: 18000 | O9: 30000 | P9: 35000 | Q9: 11 | R9: 21 | T9: 17 | V9: =P9/M9 -> 1.9444444
A10: 3 | B10: SEAT | C10: =COVER!B18 -> EPDM | D10: 1 | F10: 1 | H10: =IF(C10="NBR",L10,IF(C10="EPDM",L10,IF(C10="VITON",M10))) -> 17100 | I10: =H10*F10*D10 -> 17100 | K10: =I10+J10 -> 17100 | L10: 17100 | M10: 234000 | N10: 102600 | O10: N/A | P10: 30500
A11: 4 | B11: STEM(ONE STEM) | C11: =COVER!B17 -> A564T630 | D11: 1 | F11: 4 | H11: =COVER!C17 -> 10000 | I11: =D11*F11*H11 -> 40000 | K11: =I11+J11 -> 40000 | L11: Ø32X620L | M11: 5000 | N11: 4600 | Q11: 3.98 | T11: 2.7
A12: 5 | B12: PACKING+GLAND | C12: =COVER!B19 -> NBR | D12: 1 | F12: 1 | H12: =IF(C12="NBR",L12+N12,IF(C12="EPDM",L12+N12,IF(C12="VITON",M12+N12))) -> 330 | I12: =D12*F12*H12 -> 330 | K12: =I12+J12 -> 330 | L12: 140 | M12: 1210 | N12: 190 | V12: =M9/L9 -> 0.87804878
A13: 6 | B13: BUSH | D13: 0 | L13: N/A
A14: 7 | B14: DISC BOLT(PIN) | C14: =C11 -> A564T630 | D14: 3 | F14: 1 | H14: =L14 -> 2400 | I14: =D14*F14*H14 -> 7200 | K14: =I14+J14 -> 7200 | L14: 2400
A15: 8 | B15: END COVER (WITH O-RING) | C15: =COVER!B22 -> BODY MATERIAL | D15: 0 | L15: N/A
A16: 9 | B16: END COVER BOLT | C16: =COVER!B23 -> B8M | D16: 0 | L16: N/A
A17: 10 | B17: COLLAR | C17: =COVER!B24 -> ALBC2 | D17: 0 | L17: N/A
A18: 11 | B18: TOP RETANIER | C18: A240T304 | D18: 1 | H18: =M18 -> 1300 | I18: =H18*D18 -> 1300 | K18: =I18+J18 -> 1300 | L18: Ø70.5X2T | M18: 1300 | Q18: 완가공
A19: 12 | B19: TOP RETANIER BOLT | C19: =COVER!B26 -> B8M | D19: 2 | H19: =IF(C19="B8",M19,IF(C19="B8M",N19)) -> 200 | I19: =H19*D19 -> 400 | K19: =I19+J19 -> 400 | M19: 200 | N19: 200 | Q19: WRENCH BOLT
A20: 13 | B20: GEAR BOX BOLT | C20: =COVER!B27 -> B8M | D20: 4 | H20: =IF(C20="B8",M20,IF(C20="B8M",N20,IF(C20="B7(다크로)",O20))) -> 800 | I20: =H20*D20 -> 3200 | K20: =I20+J20 -> 3200 | L20: M10X30L | M20: 500 | N20: 800 | O20: 500 | Q20: HEX BOLT | U20: 970330 | V20: =U20/0.7 -> 1386185.7
A21: 14 | B21: LEVER | C21: SUS | D21: 1 | K21: =I21+J21 -> 0 | L21: N/A
A22: 15 | B22: GEAR BOX | C22: =COVER!B34 -> 10 BAR | D22: 1 | I22: =IF(C22="10 BAR",M22,IF(C22="16 BAR",N22,IF(C22="20 BAR",O22))) -> 123000 | K22: =I22+J22 -> 123000 | M22: 123000 | N22: 225000 | O22: 225000
A23: 16 | B23: PAINT | C23: =COVER!B32 -> 기존 단가 | D23: 1 | H23: =IF(COVER!B9="APPLICATION",0,IF(COVER!B32="기존 단가",L23,IF(COVER!B32="외주 2COATING",M23,IF(COVER!B32="외주 3COATING",N23)))) -> 38400 | I23: =H23 -> 38400 | L23: 38400 | M23: =IF(H6>0,F6*520,IF(H7>0,F7*520,IF(H8>0,F8*520))) -> 30160 | N23: =IF(H6>0,F6*620,IF(H7>0,F7*620,IF(H8>0,F8*620))) -> 35960
A24: 17 | B24: 조립.검사 | D24: 1 | H24: =IF(COVER!B9="APPLICATION",0,IF(COVER!B9="N/A",L24)) -> 38400 | I24: =H24 -> 38400 | L24: 38400
A25: 18 | B25: 밸브합산(BEAR) | K25: =SUM(K6:K20)+SUM(K23:K24) -> 404530 | L25: "A"
A26: 18 | B26: 밸브합산(LEVER) | K26: =SUM(K6:K21)+SUM(K23:K24) -> 404530 | L26: "A"
A27: 18 | B27: 밸브합산(GEAR) | K27: =SUM(K6:K20)+SUM(K22:K24) -> 527530 | L27: "A"
A28: 19 | B28: STEM CR PLATING | C28: =COVER!B28 -> REQUIRED | D28: 0 | H28: =IF(C28="REQUIRED",L28,IF(C28="N/A",0)) -> 21800 | I28: =H28 -> 21800 | L28: 21800
A29: 20 | B29: RUBBER LINING | D29: 0
A30: 21 | B30: 포장비용 | C30: =COVER!B35 -> MOTOR | D30: 1 | H30: =IF(COVER!B9="APPLICATION",0,IF(COVER!B35="BARE",M30,(IF(COVER!B35="LEVER",M30,IF(COVER!B35="GEAR",N30,IF(COVER!B35="MOTOR",O30)))))) -> 105000 | I30: =H30 -> 105000 | L30: 56800 | M30: 35000 | N30: 35000 | O30: 105000
A31: 22
A32: 23 | B32: 밸브외 사급품 비용 연산 | K32: =SUM(K28:K31) -> 0 | L32: "B"
A33: 24 | B33: VALVE 원가 - BEAR | K33: =K25+K32 -> 404530 | L33: (A+B)
A34: 24 | B34: VALVE 원가 - LEVER | K34: =K26+K32 -> 404530 | L34: (A+B)
A35: 24 | B35: VALVE 원가 - GEAR | K35: =K27+K32 -> 527530 | L35: (A+B)
A36: 25 | B36: FACTOR 금액 - BEAR | I36: FACTOR | J36: 0.7 | K36: =(K25+K32)/J36 -> 577900 | L36: (A+B)XFACTOR
A37: 25 | B37: FACTOR 금액 - LEVER | I37: FACTOR | J37: 0.7 | K37: =(K26+K32)/J37 -> 577900 | L37: (A+B)XFACTOR
A38: 25 | B38: FACTOR 금액 - GEAR | I38: FACTOR | J38: 0.7 | K38: =(K27+K32)/J38 -> 753614.29 | L38: (A+B)XFACTOR

Sheet 400A
A1: CONCENTRIC BFV 원가 分析表
A3: SIZE | B3: 400A | C3: RATING | D3: #150 | F3: FLANGE DRILLING | I3: ASME B16.5 | J3: FACE TO FACE | K3: ISO575 SER'20(102MM)
J4: O.D(MM) | K4: 595 | L4: 외주가공비 / 단가표(EPC)
A5: NO. | B5: 부품명 | C5: 재질 | D5: 수량 | E5: 규격 | F5: 단중 | G5: 업체 | H5: 단가 | I5: 소계 | J5: 가공비 | K5: 합계 | L5: FC/FCD | M5: SC/WCB (ALBC) | N5: SUS | O5: A890 4A | P5: A890 5A | Q5: DISC 중량(일반) | R5: DISC 중량(고압) | T5: 이전 단가 Table 중량
A6: 1 | B6: BODY(WAFER) | C6: =COVER!B13 -> 0 | D6: 1 | F6: 50 | H6: =COVER!C13 -> 0 | I6: =D6*F6*H6 -> 0 | K6: =I6+J6 -> 0 | L6: 59000 | M6: 77000 | T6: 45
A7: 1 | B7: BODY(LUG) | C7: =COVER!B14 -> A536 Gr65-45-12 | D7: 1 | F7: 94 | H7: =COVER!C14 -> 3500 | I7: =D7*F7*H7 -> 329000 | K7: =I7+J7 -> 329000 | L7: 118000 | M7: 129800 | T7: 78
A8: 1 | B8: BODY(FLANGE) | C8: =COVER!B15 -> 0 | D8: 1 | F8: 110 | H8: =COVER!C15 -> 0 | I8: =D8*F8*H8 -> 0 | K8: =I8+J8 -> 0 | L8: =M8*0.85 -> 120105 | M8: 141300 | T8: 110
A9: 2 | B9: DISC | C9: =COVER!B16 -> A351 CF8M | D9: 1 | F9: =IF(COVER!B34="10 BAR",Q9,IF(COVER!B34="16 BAR",R9,IF(COVER!B34="20 BAR",R9))) -> 21 | H9: =COVER!C16 -> 12000 | I9: =D9*F9*H9 -> 252000 | K9: =I9+J9 -> 252000 | L9: 36000 | M9: 30000 | N9: 30000 | O9: =P9*0.85 -> 35700 | P9: 42000 | Q9: 21 | R9: 30 | T9: 20 | V9: =P9/M9 -> 1.4
A10: 3 | B10: SEAT | C10: =COVER!B18 -> EPDM | D10: 1 | F10: 1 | H10: =IF(C10="NBR",L10,IF(C10="EPDM",L10,IF(C10="VITON",M10))) -> 21280 | I10: =H10*F10*D10 -> 21280 | K10: =I10+J10 -> 21280 | L10: 21280 | M10: 450000 | N10: 128300 | O10: N/A | P10: 38100
A11: 4 | B11: STEM(ONE STEM) | C11: =COVER!B17 -> A564T630 | D11: 1 | F11: 6.5 | H11: =COVER!C17 -> 10000 | I11: =D11*F11*H11 -> 65000 | K11: =I11+J11 -> 65000 | L11: Ø38X710L | M11: 5000 | N11: 10000 | Q11: 6.43 | T11: 4.4
A12: 5 | B12: PACKING+GLAND | C12: =COVER!B20 -> ALBC2 | D12: 1 | F12: 1 | H12: =L12 -> 7000 | I12: =D12*F12*H12 -> 7000 | K12: =I12+J12 -> 7000 | L12: 7000 | V12: =M9/L9 -> 0.83333333
A13: 6 | B13: BUSH | D13: 0 | L13: N/A
A14: 7 | B14: DISC BOLT(PIN) | C14: =C11 -> A564T630 | D14: 2 | F14: 1 | H14: =L14 -> 3500 | I14: =D14*F14*H14 -> 7000 | K14: =I14+J14 -> 7000 | L14: 3500
A15: 8 | B15: END COVER (WITH O-RING) | C15: =COVER!B22 -> BODY MATERIAL | D15: 0 | L15: N/A
A16: 9 | B16: END COVER BOLT | C16: =COVER!B23 -> B8M | D16: 0 | L16: N/A
A17: 10 | B17: COLLAR | C17: =COVER!B24 -> ALBC2 | D17: 0 | L17: N/A
A18: 11 | B18: TOP RETANIER | C18: A240T304 | D18: 1 | H18: =M18 -> 2500 | I18: =H18 -> 2500 | K18: =I18+J18 -> 2500 | L18: Ø78.5X3T | M18: 2500 | Q18: 완가공
A19: 12 | B19: TOP RETANIER BOLT | C19: =COVER!B26 -> B8M | D19: 4 | H19: =IF(C19="B8",M19,IF(C19="B8M",N19)) -> 200 | I19: =H19*D19 -> 800 | K19: =I19+J19 -> 800 | M19: 200 | N19: 200 | Q19: WRENCH BOLT
A20: 13 | B20: GEAR BOX BOLT | C20: =COVER!B27 -> B8M | D20: 4 | H20: =IF(C20="B8",M20,IF(C20="B8M",N20,IF(C20="B7(다크로)",O20))) -> 2000 | I20: =H20*D20 -> 8000 | K20: =I20+J20 -> 8000 | L20: M16X40 | M20: 1500 | N20: 2000 | O20: 1500 | Q20: HEX BOLT
A21: 14 | B21: LEVER | C21: SUS | D21: 1 | K21: =I21+J21 -> 0 | L21: N/A
A22: 15 | B22: GEAR BOX | C22: =COVER!B34 -> 10 BAR | D22: 1 | I22: =IF(C22="10 BAR",M22,IF(C22="16 BAR",N22,IF(C22="20 BAR",O22))) -> 225000 | K22: =I22+J22 -> 225000 | M22: 225000 | N22: 305000 | O22: 305000
A23: 16 | B23: PAINT | C23: =COVER!B32 -> 기존 단가 | D23: 1 | H23: =IF(COVER!B9="APPLICATION",0,IF(COVER!B32="기존 단가",L23,IF(COVER!B32="외주 2COATING",M23,IF(COVER!B32="외주 3COATING",N23)))) -> 45600 | I23: =H23 -> 45600 | L23: 45600 | M23: =IF(H6>0,F6*520,IF(H7>0,F7*520,IF(H8>0,F8*520))) -> 48880 | N23: =IF(H6>0,F6*620,IF(H7>0,F7*620,IF(H8>0,F8*620))) -> 58280
A24: 17 | B24: 조립.검사 | D24: 1 | H24: =IF(COVER!B9="APPLICATION",0,IF(COVER!B9="N/A",L24)) -> 45600 | I24: =H24 -> 45600 | L24: 45600
A25: 18 | B25: 밸브합산(BEAR) | K25: =SUM(K6:K20)+SUM(K23:K24) -> 692580 | L25: "A"
A26: 18 | B26: 밸브합산(LEVER) | K26: =SUM(K6:K21)+SUM(K23:K24) -> 692580 | L26: "A"
A27: 18 | B27: 밸브합산(GEAR) | K27: =SUM(K6:K20)+SUM(K22:K24) -> 917580 | L27: "A"
A28: 19 | B28: STEM CR PLATING | C28: =COVER!B28 -> REQUIRED | D28: 0 | H28: =IF(C28="REQUIRED",L28,IF(C28="N/A",0)) -> 33900 | I28: =H28 -> 33900 | L28: 33900
A29: 20 | B29: RUBBER LINING | D29: 0
A30: 21 | B30: 포장비용 | C30: =COVER!B35 -> MOTOR | D30: 1 | H30: =IF(COVER!B9="APPLICATION",0,IF(COVER!B35="BARE",M30,(IF(COVER!B35="LEVER",M30,IF(COVER!B35="GEAR",N30,IF(COVER!B35="MOTOR",O30)))))) -> 120000 | I30: =H30 -> 120000 | L30: 70600 | M30: 40000 | N30: 40000 | O30: 120000
A31: 22
A32: 23 | B32: 밸브외 사급품 비용 연산 | K32: =SUM(K28:K31) -> 0 | L32: "B"
A33: 24 | B33: VALVE 원가 - BEAR | K33: =K25+K32 -> 692580 | L33: (A+B)
A34: 24 | B34: VALVE 원가 - LEVER | K34: =K26+K32 -> 692580 | L34: (A+B)
A35: 24 | B35: VALVE 원가 - GEAR | K35: =K27+K32 -> 917580 | L35: (A+B)
A36: 25 | B36: FACTOR 금액 - BEAR | I36: FACTOR | J36: 0.7 | K36: =(K25+K32)/J36 -> 989400 | L36: (A+B)XFACTOR
A37: 25 | B37: FACTOR 금액 - LEVER | I37: FACTOR | J37: 0.7 | K37: =(K26+K32)/J37 -> 989400 | L37: (A+B)XFACTOR
A38: 25 | B38: FACTOR 금액 - GEAR | I38: FACTOR | J38: 0.7 | K38: =(K27+K32)/J38 -> 1310828.6 | L38: (A+B)XFACTOR

Sheet 450A
A1: CONCENTRIC BFV 원가 分析表
A3: SIZE | B3: 450A | C3: RATING | D3: #150 | F3: FLANGE DRILLING | I3: ASME B16.5 | J3: FACE TO FACE | K3: ISO575 SER'20(114MM)
J4: O.D(MM) | K4: 635 | L4: 외주가공비 / 단가표(EPC)
A5: NO. | B5: 부품명 | C5: 재질 | D5: 수량 | E5: 규격 | F5: 단중 | G5: 업체 | H5: 단가 | I5: 소계 | J5: 가공비 | K5: 합계 | L5: FC/FCD | M5: SC/WCB (ALBC) | N5: SUS | O5: A890 4A | P5: A890 5A | Q5: DISC 중량(일반) | R5: DISC 중량(고압) | T5: 이전 단가 Table 중량
A6: 1 | B6: BODY(WAFER) | C6: =COVER!B13 -> 0 | D6: 1 | F6: 65 | H6: =COVER!C13 -> 0 | I6: =D6*F6*H6 -> 0 | K6: =I6+J6 -> 0 | L6: 74000 | M6: 87000 | T6: 64
A7: 1 | B7: BODY(LUG) | C7: =COVER!B14 -> A536 Gr65-45-12 | D7: 1 | F7: 119 | H7: =COVER!C14 -> 3500 | I7: =D7*F7*H7 -> 416500 | K7: =I7+J7 -> 416500 | L7: 129800 | M7: 142000 | T7: 110
A8: 1 | B8: BODY(FLANGE) | C8: =COVER!B15 -> 0 | D8: 1 | F8: 128 | H8: =COVER!C15 -> 0 | I8: =D8*F8*H8 -> 0 | K8: =I8+J8 -> 0 | L8: =M8*0.85 -> 140335 | M8: 165100 | T8: 128
A9: 2 | B9: DISC | C9: =COVER!B16 -> A351 CF8M | D9: 1 | F9: =IF(COVER!B34="10 BAR",Q9,IF(COVER!B34="16 BAR",R9,IF(COVER!B34="20 BAR",R9))) -> 27 | H9: =COVER!C16 -> 12000 | I9: =D9*F9*H9 -> 324000 | K9: =I9+J9 -> 324000 | L9: 29200 | M9: 38000 | N9: 38000 | O9: =P9*0.85 -> 44200 | P9: 52000 | Q9: 27 | R9: 30 | T9: 32 | V9: =P9/M9 -> 1.3684211
A10: 3 | B10: SEAT | C10: =COVER!B18 -> EPDM | D10: 1 | F10: 1 | H10: =IF(C10="NBR",L10,IF(C10="EPDM",L10,IF(C10="VITON",M10))) -> 25080 | I10: =H10*F10*D10 -> 25080 | K10: =I10+J10 -> 25080 | L10: 25080 | M10: 585000 | N10: 151000 | O10: N/A | P10: 45000
A11: 4 | B11: STEM(ONE STEM) | C11: =COVER!B17 -> A564T630 | D11: 1 | F11: 7 | H11: =COVER!C17 -> 10000 | I11: =D11*F11*H11 -> 70000 | K11: =I11+J11 -> 70000 | L11: Ø38X770L | M11: 5000 | N11: 10000 | P11: 56000 | Q11: 6.98 | T11: 4.4
A12: 5 | B12: PACKING+GLAND | C12: =COVER!B20 -> ALBC2 | D12: 1 | F12: 1 | H12: =L12 -> 7000 | I12: =D12*F12*H12 -> 7000 | K12: =I12+J12 -> 7000 | L12: 7000 | V12: =M9/L9 -> 1.3013699
A13: 6 | B13: BUSH | D13: 0 | L13: N/A
A14: 7 | B14: DISC BOLT(PIN) | C14: =C11 -> A564T630 | D14: 2 | F14: 1 | H14: =L14 -> 3500 | I14: =D14*F14*H14 -> 7000 | K14: =I14+J14 -> 7000 | L14: 3500
A15: 8 | B15: END COVER (WITH O-RING) | C15: =COVER!B22 -> BODY MATERIAL | D15: 0 | L15: N/A
A16: 9 | B16: END COVER BOLT | C16: =COVER!B23 -> B8M | D16: 0 | L16: N/A
A17: 10 | B17: COLLAR | C17: =COVER!B24 -> ALBC2 | D17: 0 | L17: N/A
A18: 11 | B18: TOP RETANIER | C18: A240T304 | D18: 1 | H18: =M18 -> 2700 | I18: =H18*D18 -> 2700 | K18: =I18+J18 -> 2700 | L18: Ø78.5X3T | M18: 2700 | Q18: 완가공
A19: 12 | B19: TOP RETANIER BOLT | C19: =COVER!B26 -> B8M | D19: 4 | H19: =IF(C19="B8",M19,IF(C19="B8M",N19)) -> 200 | I19: =H19*D19 -> 800 | K19: =I19+J19 -> 800 | M19: 200 | N19: 200 | Q19: WRENCH BOLT
A20: 13 | B20: GEAR BOX BOLT | C20: =COVER!B27 -> B8M | D20: 4 | H20: =IF(C20="B8",M20,IF(C20="B8M",N20,IF(C20="B7(다크로)",O20))) -> 2000 | I20: =H20*D20 -> 8000 | K20: =I20+J20 -> 8000 | L20: M16X40 | M20: 1500 | N20: 2000 | O20: 1500 | Q20: HEX BOLT
A21: 14 | B21: LEVER | C21: SUS | D21: 1 | K21: =I21+J21 -> 0 | L21: N/A
A22: 15 | B22: GEAR BOX | C22: =COVER!B34 -> 10 BAR | D22: 1 | I22: =IF(C22="10 BAR",M22,IF(C22="16 BAR",N22,IF(C22="20 BAR",O22))) -> 225000 | K22: =I22+J22 -> 225000 | M22: 225000 | N22: 305000 | O22: 355000
A23: 16 | B23: PAINT | C23: =COVER!B32 -> 기존 단가 | D23: 1 | H23: =IF(COVER!B9="APPLICATION",0,IF(COVER!B32="기존 단가",L23,IF(COVER!B32="외주 2COATING",M23,IF(COVER!B32="외주 3COATING",N23)))) -> 54000 | I23: =H23 -> 54000 | L23: 54000 | M23: =IF(H6>0,F6*520,IF(H7>0,F7*520,IF(H8>0,F8*520))) -> 61880 | N23: =IF(H6>0,F6*620,IF(H7>0,F7*620,IF(H8>0,F8*620))) -> 73780
A24: 17 | B24: 조립.검사 | D24: 1 | H24: =IF(COVER!B9="APPLICATION",0,IF(COVER!B9="N/A",L24)) -> 54000 | I24: =H24 -> 54000 | L24: 54000
A25: 18 | B25: 밸브합산(BEAR) | K25: =SUM(K6:K20)+SUM(K23:K24) -> 861080 | L25: "A"
A26: 18 | B26: 밸브합산(LEVER) | K26: =SUM(K6:K21)+SUM(K23:K24) -> 861080 | L26: "A"
A27: 18 | B27: 밸브합산(GEAR) | K27: =SUM(K6:K20)+SUM(K22:K24) -> 1086080 | L27: "A"
A28: 19 | B28: STEM CR PLATING | C28: =COVER!B28 -> REQUIRED | D28: 0 | H28: =IF(C28="REQUIRED",L28,IF(C28="N/A",0)) -> 36800 | I28: =H28 -> 36800 | L28: 36800
A29: 20 | B29: RUBBER LINING | D29: 0
A30: 21 | B30: 포장비용 | C30: =COVER!B35 -> MOTOR | D30: 1 | H30: =IF(COVER!B9="APPLICATION",0,IF(COVER!B35="BARE",M30,(IF(COVER!B35="LEVER",M30,IF(COVER!B35="GEAR",N30,IF(COVER!B35="MOTOR",O30)))))) -> 140000 | I30: =H30 -> 140000 | L30: 108000 | M30: 45000 | N30: 45000 | O30: 140000
A31: 22
A32: 23 | B32: 밸브외 사급품 비용 연산 | K32: =SUM(K28:K31) -> 0 | L32: "B"
A33: 24 | B33: VALVE 원가 - BEAR | K33: =K25+K32 -> 861080 | L33: (A+B)
A34: 24 | B34: VALVE 원가 - LEVER | K34: =K26+K32 -> 861080 | L34: (A+B)
A35: 24 | B35: VALVE 원가 - GEAR | K35: =K27+K32 -> 1086080 | L35: (A+B)
A36: 25 | B36: FACTOR 금액 - BEAR | I36: FACTOR | J36: 0.7 | K36: =(K25+K32)/J36 -> 1230114.3 | L36: (A+B)XFACTOR
A37: 25 | B37: FACTOR 금액 - LEVER | I37: FACTOR | J37: 0.7 | K37: =(K26+K32)/J37 -> 1230114.3 | L37: (A+B)XFACTOR
A38: 25 | B38: FACTOR 금액 - GEAR | I38: FACTOR | J38: 0.7 | K38: =(K27+K32)/J38 -> 1551542.9 | L38: (A+B)XFACTOR

Sheet 500A
A1: CONCENTRIC BFV 원가 分析表
N2: 2200692 | O2: =N2/0.7 -> 3143845.7
A3: SIZE | B3: 500A | C3: RATING | D3: #150 | F3: FLANGE DRILLING | I3: ASME B16.5 | J3: FACE TO FACE | K3: ISO5752 SER'20(127MM)
J4: O.D(MM) | K4: 700 | L4: 외주가공비 / 단가표(EPC)
A5: NO. | B5: 부품명 | C5: 재질 | D5: 수량 | E5: 규격 | F5: 단중 | G5: 업체 | H5: 단가 | I5: 소계 | J5: 가공비 | K5: 합계 | L5: FC/FCD | M5: SC/WCB (ALBC) | N5: SUS | O5: A890 4A | P5: A890 5A | Q5: DISC 중량(일반) | R5: DISC 중량(고압) | T5: 이전 단가 Table 중량
A6: 1 | B6: BODY(WAFER) | C6: =COVER!B13 -> 0 | D6: 1 | F6: 92 | H6: =COVER!C13 -> 0 | I6: =D6*F6*H6 -> 0 | K6: =I6+J6 -> 0 | L6: 86020 | M6: 91000 | T6: 85
A7: 1 | B7: BODY(LUG) | C7: =COVER!B14 -> A536 Gr65-45-12 | D7: 1 | F7: 148 | H7: =COVER!C14 -> 3500 | I7: =D7*F7*H7 -> 518000 | K7: =I7+J7 -> 518000 | L7: 142945 | M7: =155000*1.1 -> 170500 | T7: 145
A8: 1 | B8: BODY(FLANGE) | C8: =COVER!B15 -> 0 | D8: 1 | F8: 174 | H8: =COVER!C15 -> 0 | I8: =D8*F8*H8 -> 0 | K8: =I8+J8 -> 0 | L8: 142945 | M8: 171600 | T8: 160
A9: 2 | B9: DISC | C9: =COVER!B16 -> A351 CF8M | D9: 1 | F9: =IF(COVER!B34="10 BAR",Q9,IF(COVER!B34="16 BAR",R9,IF(COVER!B34="20 BAR",R9))) -> 37 | H9: =COVER!C16 -> 12000 | I9: =D9*F9*H9 -> 444000 | K9: =I9+J9 -> 444000 | L9: 44800 | M9: 40000 | N9: 40000 | O9: =P9*0.85 -> 58386.5 | P9: 68690 | Q9: 37 | R9: 47 | T9: 42 | V9: =P9/M9 -> 1.71725
A10: 3 | B10: SEAT | C10: =COVER!B18 -> EPDM | D10: 1 | F10: 1 | H10: =IF(C10="NBR",L10,IF(C10="EPDM",L10,IF(C10="VITON",M10))) -> 41420 | I10: =H10*F10*D10 -> 41420 | K10: =I10+J10 -> 41420 | L10: 41420 | M10: 630000 | N10: 248900 | P10: 74000
A11: 4 | B11: STEM(DOUBLE STEM)-KEY | C11: =COVER!B17 -> A564T630 | D11: 1 | F11: 8 | H11: =COVER!C17 -> 10000 | I11: =D11*F11*H11 -> 80000 | K11: =I11+J11 -> 80000 | L11: Ø45X382L&222L | M11: 10000 | N11: 17000 | O11: =ROUNDUP(P11/1.3,-2) -> 43100 | P11: 56000 | Q11: 7.68
A12: 5 | B12: PACKING GLAND | C12: ALBC2 | D12: 1 | F12: 1 | H12: =L12 -> 9000 | I12: =D12*F12*H12 -> 9000 | K12: =I12+J12 -> 9000 | L12: 9000 | V12: =M9/L9 -> 0.89285714
A13: 6 | B13: BUSH | C13: =COVER!B21 -> SSPC | D13: 4 | F13: 1 | H13: =L13 -> 1070 | I13: =H13*F13*D13 -> 4280 | K13: =J13+I13 -> 4280 | L13: 1070
A14: 7 | B14: DISC & STEM KEY | C14: SS41 | D14: 2 | F14: 1 | H14: 800 | I14: =D14*F14*H14 -> 1600 | K14: =I14+J14 -> 1600 | Q14: 임의 지정
A15: 8 | B15: END COVER (WITH O-RING) | C15: =COVER!B22 -> BODY MATERIAL | D15: 1 | F15: 1.13 | H15: =IF(C15="SS400",M15,IF(C15="BODY MATERIAL",N15)) -> 7910 | I15: =H15 -> 7910 | K15: =I15+J15 -> 7910 | L15: Ø95X20T | M15: 3400 | N15: =IF(AND(C15="BODY MATERIAL"),IF((H6>0),H6*F15*2,IF((H7>0),H7*F15*2,IF((H8>0),H8*F15*2)))) -> 7910 | Q15: 임의 지정
A16: 9 | B16: END COVER BOLT | C16: =COVER!B23 -> B8M | D16: 4 | H16: =IF(C16="B8",M16,IF(C16="B8M",N16,IF(C16="B7(다크로)",O16))) -> 400 | I16: =H16*D16 -> 1600 | K16: =J16+I16 -> 1600 | L16: M8X30L | M16: 350 | N16: 400 | O16: 300 | Q16: HEX BOLT
A17: 10 | B17: COLLAR | C17: =COVER!B24 -> ALBC2 | D17: 1 | F17: 1 | H17: =L17 -> 3200 | I17: =H17*F17 -> 3200 | K17: =J17+I17 -> 3200 | L17: 3200
A18: 11 | B18: TOP RETANIER | C18: SS400 | D18: 1 | F18: 0.5 | H18: =M18 -> 2000 | I18: =H18*D18 -> 2000 | K18: =J18+I18 -> 2000 | L18: Ø89X10T | M18: 2000
A19: 12 | B19: TOP RETANIER BOLT | C19: =COVER!B26 -> B8M | D19: 4 | H19: =IF(C19="B8",M19,IF(C19="B8M",N19)) -> 400 | I19: =H19*D19 -> 1600 | K19: =I19+J19 -> 1600 | L19: M6X15L | M19: 200 | N19: 400 | Q19: WRENCH BOLT
A20: 13 | B20: GEAR BOX BOLT | C20: =COVER!B27 -> B8M | D20: 4 | H20: =IF(C20="B8",M20,IF(C20="B8M",N20,IF(C20="B7(다크로)",O20))) -> 5000 | I20: =H20*D20 -> 20000 | K20: =I20+J20 -> 20000 | L20: M20X48L | M20: 4500 | N20: 5000 | O20: 2500 | Q20: HEX BOLT
A21: 14 | B21: DOWEL PIN | D21: 4 | H21: 500 | I21: =H21*D21 -> 2000 | K21: =I21+J21 -> 2000 | L21: Ø20 | Q21: 임의 지정
A22: 15 | B22: GEAR BOX | C22: =COVER!B34 -> 10 BAR | D22: 1 | I22: =IF(C22="10 BAR",M22,IF(C22="16 BAR",N22,IF(C22="20 BAR",O22))) -> 305000 | K22: =I22+J22 -> 305000 | M22: 305000 | N22: 355000 | O22: 355000
A23: 16 | B23: PAINT | C23: =COVER!B32 -> 기존 단가 | D23: 1 | H23: =IF(COVER!B9="APPLICATION",0,IF(COVER!B32="기존 단가",L23,IF(COVER!B32="외주 2COATING",M23,IF(COVER!B32="외주 3COATING",N23)))) -> 68000 | I23: =H23 -> 68000 | L23: 68000 | M23: =IF(H6>0,F6*520,IF(H7>0,F7*520,IF(H8>0,F8*520))) -> 76960 | N23: =IF(H6>0,F6*620,IF(H7>0,F7*620,IF(H8>0,F8*620))) -> 91760
A24: 17 | B24: 조립.검사 | D24: 1 | H24: =IF(COVER!B9="APPLICATION",0,IF(COVER!B9="N/A",L24)) -> 68000 | I24: =H24 -> 68000 | L24: 68000
A25: 18 | B25: 밸브합산(BEAR) | K25: =SUM(K6:K21)+SUM(K23:K24) -> 1136610 | L25: "A"
A26: 18 | B26: 밸브합산(LEVER) | K26: =SUM(K6:K21)+SUM(K23:K24) -> 1136610 | L26: "A"
A27: 18 | B27: 밸브합산(GEAR) | K27: =SUM(K6:K24) -> 1441610 | L27: "A"
A28: 19 | B28: STEM CR PLATING | C28: =COVER!B28 -> REQUIRED | D28: 0 | H28: =IF(C28="REQUIRED",L28,IF(C28="N/A",0)) -> 0 | I28: =H28 -> 0
A29: 20 | B29: RUBBER LINING | D29: 0
A30: 21 | B30: 포장비용 | C30: =COVER!B35 -> MOTOR | D30: 1 | H30: =IF(COVER!B9="APPLICATION",0,IF(COVER!B35="BARE",M30,(IF(COVER!B35="LEVER",M30,IF(COVER!B35="GEAR",N30,IF(COVER!B35="MOTOR",O30)))))) -> 130000 | I30: =H30 -> 130000 | L30: 103000 | M30: 58000 | N30: 58000 | O30: 130000
A31: 22
A32: 23 | B32: 밸브외 사급품 비용 연산 | K32: =SUM(K28:K31) -> 0 | L32: "B"
A33: 24 | B33: VALVE 원가 - BEAR | K33: =K25+K32 -> 1136610 | L33: (A+B)
A34: 24 | B34: VALVE 원가 - LEVER | K34: =K26+K32 -> 1136610 | L34: (A+B)
A35: 24 | B35: VALVE 원가 - GEAR | K35: =K27+K32 -> 1441610 | L35: (A+B)
A36: 25 | B36: FACTOR 금액 - BEAR | I36: FACTOR | J36: 0.7 | K36: =(K25+K32)/J36 -> 1623728.6 | L36: (A+B)XFACTOR
A37: 25 | B37: FACTOR 금액 - LEVER | I37: FACTOR | J37: 0.7 | K37: =(K26+K32)/J37 -> 1623728.6 | L37: (A+B)XFACTOR
A38: 25 | B38: FACTOR 금액 - GEAR | I38: FACTOR | J38: 0.7 | K38: =(K27+K32)/J38 -> 2059442.9 | L38: (A+B)XFACTOR

Sheet 550A
A1: CONCENTRIC BFV 원가 分析表
A3: SIZE | B3: 550A | C3: RATING | D3: #150 | F3: FLANGE DRILLING | I3: ASME B16.5 | J3: FACE TO FACE | K3: ISO5752 SER'20(154MM)
J4: O.D(MM) | K4: 750 | L4: 외주가공비 / 단가표(EPC)
A5: NO. | B5: 부품명 | C5: 재질 | D5: 수량 | E5: 규격 | F5: 단중 | G5: 업체 | H5: 단가 | I5: 소계 | J5: 가공비 | K5: 합계 | L5: FC/FCD | M5: SC/WCB (ALBC) | N5: SUS | O5: A890 4A | P5: A890 5A | Q5: DISC 중량(일반) | R5: DISC 중량(고압) | T5: 이전 단가 Table 중량
A6: 1 | B6: BODY(WAFER) | C6: =COVER!B13 -> 0 | D6: 1 | F6: 120 | H6: =COVER!C13 -> 0 | I6: =D6*F6*H6 -> 0 | K6: =I6+J6 -> 0 | L6: 103730 | M6: 122590 | T6: 120
A7: 1 | B7: BODY(LUG) | C7: =COVER!B14 -> A536 Gr65-45-12 | D7: 1 | F7: 186 | H7: =COVER!C14 -> 3500 | I7: =D7*F7*H7 -> 651000 | K7: =I7+J7 -> 651000 | L7: 166980 | M7: =177570 -> 177570 | T7: 161
A8: 1 | B8: BODY(FLANGE) | C8: =COVER!B15 -> 0 | D8: 1 | F8: 214 | H8: =COVER!C15 -> 0 | I8: =D8*F8*H8 -> 0 | K8: =I8+J8 -> 0 | L8: 166980 | M8: 210000 | T8: 210
A9: 2 | B9: DISC | C9: =COVER!B16 -> A351 CF8M | D9: 1 | F9: =IF(COVER!B34="10 BAR",Q9,IF(COVER!B34="16 BAR",R9,IF(COVER!B34="20 BAR",R9))) -> 46 | H9: =COVER!C16 -> 12000 | I9: =D9*F9*H9 -> 552000 | K9: =I9+J9 -> 552000 | L9: 47400 | M9: =P9*0.75 -> 59587.5 | N9: 59587.5 | O9: =P9*0.85 -> 67532.5 | P9: 79450 | Q9: 46 | R9: 55 | T9: 50
A10: 3 | B10: SEAT | C10: =COVER!B18 -> EPDM | D10: 1 | F10: 1 | H10: =IF(C10="NBR",L10,IF(C10="EPDM",L10,IF(C10="VITON",M10))) -> 77045 | I10: =H10*F10*D10 -> 77045 | K10: =I10+J10 -> 77045 | L10: 77045 | M10: 810000 | N10: 465500 | P10: 137800
A11: 4 | B11: STEM(DOUBLE STEM)-KEY | C11: =COVER!B17 -> A564T630 | D11: 1 | F11: 14 | H11: =COVER!C17 -> 10000 | I11: =D11*F11*H11 -> 140000 | K11: =I11+J11 -> 140000 | L11: Ø55X410L&245 | M11: 12000 | N11: 20000 | O11: =ROUNDUP(P11/1.3,-2) -> 53900 | P11: 70000 | Q11: 12.43 | T11: 13
A12: 5 | B12: PACKING GLAND | C12: ALBC2 | D12: 1 | F12: 1 | H12: =L12 -> 16000 | I12: =D12*F12*H12 -> 16000 | K12: =I12+J12 -> 16000 | L12: 16000 | V12: =M9/L9 -> 1.2571203
A13: 6 | B13: BUSH | C13: =COVER!B21 -> SSPC | D13: 2 | F13: 1 | H13: =L13 -> 1400 | I13: =H13*F13*D13 -> 2800 | K13: =J13+I13 -> 2800 | L13: 1400
A14: 7 | B14: DISC & STEM KEY | C14: SS41 | D14: 2 | F14: 1 | H14: 800 | I14: =D14*F14*H14 -> 1600 | K14: =I14+J14 -> 1600 | Q14: 임의 지정
A15: 8 | B15: END COVER (WITH O-RING) | C15: =COVER!B22 -> BODY MATERIAL | D15: 1 | F15: 1.52 | H15: =IF(C15="SS400",M15,IF(C15="BODY MATERIAL",N15)) -> 10640 | I15: =H15 -> 10640 | K15: =I15+J15 -> 10640 | L15: Ø110X20T | M15: 4200 | N15: =IF(AND(C15="BODY MATERIAL"),IF((H6>0),H6*F15*2,IF((H7>0),H7*F15*2,IF((H8>0),H8*F15*2)))) -> 10640 | Q15: 임의 지정
A16: 9 | B16: END COVER BOLT | C16: =COVER!B23 -> B8M | D16: 4 | H16: =IF(C16="B8",M16,IF(C16="B8M",N16,IF(C16="B7(다크로)",O16))) -> 400 | I16: =H16*D16 -> 1600 | K16: =J16+I16 -> 1600 | L16: M8X30L | M16: 350 | N16: 400 | O16: 300 | Q16: HEX BOLT
A17: 10 | B17: COLLAR | C17: =COVER!B24 -> ALBC2 | D17: 1 | F17: 1 | H17: =L17 -> 4600 | I17: =H17*F17 -> 4600 | K17: =J17+I17 -> 4600 | L17: 4600
A18: 11 | B18: TOP RETANIER | C18: SS400 | D18: 1 | F18: 0.68 | H18: =M18 -> 2400 | I18: =H18*D18 -> 2400 | K18: =J18+I18 -> 2400 | L18: Ø104X10T | M18: 2400 | S18: 400A 2500원 | U18: 450A 2700원
A19: 12 | B19: TOP RETANIER BOLT | C19: =COVER!B26 -> B8M | D19: 4 | H19: =IF(C19="B8",M19,IF(C19="B8M",N19)) -> 400 | I19: =H19*D19 -> 1600 | K19: =I19+J19 -> 1600 | L19: M6X15L | M19: 200 | N19: 400 | Q19: WRENCH BOLT
A20: 13 | B20: GEAR BOX BOLT | C20: =COVER!B27 -> B8M | D20: 4 | H20: =IF(C20="B8",M20,IF(C20="B8M",N20,IF(C20="B7(다크로)",O20))) -> 5000 | I20: =H20*D20 -> 20000 | K20: =I20+J20 -> 20000 | L20: M20X48L | M20: 4500 | N20: 5000 | O20: 2500 | Q20: HEX BOLT
A21: 14 | B21: DOWEL PIN | D21: 4 | H21: 550 | I21: =H21*D21 -> 2200 | K21: =I21+J21 -> 2200 | L21: Ø20 | Q21: 임의 지정
A22: 15 | B22: GEAR BOX | C22: =COVER!B34 -> 10 BAR | D22: 1 | I22: =IF(C22="10 BAR",M22,IF(C22="16 BAR",N22,IF(C22="20 BAR",O22))) -> 305000 | K22: =I22+J22 -> 305000 | M22: 305000 | N22: 355000 | O22: 589000
A23: 16 | B23: PAINT | C23: =COVER!B32 -> 기존 단가 | D23: 1 | H23: =IF(COVER!B9="APPLICATION",0,IF(COVER!B32="기존 단가",L23,IF(COVER!B32="외주 2COATING",M23,IF(COVER!B32="외주 3COATING",N23)))) -> 88000 | I23: =H23 -> 88000 | L23: 88000 | M23: =IF(H6>0,F6*520,IF(H7>0,F7*520,IF(H8>0,F8*520))) -> 96720 | N23: =IF(H6>0,F6*620,IF(H7>0,F7*620,IF(H8>0,F8*620))) -> 115320
A24: 17 | B24: 조립.검사 | D24: 1 | H24: =IF(COVER!B9="APPLICATION",0,IF(COVER!B9="N/A",L24)) -> 88000 | I24: =H24 -> 88000 | L24: 88000
A25: 18 | B25: 밸브합산(BEAR) | K25: =SUM(K6:K21)+SUM(K23:K24) -> 1483485 | L25: "A"
A26: 18 | B26: 밸브합산(LEVER) | K26: =SUM(K6:K21)+SUM(K23:K24) -> 1483485 | L26: "A"
A27: 18 | B27: 밸브합산(GEAR) | K27: =SUM(K6:K24) -> 1788485 | L27: "A"
A28: 19 | B28: STEM CR PLATING | C28: =COVER!B28 -> REQUIRED | D28: 0 | H28: =IF(C28="REQUIRED",L28,IF(C28="N/A",0)) -> 0 | I28: =H28 -> 0
A29: 20 | B29: RUBBER LINING | D29: 0
A30: 21 | B30: 포장비용 | C30: =COVER!B35 -> MOTOR | D30: 1 | H30: =IF(COVER!B9="APPLICATION",0,IF(COVER!B35="BARE",M30,(IF(COVER!B35="LEVER",M30,IF(COVER!B35="GEAR",N30,IF(COVER!B35="MOTOR",O30)))))) -> 140000 | I30: =H30 -> 140000 | L30: 150000 | M30: 75000 | N30: 75000 | O30: 140000
A31: 22
A32: 23 | B32: 밸브외 사급품 비용 연산 | K32: =SUM(K28:K31) -> 0 | L32: "B"
A33: 24 | B33: VALVE 원가 - BEAR | K33: =K25+K32 -> 1483485 | L33: (A+B)
A34: 24 | B34: VALVE 원가 - LEVER | K34: =K26+K32 -> 1483485 | L34: (A+B)
A35: 24 | B35: VALVE 원가 - GEAR | K35: =K27+K32 -> 1788485 | L35: (A+B)
A36: 25 | B36: FACTOR 금액 - BEAR | I36: FACTOR | J36: 0.7 | K36: =(K25+K32)/J36 -> 2119264.3 | L36: (A+B)XFACTOR
A37: 25 | B37: FACTOR 금액 - LEVER | I37: FACTOR | J37: 0.7 | K37: =(K26+K32)/J37 -> 2119264.3 | L37: (A+B)XFACTOR
A38: 25 | B38: FACTOR 금액 - GEAR | I38: FACTOR | J38: 0.7 | K38: =(K27+K32)/J38 -> 2554978.6 | L38: (A+B)XFACTOR

Sheet 600A
A1: CONCENTRIC BFV 원가 分析表
M2: 3351628 | N2: =M2/0.7 -> 4788040
A3: SIZE | B3: 600A | C3: RATING | D3: #150 | F3: FLANGE DRILLING | I3: ASME B16.47 SER'A | J3: FACE TO FACE | K3: ISO5752 SER'20(154MM)
J4: O.D(MM) | K4: 815 | L4: 외주가공비 / 단가표(EPC)
A5: NO. | B5: 부품명 | C5: 재질 | D5: 수량 | E5: 규격 | F5: 단중 | G5: 업체 | H5: 단가 | I5: 소계 | J5: 가공비 | K5: 합계 | L5: FC/FCD | M5: SC/WCB (ALBC) | N5: SUS | O5: A890 4A | P5: A890 5A | Q5: DISC 중량(일반) | R5: DISC 중량(고압) | T5: 이전 단가 Table 중량
A6: 1 | B6: BODY(WAFER) | C6: =COVER!B13 -> 0 | D6: 1 | F6: 181 | H6: =COVER!C13 -> 0 | I6: =D6*F6*H6 -> 0 | K6: =I6+J6 -> 0 | L6: 130000 | M6: =L6*1.2 -> 156000 | T6: 158
A7: 1 | B7: BODY(LUG) | C7: =COVER!B14 -> A536 Gr65-45-12 | D7: 1 | F7: 266 | H7: =COVER!C14 -> 3500 | I7: =D7*F7*H7 -> 931000 | K7: =I7+J7 -> 931000 | L7: 183000 | M7: 222800 | T7: 250
A8: 1 | B8: BODY(FLANGE) | C8: =COVER!B15 -> 0 | D8: 1 | F8: 266 | H8: =COVER!C15 -> 0 | I8: =D8*F8*H8 -> 0 | K8: =I8+J8 -> 0 | L8: 198000 | M8: =M7 -> 222800 | T8: 287
A9: 2 | B9: DISC | C9: =COVER!B16 -> A351 CF8M | D9: 1 | F9: =IF(COVER!B34="10 BAR",Q9,IF(COVER!B34="16 BAR",R9,IF(COVER!B34="20 BAR",R9))) -> 56 | H9: =COVER!C16 -> 12000 | I9: =D9*F9*H9 -> 672000 | K9: =I9+J9 -> 672000 | L9: 56400 | M9: 56400 | N9: 56400 | O9: =N9*1.3 -> 73320 | P9: =O9*1.3 -> 95316 | Q9: 56 | R9: 70 | T9: 60
A10: 3 | B10: SEAT | C10: =COVER!B18 -> EPDM | D10: 1 | F10: 1 | H10: =IF(C10="NBR",L10,IF(C10="EPDM",L10,IF(C10="VITON",M10))) -> 71060 | I10: =H10*F10*D10 -> 71060 | K10: =I10+J10 -> 71060 | L10: 71060 | M10: 720000 | N10: 427500 | P10: 127100
A11: 4 | B11: STEM(DOUBLE STEM)-KEY | C11: =COVER!B17 -> A564T630 | D11: 1 | F11: 14 | H11: =COVER!C17 -> 10000 | I11: =D11*F11*H11 -> 140000 | K11: =I11+J11 -> 140000 | L11: Ø55X424.5L&254.5L | M11: 12000 | N11: 20000 | O11: =ROUNDUP(P11/1.3,-2) -> 52400 | P11: 68000 | Q11: 12.89 | T11: 14
A12: 5 | B12: PACKING GLAND | C12: ALBC2 | D12: 1 | F12: 1 | H12: =L12 -> 16000 | I12: =D12*F12*H12 -> 16000 | K12: =I12+J12 -> 16000 | L12: 16000
A13: 6 | B13: BUSH | C13: =COVER!B21 -> SSPC | D13: 4 | F13: 1 | H13: =L13 -> 1500 | I13: =H13*F13*D13 -> 6000 | K13: =J13+I13 -> 6000 | L13: 1500
A14: 7 | B14: DISC & STEM KEY | C14: SS41 | D14: 2 | F14: 1 | H14: 900 | I14: =D14*F14*H14 -> 1800 | K14: =I14+J14 -> 1800 | Q14: 임의 지정
A15: 8 | B15: END COVER (WITH O-RING) | C15: =COVER!B22 -> BODY MATERIAL | D15: 1 | F15: 1.52 | H15: =IF(C15="SS400",M15,IF(C15="BODY MATERIAL",N15)) -> 10640 | I15: =H15 -> 10640 | K15: =I15+J15 -> 10640 | L15: Ø110X20T | M15: 4200 | N15: =IF(AND(C15="BODY MATERIAL"),IF((H6>0),H6*F15*2,IF((H7>0),H7*F15*2,IF((H8>0),H8*F15*2)))) -> 10640 | Q15: 임의 지정
A16: 9 | B16: END COVER BOLT | C16: =COVER!B23 -> B8M | D16: 4 | H16: =IF(C16="B8",M16,IF(C16="B8M",N16,IF(C16="B7(다크로)",O16))) -> 400 | I16: =H16*D16 -> 1600 | K16: =J16+I16 -> 1600 | L16: M8X30L | M16: 350 | N16: 400 | O16: 300 | Q16: HEX BOLT
A17: 10 | B17: COLLAR | C17: =COVER!B24 -> ALBC2 | D17: 1 | F17: 1 | H17: =L17 -> 4600 | I17: =H17*F17 -> 4600 | K17: =J17+I17 -> 4600 | L17: 4600
A18: 11 | B18: TOP RETANIER | C18: SS400 | D18: 1 | F18: 0.68 | H18: =M18 -> 2400 | I18: =H18*D18 -> 2400 | K18: =J18+I18 -> 2400 | L18: Ø104X10T | M18: 2400 | S18: 400A 2500원 | U18: 450A 2700원
A19: 12 | B19: TOP RETANIER BOLT | C19: =COVER!B26 -> B8M | D19: 4 | H19: =IF(C19="B8",M19,IF(C19="B8M",N19)) -> 400 | I19: =H19*D19 -> 1600 | K19: =I19+J19 -> 1600 | L19: M6X15L | M19: 200 | N19: 400 | Q19: WRENCH BOLT
A20: 13 | B20: GEAR BOX BOLT | C20: =COVER!B27 -> B8M | D20: 4 | H20: =IF(C20="B8",M20,IF(C20="B8M",N20,IF(C20="B7(다크로)",O20))) -> 5000 | I20: =H20*D20 -> 20000 | K20: =I20+J20 -> 20000 | L20: M20X48L | M20: 4500 | N20: 5000 | O20: 2500 | Q20: HEX BOLT
A21: 14 | B21: DOWEL PIN | D21: 4 | H21: 600 | I21: =H21*D21 -> 2400 | K21: =I21+J21 -> 2400 | L21: Ø20 | Q21: 임의 지정
A22: 15 | B22: GEAR BOX | C22: =COVER!B34 -> 10 BAR | D22: 1 | I22: =IF(C22="10 BAR",M22,IF(C22="16 BAR",N22,IF(C22="20 BAR",O22))) -> 355000 | K22: =I22+J22 -> 355000 | M22: 355000 | N22: 589000 | O22: 589000
A23: 16 | B23: PAINT | C23: =COVER!B32 -> 기존 단가 | D23: 1 | H23: =IF(COVER!B9="APPLICATION",0,IF(COVER!B32="기존 단가",L23,IF(COVER!B32="외주 2COATING",M23,IF(COVER!B32="외주 3COATING",N23)))) -> 101000 | I23: =H23 -> 101000 | L23: 101000 | M23: =IF(H6>0,F6*520,IF(H7>0,F7*520,IF(H8>0,F8*520))) -> 138320 | N23: =IF(H6>0,F6*620,IF(H7>0,F7*620,IF(H8>0,F8*620))) -> 164920
A24: 17 | B24: 조립.검사 | D24: 1 | H24: =IF(COVER!B9="APPLICATION",0,IF(COVER!B9="N/A",L24)) -> 101000 | I24: =H24 -> 101000 | L24: 101000
A25: 18 | B25: 밸브합산(BEAR) | K25: =SUM(K6:K21)+SUM(K23:K24) -> 1881100 | L25: "A"
A26: 18 | B26: 밸브합산(LEVER) | K26: =SUM(K6:K21)+SUM(K23:K24) -> 1881100 | L26: "A"
A27: 18 | B27: 밸브합산(GEAR) | K27: =SUM(K6:K24) -> 2236100 | L27: "A"
A28: 19 | B28: STEM CR PLATING | C28: =COVER!B28 -> REQUIRED | D28: 0 | H28: =IF(C28="REQUIRED",L28,IF(C28="N/A",0)) -> 0 | I28: =H28 -> 0
A29: 20 | B29: RUBBER LINING | D29: 0
A30: 21 | B30: 포장비용 | C30: =COVER!B35 -> MOTOR | D30: 1 | H30: =IF(COVER!B9="APPLICATION",0,IF(COVER!B35="BARE",M30,(IF(COVER!B35="LEVER",M30,IF(COVER!B35="GEAR",N30,IF(COVER!B35="MOTOR",O30)))))) -> 150000 | I30: =H30 -> 150000 | L30: 200000 | M30: 85000 | N30: 85000 | O30: 150000
A31: 22
A32: 23 | B32: 밸브외 사급품 비용 연산 | K32: =SUM(K28:K31) -> 0 | L32: "B"
A33: 24 | B33: VALVE 원가 - BEAR | K33: =K25+K32 -> 1881100 | L33: (A+B)
A34: 24 | B34: VALVE 원가 - LEVER | K34: =K26+K32 -> 1881100 | L34: (A+B)
A35: 24 | B35: VALVE 원가 - GEAR | K35: =K27+K32 -> 2236100 | L35: (A+B)
A36: 25 | B36: FACTOR 금액 - BEAR | I36: FACTOR | J36: 0.7 | K36: =(K25+K32)/J36 -> 2687285.7 | L36: (A+B)XFACTOR
A37: 25 | B37: FACTOR 금액 - LEVER | I37: FACTOR | J37: 0.7 | K37: =(K26+K32)/J37 -> 2687285.7 | L37: (A+B)XFACTOR
A38: 25 | B38: FACTOR 금액 - GEAR | I38: FACTOR | J38: 0.7 | K38: =(K27+K32)/J38 -> 3194428.6 | L38: (A+B)XFACTOR

Sheet 650A
A1: CONCENTRIC BFV 원가 分析表
A3: SIZE | B3: 650A | C3: RATING | D3: #150 | F3: FLANGE DRILLING | I3: ASME B16.47 SER'A | J3: FACE TO FACE | K3: ISO5752 SER'20(165MM)
J4: O.D(MM) | K4: 870 | L4: 외주가공비 / 단가표(EPC)
A5: NO. | B5: 부품명 | C5: 재질 | D5: 수량 | E5: 규격 | F5: 단중 | G5: 업체 | H5: 단가 | I5: 소계 | J5: 가공비 | K5: 합계 | L5: FC/FCD | M5: SC/WCB (ALBC) | N5: SUS | O5: A890 4A | P5: A890 5A | Q5: DISC 중량(일반) | R5: DISC 중량(고압) | T5: 이전 단가 Table 중량
A6: 1 | B6: BODY(WAFER) | C6: =COVER!B13 -> 0 | D6: 1 | F6: 189 | H6: =COVER!C13 -> 0 | I6: =D6*F6*H6 -> 0 | K6: =I6+J6 -> 0 | L6: 139150 | M6: 164450 | T6: 170
A7: 1 | B7: BODY(LUG) | C7: =COVER!B14 -> A536 Gr65-45-12 | D7: 1 | F7: 266 | H7: =COVER!C14 -> 3500 | I7: =D7*F7*H7 -> 931000 | K7: =I7+J7 -> 931000 | L7: 204930 | M7: 242100 | T7: 235
A8: 1 | B8: BODY(FLANGE) | C8: =COVER!B15 -> 0 | D8: 1 | F8: 272 | H8: =COVER!C15 -> 0 | I8: =D8*F8*H8 -> 0 | K8: =I8+J8 -> 0 | L8: 220000 | M8: =M7 -> 242100 | T8: 282
A9: 2 | B9: DISC | C9: =COVER!B16 -> A351 CF8M | D9: 1 | F9: =IF(COVER!B34="10 BAR",Q9,IF(COVER!B34="16 BAR",R9,IF(COVER!B34="20 BAR",R9))) -> 82 | H9: =COVER!C16 -> 12000 | I9: =D9*F9*H9 -> 984000 | K9: =I9+J9 -> 984000 | L9: 63000 | M9: =L9 -> 63000 | N9: =M9 -> 63000 | O9: =N9*1.3 -> 81900 | P9: 116140 | Q9: 82 | R9: 86 | T9: 81.5
A10: 3 | B10: SEAT | C10: =COVER!B18 -> EPDM | D10: 1 | F10: 1 | H10: =IF(C10="NBR",L10,IF(C10="EPDM",L10,IF(C10="VITON",M10))) -> 98895 | I10: =H10*F10*D10 -> 98895 | K10: =I10+J10 -> 98895 | L10: 98895 | M10: 855000 | N10: 594000 | P10: 177000
A11: 4 | B11: STEM(DOUBLE STEM)-KEY | C11: =COVER!B17 -> A564T630 | D11: 1 | F11: 17 | H11: =COVER!C17 -> 10000 | I11: =D11*F11*H11 -> 170000 | K11: =I11+J11 -> 170000 | L11: Ø60X439.5L&244.5L | M11: 15000 | N11: 30000 | O11: =ROUNDUP(P11/1.3,-2) -> 53900 | P11: 70000 | Q11: 15.45 | T11: 16
A12: 5 | B12: PACKING GLAND | C12: ALBC2 | D12: 1 | F12: 1 | H12: =L12 -> 31500 | I12: =D12*F12*H12 -> 31500 | K12: =I12+J12 -> 31500 | L12: 31500
A13: 6 | B13: BUSH | C13: =COVER!B21 -> SSPC | D13: 2 | F13: 1 | H13: =L13 -> 1600 | I13: =H13*F13*D13 -> 3200 | K13: =J13+I13 -> 3200 | L13: 1600
A14: 7 | B14: DISC & STEM KEY | C14: SS41 | D14: 2 | F14: 1 | H14: 1300 | I14: =D14*F14*H14 -> 2600 | K14: =I14+J14 -> 2600 | Q14: 임의 지정
A15: 8 | B15: END COVER (WITH O-RING) | C15: =COVER!B22 -> BODY MATERIAL | D15: 1 | F15: 1.52 | H15: =IF(C15="SS400",M15,IF(C15="BODY MATERIAL",N15)) -> 10640 | I15: =H15 -> 10640 | K15: =I15+J15 -> 10640 | L15: Ø110X20T | M15: 5100 | N15: =IF(AND(C15="BODY MATERIAL"),IF((H6>0),H6*F15*2,IF((H7>0),H7*F15*2,IF((H8>0),H8*F15*2)))) -> 10640 | Q15: 임의 지정
A16: 9 | B16: END COVER BOLT | C16: =COVER!B23 -> B8M | D16: 4 | H16: =IF(C16="B8",M16,IF(C16="B8M",N16,IF(C16="B7(다크로)",O16))) -> 400 | I16: =H16*D16 -> 1600 | K16: =J16+I16 -> 1600 | L16: M8X30L | M16: 350 | N16: 400 | O16: 300 | Q16: HEX BOLT
A17: 10 | B17: COLLAR | C17: =COVER!B24 -> ALBC2 | D17: 1 | F17: 1 | H17: =L17 -> 6500 | I17: =H17*F17 -> 6500 | K17: =J17+I17 -> 6500 | L17: 6500
A18: 11 | B18: TOP RETANIER | C18: SS400 | D18: 1 | F18: 0.81 | H18: =M18 -> 2700 | I18: =H18*D18 -> 2700 | K18: =J18+I18 -> 2700 | L18: Ø114X10T | M18: 2700
A19: 12 | B19: TOP RETANIER BOLT | C19: =COVER!B26 -> B8M | D19: 4 | H19: =IF(C19="B8",M19,IF(C19="B8M",N19)) -> 400 | I19: =H19*D19 -> 1600 | K19: =I19+J19 -> 1600 | L19: M6X15L | M19: 200 | N19: 400 | Q19: WRENCH BOLT
A20: 13 | B20: GEAR BOX BOLT | C20: =COVER!B27 -> B8M | D20: 4 | H20: =IF(C20="B8",M20,IF(C20="B8M",N20,IF(C20="B7(다크로)",O20))) -> 6000 | I20: =H20*D20 -> 24000 | K20: =I20+J20 -> 24000 | L20: M20X55L | M20: 5000 | N20: 6000 | O20: 2500 | Q20: HEX BOLT
A21: 14 | B21: DOWEL PIN | D21: 4 | H21: 650 | I21: =H21*D21 -> 2600 | K21: =I21+J21 -> 2600 | L21: Ø20 | Q21: 임의 지정
A22: 15 | B22: GEAR BOX | C22: =COVER!B34 -> 10 BAR | D22: 1 | I22: =IF(C22="10 BAR",M22,IF(C22="16 BAR",N22,IF(C22="20 BAR",O22))) -> 355000 | K22: =I22+J22 -> 355000 | M22: 355000 | N22: 589000 | O22: 748000
A23: 16 | B23: PAINT | C23: =COVER!B32 -> 기존 단가 | D23: 1 | H23: =IF(COVER!B9="APPLICATION",0,IF(COVER!B32="기존 단가",L23,IF(COVER!B32="외주 2COATING",M23,IF(COVER!B32="외주 3COATING",N23)))) -> 110700 | I23: =H23 -> 110700 | L23: 110700 | M23: =IF(H6>0,F6*520,IF(H7>0,F7*520,IF(H8>0,F8*520))) -> 138320 | N23: =IF(H6>0,F6*620,IF(H7>0,F7*620,IF(H8>0,F8*620))) -> 164920
A24: 17 | B24: 조립.검사 | D24: 1 | H24: =IF(COVER!B9="APPLICATION",0,IF(COVER!B9="N/A",L24)) -> 110700 | I24: =H24 -> 110700 | L24: 110700
A25: 18 | B25: 밸브합산(BEAR) | K25: =SUM(K6:K21)+SUM(K23:K24) -> 2270835 | L25: "A"
A26: 18 | B26: 밸브합산(LEVER) | K26: =SUM(K6:K21)+SUM(K23:K24) -> 2270835 | L26: "A"
A27: 18 | B27: 밸브합산(GEAR) | K27: =SUM(K6:K24) -> 2625835 | L27: "A"
A28: 19 | B28: STEM CR PLATING | C28: =COVER!B28 -> REQUIRED | D28: 0 | H28: =IF(C28="REQUIRED",L28,IF(C28="N/A",0)) -> 0 | I28: =H28 -> 0
A29: 20 | B29: RUBBER LINING | D29: 0
A30: 21 | B30: 포장비용 | C30: =COVER!B35 -> MOTOR | D30: 1 | H30: =IF(COVER!B9="APPLICATION",0,IF(COVER!B35="BARE",M30,(IF(COVER!B35="LEVER",M30,IF(COVER!B35="GEAR",N30,IF(COVER!B35="MOTOR",O30)))))) -> 185000 | I30: =H30 -> 185000 | L30: 201400 | M30: 90000 | N30: 90000 | O30: 185000
A31: 22
A32: 23 | B32: 밸브외 사급품 비용 연산 | K32: =SUM(K28:K31) -> 0 | L32: "B"
A33: 24 | B33: VALVE 원가 - BEAR | K33: =K25+K32 -> 2270835 | L33: (A+B)
A34: 24 | B34: VALVE 원가 - LEVER | K34: =K26+K32 -> 2270835 | L34: (A+B)
A35: 24 | B35: VALVE 원가 - GEAR | K35: =K27+K32 -> 2625835 | L35: (A+B)
A36: 25 | B36: FACTOR 금액 - BEAR | I36: FACTOR | J36: 0.7 | K36: =(K25+K32)/J36 -> 3244050 | L36: (A+B)XFACTOR
A37: 25 | B37: FACTOR 금액 - LEVER | I37: FACTOR | J37: 0.7 | K37: =(K26+K32)/J37 -> 3244050 | L37: (A+B)XFACTOR
A38: 25 | B38: FACTOR 금액 - GEAR | I38: FACTOR | J38: 0.7 | K38: =(K27+K32)/J38 -> 3751192.9 | L38: (A+B)XFACTOR

Sheet 700A
A1: CONCENTRIC BFV 원가 分析表
N2: 4255954 | O2: =N2/0.7 -> 6079934.3
A3: SIZE | B3: 700A | C3: RATING | D3: #150 | F3: FLANGE DRILLING | I3: ASME B16.47 SER'A | J3: FACE TO FACE | K3: ISO5752 SER'20(165MM)
J4: O.D(MM) | K4: 925 | L4: 외주가공비 / 단가표(EPC)
A5: NO. | B5: 부품명 | C5: 재질 | D5: 수량 | E5: 규격 | F5: 단중 | G5: 업체 | H5: 단가 | I5: 소계 | J5: 가공비 | K5: 합계 | L5: FC/FCD | M5: SC/WCB (ALBC) | N5: SUS | O5: A890 4A | P5: A890 5A | Q5: DISC 중량(일반) | R5: DISC 중량(고압) | T5: 이전 단가 Table 중량
A6: 1 | B6: BODY(WAFER) | C6: =COVER!B13 -> 0 | D6: 1 | F6: 196 | H6: =COVER!C13 -> 0 | I6: =D6*F6*H6 -> 0 | K6: =I6+J6 -> 0 | L6: 180000 | M6: 179400 | T6: 185
A7: 1 | B7: BODY(LUG) | C7: =COVER!B14 -> A536 Gr65-45-12 | D7: 1 | F7: 328 | H7: =COVER!C14 -> 3500 | I7: =D7*F7*H7 -> 1148000 | K7: =I7+J7 -> 1148000 | L7: 227700 | M7: =269000*1.1 -> 295900 | T7: 290
A8: 1 | B8: BODY(FLANGE) | C8: =COVER!B15 -> 0 | D8: 1 | F8: 310 | H8: =COVER!C15 -> 0 | I8: =D8*F8*H8 -> 0 | K8: =I8+J8 -> 0 | L8: 245000 | M8: 304900 | T8: 290
A9: 2 | B9: DISC | C9: =COVER!B16 -> A351 CF8M | D9: 1 | F9: =IF(COVER!B34="10 BAR",Q9,IF(COVER!B34="16 BAR",R9,IF(COVER!B34="20 BAR",R9))) -> 100 | H9: =COVER!C16 -> 12000 | I9: =D9*F9*H9 -> 1200000 | K9: =I9+J9 -> 1200000 | L9: 74600 | M9: =L9 -> 74600 | N9: =M9 -> 74600 | O9: =N9*1.3 -> 96980 | P9: 131410 | Q9: 100 | R9: 112 | T9: 109
A10: 3 | B10: SEAT | C10: =COVER!B18 -> EPDM | D10: 1 | F10: 1 | H10: =IF(C10="NBR",L10,IF(C10="EPDM",L10,IF(C10="VITON",M10))) -> 114950 | I10: =H10*F10*D10 -> 114950 | K10: =I10+J10 -> 114950 | L10: 114950 | M10: 990000 | N10: 693500
A11: 4 | B11: STEM(DOUBLE STEM)-KEY | C11: =COVER!B17 -> A564T630 | D11: 1 | F11: 19 | H11: =COVER!C17 -> 10000 | I11: =D11*F11*H11 -> 190000 | K11: =I11+J11 -> 190000 | L11: Ø60X476.5L&Ø65X256.5L | M11: 18000 | N11: 35000 | O11: =ROUNDUP(P11/1.3,-2) -> 61600 | P11: 80000 | Q11: 17.56 | T11: 20.5
A12: 5 | B12: PACKING GLAND | C12: ALBC2 | D12: 1 | F12: 1 | H12: =L12 -> 27000 | I12: =D12*F12*H12 -> 27000 | K12: =I12+J12 -> 27000 | L12: 27000
A13: 6 | B13: BUSH | C13: =COVER!B21 -> SSPC | D13: 4 | F13: 1 | H13: =L13 -> 1760 | I13: =H13*F13*D13 -> 7040 | K13: =J13+I13 -> 7040 | L13: 1760
A14: 7 | B14: DISC & STEM KEY | C14: SS41 | D14: 2 | F14: 1 | H14: 2400 | I14: =D14*F14*H14 -> 4800 | K14: =I14+J14 -> 4800 | Q14: 임의 지정
A15: 8 | B15: END COVER (WITH O-RING) | C15: =COVER!B22 -> BODY MATERIAL | D15: 1 | F15: 1.96 | H15: =IF(C15="SS400",M15,IF(C15="BODY MATERIAL",N15)) -> 13720 | I15: =H15 -> 13720 | K15: =I15+J15 -> 13720 | L15: Ø125X20T | M15: 5100 | N15: =IF(AND(C15="BODY MATERIAL"),IF((H6>0),H6*F15*2,IF((H7>0),H7*F15*2,IF((H8>0),H8*F15*2)))) -> 13720 | Q15: 임의 지정
A16: 9 | B16: END COVER BOLT | C16: =COVER!B23 -> B8M | D16: 4 | H16: =IF(C16="B8",M16,IF(C16="B8M",N16,IF(C16="B7(다크로)",O16))) -> 900 | I16: =H16*D16 -> 3600 | K16: =J16+I16 -> 3600 | L16: M10X35L | M16: 600 | N16: 900 | O16: 750 | Q16: HEX BOLT
A17: 10 | B17: COLLAR | C17: =COVER!B24 -> ALBC2 | D17: 1 | F17: 1 | H17: =L17 -> 6500 | I17: =H17*F17 -> 6500 | K17: =J17+I17 -> 6500 | L17: 6500
A18: 11 | B18: TOP RETANIER | C18: SS400 | D18: 1 | F18: 0.81 | H18: =M18 -> 2700 | I18: =H18*D18 -> 2700 | K18: =J18+I18 -> 2700 | L18: Ø114X10T | M18: 2700
A19: 12 | B19: TOP RETANIER BOLT | C19: =COVER!B26 -> B8M | D19: 4 | H19: =IF(C19="B8",M19,IF(C19="B8M",N19)) -> 400 | I19: =H19*D19 -> 1600 | K19: =I19+J19 -> 1600 | L19: M6X15L | M19: 200 | N19: 400 | Q19: WRENCH BOLT
A20: 13 | B20: GEAR BOX BOLT | C20: =COVER!B27 -> B8M | D20: 4 | H20: =IF(C20="B8",M20,IF(C20="B8M",N20,IF(C20="B7(다크로)",O20))) -> 6000 | I20: =H20*D20 -> 24000 | K20: =I20+J20 -> 24000 | L20: M20X55L | M20: 5000 | N20: 6000 | O20: 2500 | Q20: HEX BOLT
A21: 14 | B21: DOWEL PIN | D21: 4 | H21: 700 | I21: =H21*D21 -> 2800 | K21: =I21+J21 -> 2800 | L21: Ø20 | Q21: 임의 지정
A22: 15 | B22: GEAR BOX | C22: =COVER!B34 -> 10 BAR | D22: 1 | I22: =IF(C22="10 BAR",M22,IF(C22="16 BAR",N22,IF(C22="20 BAR",O22))) -> 589000 | K22: =I22+J22 -> 589000 | M22: 589000 | N22: 748000 | O22: 748000
A23: 16 | B23: PAINT | C23: =COVER!B32 -> 기존 단가 | D23: 1 | H23: =IF(COVER!B9="APPLICATION",0,IF(COVER!B32="기존 단가",L23,IF(COVER!B32="외주 2COATING",M23,IF(COVER!B32="외주 3COATING",N23)))) -> 131000 | I23: =H23 -> 131000 | L23: 131000 | M23: =IF(H6>0,F6*520,IF(H7>0,F7*520,IF(H8>0,F8*520))) -> 170560 | N23: =IF(H6>0,F6*620,IF(H7>0,F7*620,IF(H8>0,F8*620))) -> 203360
A24: 17 | B24: 조립.검사 | D24: 1 | H24: =IF(COVER!B9="APPLICATION",0,IF(COVER!B9="N/A",L24)) -> 161000 | I24: =H24 -> 161000 | L24: 161000
A25: 18 | B25: 밸브합산(BEAR) | K25: =SUM(K6:K21)+SUM(K23:K24) -> 2746710 | L25: "A"
A26: 18 | B26: 밸브합산(LEVER) | K26: =SUM(K6:K21)+SUM(K23:K24) -> 2746710 | L26: "A"
A27: 18 | B27: 밸브합산(GEAR) | K27: =SUM(K6:K24) -> 3335710 | L27: "A"
A28: 19 | B28: STEM CR PLATING | C28: =COVER!B28 -> REQUIRED | D28: 0 | H28: =IF(C28="REQUIRED",L28,IF(C28="N/A",0)) -> 0 | I28: =H28 -> 0
A29: 20 | B29: RUBBER LINING | D29: 0
A30: 21 | B30: 포장비용 | C30: =COVER!B35 -> MOTOR | D30: 1 | H30: =IF(COVER!B9="APPLICATION",0,IF(COVER!B35="BARE",M30,(IF(COVER!B35="LEVER",M30,IF(COVER!B35="GEAR",N30,IF(COVER!B35="MOTOR",O30)))))) -> 200000 | I30: =H30 -> 200000 | L30: 261000 | M30: 105000 | N30: 105000 | O30: 200000
A31: 22
A32: 23 | B32: 밸브외 사급품 비용 연산 | K32: =SUM(K28:K31) -> 0 | L32: "B"
A33: 24 | B33: VALVE 원가 - BEAR | K33: =K25+K32 -> 2746710 | L33: (A+B)
A34: 24 | B34: VALVE 원가 - LEVER | K34: =K26+K32 -> 2746710 | L34: (A+B)
A35: 24 | B35: VALVE 원가 - GEAR | K35: =K27+K32 -> 3335710 | L35: (A+B)
A36: 25 | B36: FACTOR 금액 - BEAR | I36: FACTOR | J36: 0.7 | K36: =(K25+K32)/J36 -> 3923871.4 | L36: (A+B)XFACTOR
A37: 25 | B37: FACTOR 금액 - LEVER | I37: FACTOR | J37: 0.7 | K37: =(K26+K32)/J37 -> 3923871.4 | L37: (A+B)XFACTOR
A38: 25 | B38: FACTOR 금액 - GEAR | I38: FACTOR | J38: 0.7 | K38: =(K27+K32)/J38 -> 4765300 | L38: (A+B)XFACTOR

Sheet 750A
A1: CONCENTRIC BFV 원가 分析表
M2: 5262563 | N2: =M2/0.7 -> 7517947.1
A3: SIZE | B3: 750A | C3: RATING | D3: #150 | F3: FLANGE DRILLING | I3: ASME B16.47 SER'A | J3: FACE TO FACE | K3: ISO5752 SER'20(190MM)
J4: O.D(MM) | K4: 985 | L4: 외주가공비 / 단가표(EPC)
A5: NO. | B5: 부품명 | C5: 재질 | D5: 수량 | E5: 규격 | F5: 단중 | G5: 업체 | H5: 단가 | I5: 소계 | J5: 가공비 | K5: 합계 | L5: FC/FCD | M5: SC/WCB (ALBC) | N5: SUS | O5: A890 4A | P5: A890 5A | Q5: DISC 중량(일반) | R5: DISC 중량(고압) | T5: 이전 단가 Table 중량
A6: 1 | B6: BODY(WAFER) | C6: =COVER!B13 -> 0 | D6: 1 | F6: 272 | H6: =COVER!C13 -> 0 | I6: =D6*F6*H6 -> 0 | K6: =I6+J6 -> 0 | L6: 166980 | M6: 197340 | T6: 235
A7: 1 | B7: BODY(LUG) | C7: =COVER!B14 -> A536 Gr65-45-12 | D7: 1 | F7: 425 | H7: =COVER!C14 -> 3500 | I7: =D7*F7*H7 -> 1487500 | K7: =I7+J7 -> 1487500 | L7: 258060 | M7: 304900 | T7: 370
A8: 1 | B8: BODY(FLANGE) | C8: =COVER!B15 -> 0 | D8: 1 | F8: 386 | H8: =COVER!C15 -> 0 | I8: =D8*F8*H8 -> 0 | K8: =I8+J8 -> 0 | L8: 258060 | M8: =M7 -> 304900 | T8: 400
A9: 2 | B9: DISC | C9: =COVER!B16 -> A351 CF8M | D9: 1 | F9: =IF(COVER!B34="10 BAR",Q9,IF(COVER!B34="16 BAR",R9,IF(COVER!B34="20 BAR",R9))) -> 140 | H9: =COVER!C16 -> 12000 | I9: =D9*F9*H9 -> 1680000 | K9: =I9+J9 -> 1680000 | L9: 91200 | M9: =L9 -> 91200 | N9: =M9 -> 91200 | O9: =N9*1.3 -> 118560 | P9: 140360 | Q9: 140 | R9: 140 | T9: 138
A10: 3 | B10: SEAT | C10: =COVER!B18 -> EPDM | D10: 1 | F10: 1 | H10: =IF(C10="NBR",L10,IF(C10="EPDM",L10,IF(C10="VITON",M10))) -> 141075 | I10: =H10*F10*D10 -> 141075 | K10: =I10+J10 -> 141075 | L10: 141075 | M10: 3420000 | N10: 810000 | O10: 357305 | P10: 270000
A11: 4 | B11: STEM(DOUBLE STEM)-KEY | C11: =COVER!B17 -> A564T630 | D11: 1 | F11: 22 | H11: =COVER!C17 -> 10000 | I11: =D11*F11*H11 -> 220000 | K11: =I11+J11 -> 220000 | L11: Ø65X494.5L&304.5L | M11: 18000 | N11: 35000 | O11: =ROUNDUP(P11/1.3,-2) -> 61600 | P11: 80000 | Q11: 21.18 | T11: 21.2
A12: 5 | B12: PACKING GLAND | C12: ALBC2 | D12: 1 | F12: 1 | H12: =L12 -> 27000 | I12: =D12*F12*H12 -> 27000 | K12: =I12+J12 -> 27000 | L12: 27000
A13: 6 | B13: BUSH | C13: =COVER!B21 -> SSPC | D13: 4 | F13: 1 | H13: =L13 -> 1720 | I13: =H13*F13*D13 -> 6880 | K13: =J13+I13 -> 6880 | L13: 1720
A14: 7 | B14: DISC & STEM KEY | C14: SS41 | D14: 2 | F14: 1 | H14: 2800 | I14: =D14*F14*H14 -> 5600 | K14: =I14+J14 -> 5600 | Q14: 임의 지정
A15: 8 | B15: END COVER (WITH O-RING) | C15: =COVER!B22 -> BODY MATERIAL | D15: 1 | F15: 2.12 | H15: =IF(C15="SS400",M15,IF(C15="BODY MATERIAL",N15)) -> 14840 | I15: =H15 -> 14840 | K15: =I15+J15 -> 14840 | L15: Ø130X20T | M15: 5500 | N15: =IF(AND(C15="BODY MATERIAL"),IF((H6>0),H6*F15*2,IF((H7>0),H7*F15*2,IF((H8>0),H8*F15*2)))) -> 14840 | Q15: 임의 지정
A16: 9 | B16: END COVER BOLT | C16: =COVER!B23 -> B8M | D16: 4 | H16: =IF(C16="B8",M16,IF(C16="B8M",N16,IF(C16="B7(다크로)",O16))) -> 900 | I16: =H16*D16 -> 3600 | K16: =J16+I16 -> 3600 | L16: M10X35L | M16: 600 | N16: 900 | O16: 750 | Q16: HEX BOLT
A17: 10 | B17: COLLAR | C17: =COVER!B24 -> ALBC2 | D17: 1 | F17: 1 | H17: =L17 -> 5500 | I17: =H17*F17 -> 5500 | K17: =J17+I17 -> 5500 | L17: 5500
A18: 11 | B18: TOP RETANIER | C18: SS400 | D18: 1 | F18: 0.81 | H18: =M18 -> 2700 | I18: =H18*D18 -> 2700 | K18: =J18+I18 -> 2700 | L18: Ø114X10T | M18: 2700
A19: 12 | B19: TOP RETANIER BOLT | C19: =COVER!B26 -> B8M | D19: 4 | H19: =IF(C19="B8",M19,IF(C19="B8M",N19)) -> 400 | I19: =H19*D19 -> 1600 | K19: =I19+J19 -> 1600 | L19: M6X15L | M19: 200 | N19: 400 | Q19: WRENCH BOLT
A20: 13 | B20: GEAR BOX BOLT | C20: =COVER!B27 -> B8M | D20: 8 | H20: =IF(C20="B8",M20,IF(C20="B8M",N20,IF(C20="B7(다크로)",O20))) -> 2800 | I20: =H20*D20 -> 22400 | K20: =I20+J20 -> 22400 | L20: M16X55L | M20: 2000 | N20: 2800 | O20: 2000 | Q20: HEX BOLT
A21: 14 | B21: DOWEL PIN | D21: 4 | H21: 750 | I21: =H21*D21 -> 3000 | K21: =I21+J21 -> 3000 | L21: Ø16 | Q21: 임의 지정
A22: 15 | B22: GEAR BOX | C22: =COVER!B34 -> 10 BAR | D22: 1 | I22: =IF(C22="10 BAR",M22,IF(C22="16 BAR",N22,IF(C22="20 BAR",O22))) -> 589000 | K22: =I22+J22 -> 589000 | M22: 589000 | N22: 748000 | O22: 748000
A23: 16 | B23: PAINT | C23: =COVER!B32 -> 기존 단가 | D23: 1 | H23: =IF(COVER!B9="APPLICATION",0,IF(COVER!B32="기존 단가",L23,IF(COVER!B32="외주 2COATING",M23,IF(COVER!B32="외주 3COATING",N23)))) -> 165000 | I23: =H23 -> 165000 | L23: 165000 | M23: =IF(H6>0,F6*520,IF(H7>0,F7*520,IF(H8>0,F8*520))) -> 221000 | N23: =IF(H6>0,F6*620,IF(H7>0,F7*620,IF(H8>0,F8*620))) -> 263500
A24: 17 | B24: 조립.검사 | D24: 1 | H24: =IF(COVER!B9="APPLICATION",0,IF(COVER!B9="N/A",L24)) -> 200000 | I24: =H24 -> 200000 | L24: 200000
A25: 18 | B25: 밸브합산(BEAR) | K25: =SUM(K6:K21)+SUM(K23:K24) -> 3621695 | L25: "A"
A26: 18 | B26: 밸브합산(LEVER) | K26: =SUM(K6:K21)+SUM(K23:K24) -> 3621695 | L26: "A"
A27: 18 | B27: 밸브합산(GEAR) | K27: =SUM(K6:K24) -> 4210695 | L27: "A"
A28: 19 | B28: STEM CR PLATING | C28: =COVER!B28 -> REQUIRED | D28: 0 | H28: =IF(C28="REQUIRED",L28,IF(C28="N/A",0)) -> 0 | I28: =H28 -> 0
A29: 20 | B29: RUBBER LINING | D29: 0
A30: 21 | B30: 포장비용 | C30: =COVER!B35 -> MOTOR | D30: 1 | H30: =IF(COVER!B9="APPLICATION",0,IF(COVER!B35="BARE",M30,(IF(COVER!B35="LEVER",M30,IF(COVER!B35="GEAR",N30,IF(COVER!B35="MOTOR",O30)))))) -> 230000 | I30: =H30 -> 230000 | L30: 286800 | M30: 115000 | N30: 115000 | O30: 230000
A31: 22
A32: 23 | B32: 밸브외 사급품 비용 연산 | K32: =SUM(K28:K31) -> 0 | L32: "B"
A33: 24 | B33: VALVE 원가 - BEAR | K33: =K25+K32 -> 3621695 | L33: (A+B)
A34: 24 | B34: VALVE 원가 - LEVER | K34: =K26+K32 -> 3621695 | L34: (A+B)
A35: 24 | B35: VALVE 원가 - GEAR | K35: =K27+K32 -> 4210695 | L35: (A+B)
A36: 25 | B36: FACTOR 금액 - BEAR | I36: FACTOR | J36: 0.7 | K36: =(K25+K32)/J36 -> 5173850 | L36: (A+B)XFACTOR
A37: 25 | B37: FACTOR 금액 - LEVER | I37: FACTOR | J37: 0.7 | K37: =(K26+K32)/J37 -> 5173850 | L37: (A+B)XFACTOR
A38: 25 | B38: FACTOR 금액 - GEAR | I38: FACTOR | J38: 0.7 | K38: =(K27+K32)/J38 -> 6015278.6 | L38: (A+B)XFACTOR

Sheet 800A
A1: CONCENTRIC BFV 원가 分析表
A3: SIZE | B3: 800A | C3: RATING | D3: #150 | F3: FLANGE DRILLING | I3: ASME B16.47 SER'A | J3: FACE TO FACE | K3: ISO5752 SER'20(190MM)
J4: O.D(MM) | K4: 1060 | L4: 외주가공비 / 단가표(EPC)
A5: NO. | B5: 부품명 | C5: 재질 | D5: 수량 | E5: 규격 | F5: 단중 | G5: 업체 | H5: 단가 | I5: 소계 | J5: 가공비 | K5: 합계 | L5: FC/FCD | M5: SC/WCB (ALBC) | N5: SUS | O5: A890 4A | P5: A890 5A | Q5: DISC 중량(일반) | R5: DISC 중량(고압) | T5: 이전 단가 Table 중량
A6: 1 | B6: BODY(WAFER) | C6: =COVER!B13 -> 0 | D6: 1 | F6: =(272+340)/2 -> 306 | H6: =COVER!C13 -> 0 | I6: =D6*F6*H6 -> 0 | K6: =I6+J6 -> 0 | L6: 182160 | M6: 215280 | T6: 275
A7: 1 | B7: BODY(LUG) | C7: =COVER!B14 -> A536 Gr65-45-12 | D7: 1 | F7: =508 -> 508 | H7: =COVER!C14 -> 3500 | I7: =D7*F7*H7 -> 1778000 | K7: =I7+J7 -> 1778000 | L7: 288420 | M7: 340860 | T7: 440
A8: 1 | B8: BODY(FLANGE) | C8: =COVER!B15 -> 0 | D8: 1 | F8: 459 | H8: =COVER!C15 -> 0 | I8: =D8*F8*H8 -> 0 | K8: =I8+J8 -> 0 | L8: 290000 | M8: 340860 | T8: 470
A9: 2 | B9: DISC | C9: =COVER!B16 -> A351 CF8M | D9: 1 | F9: =IF(COVER!B34="10 BAR",Q9,IF(COVER!B34="16 BAR",R9,IF(COVER!B34="20 BAR",R9))) -> 172 | H9: =COVER!C16 -> 12000 | I9: =D9*F9*H9 -> 2064000 | K9: =I9+J9 -> 2064000 | L9: 102800 | M9: =L9 -> 102800 | N9: =M9 -> 102800 | O9: =N9*1.3 -> 133640 | P9: =O9*1.3 -> 173732 | Q9: 172 | R9: 172 | T9: 148
A10: 3 | B10: SEAT | C10: =COVER!B18 -> EPDM | D10: 1 | F10: 1 | H10: =IF(C10="NBR",L10,IF(C10="EPDM",L10,IF(C10="VITON",M10))) -> 152855 | I10: =H10*F10*D10 -> 152855 | K10: =I10+J10 -> 152855 | L10: 152855 | M10: 1800000 | N10: 916800
A11: 4 | B11: STEM(DOUBLE STEM)-KEY | C11: =COVER!B17 -> A564T630 | D11: 1 | F11: 34 | H11: =COVER!C17 -> 10000 | I11: =D11*F11*H11 -> 340000 | K11: =I11+J11 -> 340000 | L11: Ø75X538L&Ø80X338L | M11: 18000 | N11: 50000 | O11: =ROUNDUP(P11/1.3,-2) -> 73100 | P11: 95000 | Q11: 32.56 | T11: 38
A12: 5 | B12: PACKING GLAND | C12: ALBC2 | D12: 1 | F12: 1 | H12: =L12 -> 41000 | I12: =D12*F12*H12 -> 41000 | K12: =I12+J12 -> 41000 | L12: 41000
A13: 6 | B13: BUSH | C13: =COVER!B21 -> SSPC | D13: 4 | F13: 1 | H13: =L13 -> 2640 | I13: =H13*F13*D13 -> 10560 | K13: =J13+I13 -> 10560 | L13: 2640
A14: 7 | B14: DISC & STEM KEY | C14: SS41 | D14: 2 | F14: 1 | H14: 2800 | I14: =D14*F14*H14 -> 5600 | K14: =I14+J14 -> 5600 | Q14: 임의 지정
A15: 8 | B15: END COVER (WITH O-RING) | C15: =COVER!B22 -> BODY MATERIAL | D15: 1 | F15: 2.46 | H15: =IF(C15="SS400",M15,IF(C15="BODY MATERIAL",N15)) -> 17220 | I15: =H15 -> 17220 | K15: =I15+J15 -> 17220 | L15: Ø140X20T | M15: 6500 | N15: =IF(AND(C15="BODY MATERIAL"),IF((H6>0),H6*F15*2,IF((H7>0),H7*F15*2,IF((H8>0),H8*F15*2)))) -> 17220 | Q15: 임의 지정
A16: 9 | B16: END COVER BOLT | C16: =COVER!B23 -> B8M | D16: 4 | H16: =IF(C16="B8",M16,IF(C16="B8M",N16,IF(C16="B7(다크로)",O16))) -> 900 | I16: =H16*D16 -> 3600 | K16: =J16+I16 -> 3600 | L16: M10X35L | M16: 600 | N16: 900 | O16: 750 | Q16: HEX BOLT
A17: 10 | B17: COLLAR | C17: =COVER!B24 -> ALBC2 | D17: 1 | F17: 1 | H17: =L17 -> 12200 | I17: =H17*F17 -> 12200 | K17: =J17+I17 -> 12200 | L17: 12200
A18: 11 | B18: TOP RETANIER | C18: SS400 | D18: 1 | F18: 1.45 | H18: =M18 -> 4500 | I18: =H18*D18 -> 4500 | K18: =J18+I18 -> 4500 | L18: Ø139X12T | M18: 4500
A19: 12 | B19: TOP RETANIER BOLT | C19: =COVER!B26 -> B8M | D19: 4 | H19: =IF(C19="B8",M19,IF(C19="B8M",N19)) -> 500 | I19: =H19*D19 -> 2000 | K19: =I19+J19 -> 2000 | L19: M8X20L | M19: 200 | N19: 500 | Q19: WRENCH BOLT
A20: 13 | B20: GEAR BOX BOLT | C20: =COVER!B27 -> B8M | D20: 8 | H20: =IF(C20="B8",M20,IF(C20="B8M",N20,IF(C20="B7(다크로)",O20))) -> 2800 | I20: =H20*D20 -> 22400 | K20: =I20+J20 -> 22400 | L20: M16X60L | M20: 2000 | N20: 2800 | O20: 2000 | Q20: HEX BOLT
A21: 14 | B21: DOWEL PIN | D21: 4 | H21: 800 | I21: =H21*D21 -> 3200 | K21: =I21+J21 -> 3200 | L21: Ø18 | Q21: 임의 지정
A22: 15 | B22: GEAR BOX | C22: =COVER!B34 -> 10 BAR | D22: 1 | I22: =IF(C22="10 BAR",M22,IF(C22="16 BAR",N22,IF(C22="20 BAR",O22))) -> 589000 | K22: =I22+J22 -> 589000 | M22: 589000 | N22: 748000 | O22: 748000
A23: 16 | B23: PAINT | C23: =COVER!B32 -> 기존 단가 | D23: 1 | H23: =IF(COVER!B9="APPLICATION",0,IF(COVER!B32="기존 단가",L23,IF(COVER!B32="외주 2COATING",M23,IF(COVER!B32="외주 3COATING",N23)))) -> 200000 | I23: =H23 -> 200000 | L23: 200000 | M23: =IF(H6>0,F6*520,IF(H7>0,F7*520,IF(H8>0,F8*520))) -> 264160 | N23: =IF(H6>0,F6*620,IF(H7>0,F7*620,IF(H8>0,F8*620))) -> 314960
A24: 17 | B24: 조립.검사 | D24: 1 | H24: =IF(COVER!B9="APPLICATION",0,IF(COVER!B9="N/A",L24)) -> 250000 | I24: =H24 -> 250000 | L24: 250000
A25: 18 | B25: 밸브합산(BEAR) | K25: =SUM(K6:K21)+SUM(K23:K24) -> 4457135 | L25: "A"
A26: 18 | B26: 밸브합산(LEVER) | K26: =SUM(K6:K21)+SUM(K23:K24) -> 4457135 | L26: "A"
A27: 18 | B27: 밸브합산(GEAR) | K27: =SUM(K6:K24) -> 5046135 | L27: "A"
A28: 19 | B28: STEM CR PLATING | C28: =COVER!B28 -> REQUIRED | D28: 0 | H28: =IF(C28="REQUIRED",L28,IF(C28="N/A",0)) -> 0 | I28: =H28 -> 0
A29: 20 | B29: RUBBER LINING | D29: 0
A30: 21 | B30: 포장비용 | C30: =COVER!B35 -> MOTOR | D30: 1 | H30: =IF(COVER!B9="APPLICATION",0,IF(COVER!B35="BARE",M30,(IF(COVER!B35="LEVER",M30,IF(COVER!B35="GEAR",N30,IF(COVER!B35="MOTOR",O30)))))) -> 280000 | I30: =H30 -> 280000 | L30: 286000 | M30: 135000 | N30: 135000 | O30: 280000
A31: 22
A32: 23 | B32: 밸브외 사급품 비용 연산 | K32: =SUM(K28:K31) -> 0 | L32: "B"
A33: 24 | B33: VALVE 원가 - BEAR | K33: =K25+K32 -> 4457135 | L33: (A+B)
A34: 24 | B34: VALVE 원가 - LEVER | K34: =K26+K32 -> 4457135 | L34: (A+B)
A35: 24 | B35: VALVE 원가 - GEAR | K35: =K27+K32 -> 5046135 | L35: (A+B)
A36: 25 | B36: FACTOR 금액 - BEAR | I36: FACTOR | J36: 0.7 | K36: =(K25+K32)/J36 -> 6367335.7 | L36: (A+B)XFACTOR
A37: 25 | B37: FACTOR 금액 - LEVER | I37: FACTOR | J37: 0.7 | K37: =(K26+K32)/J37 -> 6367335.7 | L37: (A+B)XFACTOR
A38: 25 | B38: FACTOR 금액 - GEAR | I38: FACTOR | J38: 0.7 | K38: =(K27+K32)/J38 -> 7208764.3 | L38: (A+B)XFACTOR

Sheet 850A
A1: CONCENTRIC BFV 원가 分析表
A3: SIZE | B3: 850A | C3: RATING | D3: #150 | F3: FLANGE DRILLING | I3: ASME B16.47 SER'A | J3: FACE TO FACE | K3: MFG STD(200MM)
J4: O.D(MM) | K4: 1110 | L4: 외주가공비 / 단가표(EPC)
A5: NO. | B5: 부품명 | C5: 재질 | D5: 수량 | E5: 규격 | F5: 단중 | G5: 업체 | H5: 단가 | I5: 소계 | J5: 가공비 | K5: 합계 | L5: FC/FCD | M5: SC/WCB (ALBC) | N5: SUS | O5: A890 4A | P5: A890 5A | Q5: DISC 중량(일반) | R5: DISC 중량(고압) | T5: 이전 단가 Table 중량
A6: 1 | B6: BODY(WAFER) | C6: =COVER!B13 -> 0 | D6: 1 | F6: 340 | H6: =COVER!C13 -> 0 | I6: =D6*F6*H6 -> 0 | K6: =I6+J6 -> 0 | L6: 204930 | M6: 242190 | T6: 310
A7: 1 | B7: BODY(LUG) | C7: =COVER!B14 -> A536 Gr65-45-12 | D7: 1 | F7: =570*1.05 -> 598.5 | H7: =COVER!C14 -> 3500 | I7: =D7*F7*H7 -> 2094750 | K7: =I7+J7 -> 2094750 | L7: 333960 | M7: 394680 | T7: 440
A8: 1 | B8: BODY(FLANGE) | C8: =COVER!B15 -> 0 | D8: 1 | F8: 484 | H8: =COVER!C15 -> 0 | I8: =D8*F8*H8 -> 0 | K8: =I8+J8 -> 0 | L8: 333960 | M8: 394680 | T8: 408
A9: 2 | B9: DISC | C9: =COVER!B16 -> A351 CF8M | D9: 1 | F9: =IF(COVER!B34="10 BAR",Q9,IF(COVER!B34="16 BAR",R9,IF(COVER!B34="20 BAR",R9))) -> 198 | H9: =COVER!C16 -> 12000 | I9: =D9*F9*H9 -> 2376000 | K9: =I9+J9 -> 2376000 | L9: 109400 | M9: =L9 -> 109400 | N9: =M9 -> 109400 | O9: =N9*1.3 -> 142220 | P9: =O9*1.3 -> 184886 | Q9: 198 | R9: 198 | T9: 202
A10: 3 | B10: SEAT | C10: =COVER!B18 -> EPDM | D10: 1 | F10: 1 | H10: =IF(C10="NBR",L10,IF(C10="EPDM",L10,IF(C10="VITON",M10))) -> 191045 | I10: =H10*F10*D10 -> 191045 | K10: =I10+J10 -> 191045 | L10: 191045 | M10: 1890000 | N10: 1187500
A11: 4 | B11: STEM(DOUBLE STEM)-KEY | C11: =COVER!B17 -> A564T630 | D11: 1 | F11: 35 | H11: =COVER!C17 -> 10000 | I11: =D11*F11*H11 -> 350000 | K11: =I11+J11 -> 350000 | L11: Ø75X541.5L&Ø85X331.5L | M11: 24000 | N11: 60000 | O11: =ROUNDUP(P11/1.3,-2) -> 73100 | P11: 95000 | Q11: 34.14 | T11: 38
A12: 5 | B12: PACKING GLAND | C12: ALBC2 | D12: 1 | F12: 1 | H12: =L12 -> 43000 | I12: =D12*F12*H12 -> 43000 | K12: =I12+J12 -> 43000 | L12: 43000
A13: 6 | B13: BUSH | C13: =COVER!B21 -> SSPC | D13: 4 | F13: 1 | H13: =L13 -> 2230 | I13: =H13*F13*D13 -> 8920 | K13: =J13+I13 -> 8920 | L13: 2230
A14: 7 | B14: DISC & STEM KEY | C14: SS41 | D14: 2 | F14: 1 | H14: 2800 | I14: =D14*F14*H14 -> 5600 | K14: =I14+J14 -> 5600 | Q14: 임의 지정
A15: 8 | B15: END COVER (WITH O-RING) | C15: =COVER!B22 -> BODY MATERIAL | D15: 1 | F15: 2.82 | H15: =IF(C15="SS400",M15,IF(C15="BODY MATERIAL",N15)) -> 19740 | I15: =H15 -> 19740 | K15: =I15+J15 -> 19740 | L15: Ø150X20T | M15: 7500 | N15: =IF(AND(C15="BODY MATERIAL"),IF((H6>0),H6*F15*2,IF((H7>0),H7*F15*2,IF((H8>0),H8*F15*2)))) -> 19740 | Q15: 임의 지정
A16: 9 | B16: END COVER BOLT | C16: =COVER!B23 -> B8M | D16: 6 | H16: =IF(C16="B8",M16,IF(C16="B8M",N16,IF(C16="B7(다크로)",O16))) -> 900 | I16: =H16*D16 -> 5400 | K16: =J16+I16 -> 5400 | L16: M10X35L | M16: 600 | N16: 900 | O16: 750 | Q16: HEX BOLT
A17: 10 | B17: COLLAR | C17: =COVER!B24 -> ALBC2 | D17: 1 | F17: 1 | H17: =L17 -> 14500 | I17: =H17*F17 -> 14500 | K17: =J17+I17 -> 14500 | L17: 14500
A18: 11 | B18: TOP RETANIER | C18: SS400 | D18: 1 | F18: 1.67 | H18: =M18 -> 5500 | I18: =H18*D18 -> 5500 | K18: =J18+I18 -> 5500 | L18: Ø149X12T | M18: 5500
A19: 12 | B19: TOP RETANIER BOLT | C19: =COVER!B26 -> B8M | D19: 4 | H19: =IF(C19="B8",M19,IF(C19="B8M",N19)) -> 500 | I19: =H19*D19 -> 2000 | K19: =I19+J19 -> 2000 | L19: M8X20L | M19: 200 | N19: 500 | Q19: WRENCH BOLT
A20: 13 | B20: GEAR BOX BOLT | C20: =COVER!B27 -> B8M | D20: 8 | H20: =IF(C20="B8",M20,IF(C20="B8M",N20,IF(C20="B7(다크로)",O20))) -> 3000 | I20: =H20*D20 -> 24000 | K20: =I20+J20 -> 24000 | L20: M16X70L | M20: 2500 | N20: 3000 | O20: 2500 | Q20: HEX BOLT
A21: 14 | B21: DOWEL PIN | D21: 4 | H21: 850 | I21: =H21*D21 -> 3400 | K21: =I21+J21 -> 3400 | L21: Ø18 | Q21: 임의 지정
A22: 15 | B22: GEAR BOX | C22: =COVER!B34 -> 10 BAR | D22: 1 | I22: =IF(C22="10 BAR",M22,IF(C22="16 BAR",N22,IF(C22="20 BAR",O22))) -> 589000 | K22: =I22+J22 -> 589000 | M22: 589000 | N22: 748000 | O22: 1301000
A23: 16 | B23: PAINT | C23: =COVER!B32 -> 기존 단가 | D23: 1 | H23: =IF(COVER!B9="APPLICATION",0,IF(COVER!B32="기존 단가",L23,IF(COVER!B32="외주 2COATING",M23,IF(COVER!B32="외주 3COATING",N23)))) -> 216000 | I23: =H23 -> 216000 | L23: 216000 | M23: =IF(H6>0,F6*520,IF(H7>0,F7*520,IF(H8>0,F8*520))) -> 311220 | N23: =IF(H6>0,F6*620,IF(H7>0,F7*620,IF(H8>0,F8*620))) -> 371070
A24: 17 | B24: 조립.검사 | D24: 1 | H24: =IF(COVER!B9="APPLICATION",0,IF(COVER!B9="N/A",L24)) -> 266000 | I24: =H24 -> 266000 | L24: 266000
A25: 18 | B25: 밸브합산(BEAR) | K25: =SUM(K6:K21)+SUM(K23:K24) -> 5143855 | L25: "A"
A26: 18 | B26: 밸브합산(LEVER) | K26: =SUM(K6:K21)+SUM(K23:K24) -> 5143855 | L26: "A"
A27: 18 | B27: 밸브합산(GEAR) | K27: =SUM(K6:K24) -> 5732855 | L27: "A"
A28: 19 | B28: STEM CR PLATING | C28: =COVER!B28 -> REQUIRED | D28: 0 | H28: =IF(C28="REQUIRED",L28,IF(C28="N/A",0)) -> 0 | I28: =H28 -> 0
A29: 20 | B29: RUBBER LINING | D29: 0
A30: 21 | B30: 포장비용 | C30: =COVER!B35 -> MOTOR | D30: 1 | H30: =IF(COVER!B9="APPLICATION",0,IF(COVER!B35="BARE",M30,(IF(COVER!B35="LEVER",M30,IF(COVER!B35="GEAR",N30,IF(COVER!B35="MOTOR",O30)))))) -> 300000 | I30: =H30 -> 300000 | L30: 420000 | M30: 165000 | N30: 165000 | O30: 300000
A31: 22
A32: 23 | B32: 밸브외 사급품 비용 연산 | K32: =SUM(K28:K31) -> 0 | L32: "B"
A33: 24 | B33: VALVE 원가 - BEAR | K33: =K25+K32 -> 5143855 | L33: (A+B)
A34: 24 | B34: VALVE 원가 - LEVER | K34: =K26+K32 -> 5143855 | L34: (A+B)
A35: 24 | B35: VALVE 원가 - GEAR | K35: =K27+K32 -> 5732855 | L35: (A+B)
A36: 25 | B36: FACTOR 금액 - BEAR | I36: FACTOR | J36: 0.7 | K36: =(K25+K32)/J36 -> 7348364.3 | L36: (A+B)XFACTOR
A37: 25 | B37: FACTOR 금액 - LEVER | I37: FACTOR | J37: 0.7 | K37: =(K26+K32)/J37 -> 7348364.3 | L37: (A+B)XFACTOR
A38: 25 | B38: FACTOR 금액 - GEAR | I38: FACTOR | J38: 0.7 | K38: =(K27+K32)/J38 -> 8189792.9 | L38: (A+B)XFACTOR

Sheet 900A
A1: CONCENTRIC BFV 원가 分析表
M2: =M7/L7 -> 1.1818565
A3: SIZE | B3: 900A | C3: RATING | D3: #150 | F3: FLANGE DRILLING | I3: ASME B16.47 SER'A | J3: FACE TO FACE | K3: ISO5752 SER'20(203MM) | M3: =L7/M7 -> 0.84612644
J4: O.D(MM) | K4: 1170 | L4: 외주가공비 / 단가표(EPC)
A5: NO. | B5: 부품명 | C5: 재질 | D5: 수량 | E5: 규격 | F5: 단중 | G5: 업체 | H5: 단가 | I5: 소계 | J5: 가공비 | K5: 합계 | L5: FC/FCD | M5: SC/WCB (ALBC) | N5: SUS | O5: A890 4A | P5: A890 5A | Q5: DISC 중량(일반) | R5: DISC 중량(고압) | T5: 이전 단가 Table 중량
A6: 1 | B6: BODY(WAFER) | C6: =COVER!B13 -> 0 | D6: 1 | F6: 356 | H6: =COVER!C13 -> 0 | I6: =D6*F6*H6 -> 0 | K6: =I6+J6 -> 0 | L6: 243854 | M6: 288191 | T6: 370
A7: 1 | B7: BODY(LUG) | C7: =COVER!B14 -> A536 Gr65-45-12 | D7: 1 | F7: 638 | H7: =COVER!C14 -> 3500 | I7: =D7*F7*H7 -> 2233000 | K7: =I7+J7 -> 2233000 | L7: 372871 | M7: 440680 | T7: 470
A8: 1 | B8: BODY(FLANGE) | C8: =COVER!B15 -> 0 | D8: 1 | F8: 522 | H8: =COVER!C15 -> 0 | I8: =D8*F8*H8 -> 0 | K8: =I8+J8 -> 0 | L8: 372871 | M8: 440680 | T8: 560
A9: 2 | B9: DISC | C9: =COVER!B16 -> A351 CF8M | D9: 1 | F9: =IF(COVER!B34="10 BAR",Q9,IF(COVER!B34="16 BAR",R9,IF(COVER!B34="20 BAR",R9))) -> 216 | H9: =COVER!C16 -> 12000 | I9: =D9*F9*H9 -> 2592000 | K9: =I9+J9 -> 2592000 | L9: 146000 | M9: =L9 -> 146000 | N9: =M9 -> 146000 | O9: =N9*1.3 -> 189800 | P9: =O9*1.3 -> 246740 | Q9: 216 | R9: 216 | T9: 215
A10: 3 | B10: SEAT | C10: =COVER!B18 -> EPDM | D10: 1 | F10: 1 | H10: =IF(C10="NBR",L10,IF(C10="EPDM",L10,IF(C10="VITON",M10))) -> 209000 | I10: =H10*F10*D10 -> 209000 | K10: =I10+J10 -> 209000 | L10: 209000 | M10: 4200000 | N10: 990000
A11: 4 | B11: STEM(DOUBLE STEM)-KEY | C11: =COVER!B17 -> A564T630 | D11: 1 | F11: 35 | H11: =COVER!C17 -> 10000 | I11: =D11*F11*H11 -> 350000 | K11: =I11+J11 -> 350000 | L11: Ø75X561.5L&361.5L | M11: 24000 | N11: 60000 | O11: =ROUNDUP(P11/1.3,-2) -> 80800 | P11: 105000 | Q11: 32.58 | T11: 46
A12: 5 | B12: PACKING GLAND | C12: ALBC2 | D12: 1 | F12: 1 | H12: =L12 -> 39000 | I12: =D12*F12*H12 -> 39000 | K12: =I12+J12 -> 39000 | L12: 39000
A13: 6 | B13: BUSH | C13: =COVER!B21 -> SSPC | D13: 4 | F13: 1 | H13: =L13 -> 2740 | I13: =H13*F13*D13 -> 10960 | K13: =J13+I13 -> 10960 | L13: 2740
A14: 7 | B14: DISC & STEM KEY | C14: SS41 | D14: 2 | F14: 1 | H14: 2800 | I14: =D14*F14*H14 -> 5600 | K14: =I14+J14 -> 5600 | Q14: 임의 지정
A15: 8 | B15: END COVER (WITH O-RING) | C15: =COVER!B22 -> BODY MATERIAL | D15: 1 | F15: 3.62 | H15: =IF(C15="SS400",M15,IF(C15="BODY MATERIAL",N15)) -> 25340 | I15: =H15 -> 25340 | K15: =I15+J15 -> 25340 | L15: Ø170X20T | M15: 9000 | N15: =IF(AND(C15="BODY MATERIAL"),IF((H6>0),H6*F15*2,IF((H7>0),H7*F15*2,IF((H8>0),H8*F15*2)))) -> 25340 | Q15: 임의 지정
A16: 9 | B16: END COVER BOLT | C16: =COVER!B23 -> B8M | D16: 6 | H16: =IF(C16="B8",M16,IF(C16="B8M",N16,IF(C16="B7(다크로)",O16))) -> 1200 | I16: =H16*D16 -> 7200 | K16: =J16+I16 -> 7200 | L16: M12X35L | M16: 600 | N16: 1200 | O16: 1000 | Q16: HEX BOLT
A17: 10 | B17: COLLAR | C17: =COVER!B24 -> ALBC2 | D17: 1 | F17: 1 | H17: =L17 -> 11500 | I17: =H17*F17 -> 11500 | K17: =J17+I17 -> 11500 | L17: 11500
A18: 11 | B18: TOP RETANIER | C18: SS400 | D18: 1 | F18: 1.45 | H18: =M18 -> 4500 | I18: =H18*D18 -> 4500 | K18: =J18+I18 -> 4500 | L18: Ø139X12T | M18: 4500
A19: 12 | B19: TOP RETANIER BOLT | C19: =COVER!B26 -> B8M | D19: 4 | H19: =IF(C19="B8",M19,IF(C19="B8M",N19)) -> 500 | I19: =H19*D19 -> 2000 | K19: =I19+J19 -> 2000 | L19: M8X20L | M19: 200 | N19: 500 | Q19: WRENCH BOLT
A20: 13 | B20: GEAR BOX BOLT | C20: =COVER!B27 -> B8M | D20: 8 | H20: =IF(C20="B8",M20,IF(C20="B8M",N20,IF(C20="B7(다크로)",O20))) -> 3000 | I20: =H20*D20 -> 24000 | K20: =I20+J20 -> 24000 | L20: M16X70L | M20: 2500 | N20: 3000 | O20: 2500 | Q20: HEX BOLT
A21: 14 | B21: DOWEL PIN | D21: 4 | H21: 900 | I21: =H21*D21 -> 3600 | K21: =I21+J21 -> 3600 | L21: Ø18 | Q21: 임의 지정
A22: 15 | B22: GEAR BOX | C22: =COVER!B34 -> 10 BAR | D22: 1 | I22: =IF(C22="10 BAR",M22,IF(C22="16 BAR",N22,IF(C22="20 BAR",O22))) -> 748000 | K22: =I22+J22 -> 748000 | M22: 748000 | N22: 1301000 | O22: 1301000
A23: 16 | B23: PAINT | C23: =COVER!B32 -> 기존 단가 | D23: 1 | H23: =IF(COVER!B9="APPLICATION",0,IF(COVER!B32="기존 단가",L23,IF(COVER!B32="외주 2COATING",M23,IF(COVER!B32="외주 3COATING",N23)))) -> 232000 | I23: =H23 -> 232000 | L23: 232000 | M23: =IF(H6>0,F6*520,IF(H7>0,F7*520,IF(H8>0,F8*520))) -> 331760 | N23: =IF(H6>0,F6*620,IF(H7>0,F7*620,IF(H8>0,F8*620))) -> 395560
A24: 17 | B24: 조립.검사 | D24: 1 | H24: =IF(COVER!B9="APPLICATION",0,IF(COVER!B9="N/A",L24)) -> 292000 | I24: =H24 -> 292000 | L24: 292000
A25: 18 | B25: 밸브합산(BEAR) | K25: =SUM(K6:K21)+SUM(K23:K24) -> 5517700 | L25: "A"
A26: 18 | B26: 밸브합산(LEVER) | K26: =SUM(K6:K21)+SUM(K23:K24) -> 5517700 | L26: "A"
A27: 18 | B27: 밸브합산(GEAR) | K27: =SUM(K6:K24) -> 6265700 | L27: "A"
A28: 19 | B28: STEM CR PLATING | C28: =COVER!B28 -> REQUIRED | D28: 0 | H28: =IF(C28="REQUIRED",L28,IF(C28="N/A",0)) -> 0 | I28: =H28 -> 0
A29: 20 | B29: RUBBER LINING | D29: 0
A30: 21 | B30: 포장비용 | C30: =COVER!B35 -> MOTOR | D30: 1 | H30: =IF(COVER!B9="APPLICATION",0,IF(COVER!B35="BARE",M30,(IF(COVER!B35="LEVER",M30,IF(COVER!B35="GEAR",N30,IF(COVER!B35="MOTOR",O30)))))) -> 300000 | I30: =H30 -> 300000 | L30: 423200 | M30: 190000 | N30: 190000 | O30: 300000
A31: 22
A32: 23 | B32: 밸브외 사급품 비용 연산 | K32: =SUM(K28:K31) -> 0 | L32: "B"
A33: 24 | B33: VALVE 원가 - BEAR | K33: =K25+K32 -> 5517700 | L33: (A+B)
A34: 24 | B34: VALVE 원가 - LEVER | K34: =K26+K32 -> 5517700 | L34: (A+B)
A35: 24 | B35: VALVE 원가 - GEAR | K35: =K27+K32 -> 6265700 | L35: (A+B)
A36: 25 | B36: FACTOR 금액 - BEAR | I36: FACTOR | J36: 0.7 | K36: =(K25+K32)/J36 -> 7882428.6 | L36: (A+B)XFACTOR
A37: 25 | B37: FACTOR 금액 - LEVER | I37: FACTOR | J37: 0.7 | K37: =(K26+K32)/J37 -> 7882428.6 | L37: (A+B)XFACTOR
A38: 25 | B38: FACTOR 금액 - GEAR | I38: FACTOR | J38: 0.7 | K38: =(K27+K32)/J38 -> 8951000 | L38: (A+B)XFACTOR

Sheet 950A
A1: CONCENTRIC BFV 원가 分析表
A3: SIZE | B3: 950A | C3: RATING | D3: #150 | F3: FLANGE DRILLING | I3: ASME B16.47 SER'A | J3: FACE TO FACE | K3: MFG STD(203MM)
J4: O.D(MM) | K4: 1240 | L4: 외주가공비 / 단가표(EPC)
A5: NO. | B5: 부품명 | C5: 재질 | D5: 수량 | E5: 규격 | F5: 단중 | G5: 업체 | H5: 단가 | I5: 소계 | J5: 가공비 | K5: 합계 | L5: FC/FCD | M5: SC/WCB (ALBC) | N5: SUS | O5: A890 4A | P5: A890 5A | Q5: DISC 중량(일반) | R5: DISC 중량(고압) | T5: 이전 단가 Table 중량
A6: 1 | B6: BODY(WAFER) | C6: =COVER!B13 -> 0 | D6: 1 | F6: =(356+424)/2 -> 390 | H6: =COVER!C13 -> 0 | I6: =D6*F6*H6 -> 0 | K6: =I6+J6 -> 0 | L6: 282762 | M6: 334190 | T6: 400
A7: 1 | B7: BODY(LUG) | C7: =COVER!B14 -> A536 Gr65-45-12 | D7: 1 | F7: 688 | H7: =COVER!C14 -> 3500 | I7: =D7*F7*H7 -> 2408000 | K7: =I7+J7 -> 2408000 | L7: 411795 | M7: 486680 | T7: 675
A8: 1 | B8: BODY(FLANGE) | C8: =COVER!B15 -> 0 | D8: 1 | F8: 614 | H8: =COVER!C15 -> 0 | I8: =D8*F8*H8 -> 0 | K8: =I8+J8 -> 0 | L8: 411795 | M8: 486680 | T8: 690
A9: 2 | B9: DISC | C9: =COVER!B16 -> A351 CF8M | D9: 1 | F9: =IF(COVER!B34="10 BAR",Q9,IF(COVER!B34="16 BAR",R9,IF(COVER!B34="20 BAR",R9))) -> 222 | H9: =COVER!C16 -> 12000 | I9: =D9*F9*H9 -> 2664000 | K9: =I9+J9 -> 2664000 | L9: 192400 | M9: =L9 -> 192400 | N9: =M9 -> 192400 | O9: =N9*1.3 -> 250120 | P9: =O9*1.3 -> 325156 | Q9: 222 | R9: 222 | T9: 265
A10: 3 | B10: SEAT | C10: =COVER!B18 -> EPDM | D10: 1 | F10: 1 | H10: =IF(C10="NBR",L10,IF(C10="EPDM",L10,IF(C10="VITON",M10))) -> 219450 | I10: =H10*F10*D10 -> 219450 | K10: =I10+J10 -> 219450 | L10: 219450 | M10: N/A | N10: 1125000
A11: 4 | B11: STEM(DOUBLE STEM)-KEY | C11: =COVER!B17 -> A564T630 | D11: 1 | F11: 50 | H11: =COVER!C17 -> 10000 | I11: =D11*F11*H11 -> 500000 | K11: =I11+J11 -> 500000 | L11: Ø90X580.5L&375.5L | M11: 30000 | N11: 80000 | O11: =ROUNDUP(P11/1.3,-2) -> 107700 | P11: 140000 | Q11: 48.59 | T11: 50
A12: 5 | B12: PACKING GLAND | C12: =COVER!B20 -> ALBC2 | D12: 1 | F12: 1 | H12: =L12 -> 65500 | I12: =D12*F12*H12 -> 65500 | K12: =I12+J12 -> 65500 | L12: 65500
A13: 6 | B13: BUSH | C13: =COVER!B21 -> SSPC | D13: 6 | F13: 1 | H13: =L13 -> 3460 | I13: =H13*F13*D13 -> 20760 | K13: =J13+I13 -> 20760 | L13: 3460
A14: 7 | B14: DISC & STEM KEY | C14: SS41 | D14: 2 | F14: 1 | H14: 3400 | I14: =D14*F14*H14 -> 6800 | K14: =I14+J14 -> 6800 | Q14: 임의 지정
A15: 8 | B15: END COVER (WITH O-RING) | C15: =COVER!B22 -> BODY MATERIAL | D15: 1 | F15: 3.84 | H15: =IF(C15="SS400",M15,IF(C15="BODY MATERIAL",N15)) -> 26880 | I15: =H15 -> 26880 | K15: =I15+J15 -> 26880 | L15: Ø175X20T | M15: 9500 | N15: =IF(AND(C15="BODY MATERIAL"),IF((H6>0),H6*F15*2,IF((H7>0),H7*F15*2,IF((H8>0),H8*F15*2)))) -> 26880 | Q15: 임의 지정
A16: 9 | B16: END COVER BOLT | C16: =COVER!B23 -> B8M | D16: 6 | H16: =IF(C16="B8",M16,IF(C16="B8M",N16,IF(C16="B7(다크로)",O16))) -> 1200 | I16: =H16*D16 -> 7200 | K16: =J16+I16 -> 7200 | L16: M12X35L | M16: 600 | N16: 1200 | O16: 1000 | Q16: HEX BOLT
A17: 10 | B17: COLLAR | C17: =COVER!B24 -> ALBC2 | D17: 1 | F17: 1 | H17: =L17 -> 16000 | I17: =H17*F17 -> 16000 | K17: =J17+I17 -> 16000 | L17: 16000
A18: 11 | B18: TOP RETANIER | C18: SS400 | D18: 1 | F18: 2.02 | H18: =M18 -> 6500 | I18: =H18*D18 -> 6500 | K18: =J18+I18 -> 6500 | L18: Ø164X12T | M18: 6500
A19: 12 | B19: TOP RETANIER BOLT | C19: =COVER!B26 -> B8M | D19: 4 | H19: =IF(C19="B8",M19,IF(C19="B8M",N19)) -> 500 | I19: =H19*D19 -> 2000 | K19: =I19+J19 -> 2000 | L19: M8X20L | M19: 200 | N19: 500 | Q19: WRENCH BOLT
A20: 13 | B20: GEAR BOX BOLT | C20: =COVER!B27 -> B8M | D20: 8 | H20: =IF(C20="B8",M20,IF(C20="B8M",N20,IF(C20="B7(다크로)",O20))) -> 3000 | I20: =H20*D20 -> 24000 | K20: =I20+J20 -> 24000 | L20: M16X70L | M20: 2500 | N20: 3000 | O20: 2500 | Q20: HEX BOLT
A21: 14 | B21: DOWEL PIN | D21: 4 | H21: 950 | I21: =H21*D21 -> 3800 | K21: =I21+J21 -> 3800 | L21: Ø18 | Q21: 임의 지정
A22: 15 | B22: GEAR BOX | C22: =COVER!B34 -> 10 BAR | D22: 1 | I22: =IF(C22="10 BAR",M22,IF(C22="16 BAR",N22,IF(C22="20 BAR",O22))) -> 748000 | K22: =I22+J22 -> 748000 | M22: 748000 | N22: 1301000 | O22: 1301000
A23: 16 | B23: PAINT | C23: =COVER!B32 -> 기존 단가 | D23: 1 | H23: =IF(COVER!B9="APPLICATION",0,IF(COVER!B32="기존 단가",L23,IF(COVER!B32="외주 2COATING",M23,IF(COVER!B32="외주 3COATING",N23)))) -> 292000 | I23: =H23 -> 292000 | L23: 292000 | M23: =IF(H6>0,F6*520,IF(H7>0,F7*520,IF(H8>0,F8*520))) -> 357760 | N23: =IF(H6>0,F6*620,IF(H7>0,F7*620,IF(H8>0,F8*620))) -> 426560
A24: 17 | B24: 조립.검사 | D24: 1 | H24: =IF(COVER!B9="APPLICATION",0,IF(COVER!B9="N/A",L24)) -> 352000 | I24: =H24 -> 352000 | L24: 352000
A25: 18 | B25: 밸브합산(BEAR) | K25: =SUM(K6:K21)+SUM(K23:K24) -> 5970890 | L25: "A"
A26: 18 | B26: 밸브합산(LEVER) | K26: =SUM(K6:K21)+SUM(K23:K24) -> 5970890 | L26: "A"
A27: 18 | B27: 밸브합산(GEAR) | K27: =SUM(K6:K24) -> 6718890 | L27: "A"
A28: 19 | B28: STEM CR PLATING | C28: =COVER!B28 -> REQUIRED | D28: 0 | H28: =IF(C28="REQUIRED",L28,IF(C28="N/A",0)) -> 0 | I28: =H28 -> 0
A29: 20 | B29: RUBBER LINING | D29: 0
A30: 21 | B30: 포장비용 | C30: =COVER!B35 -> MOTOR | D30: 1 | H30: =IF(COVER!B9="APPLICATION",0,IF(COVER!B35="BARE",M30,(IF(COVER!B35="LEVER",M30,IF(COVER!B35="GEAR",N30,IF(COVER!B35="MOTOR",O30)))))) -> 360000 | I30: =H30 -> 360000 | L30: 487600 | M30: 230000 | N30: 230000 | O30: 360000
A31: 22
A32: 23 | B32: 밸브외 사급품 비용 연산 | K32: =SUM(K28:K31) -> 0 | L32: "B"
A33: 24 | B33: VALVE 원가 - BEAR | K33: =K25+K32 -> 5970890 | L33: (A+B)
A34: 24 | B34: VALVE 원가 - LEVER | K34: =K26+K32 -> 5970890 | L34: (A+B)
A35: 24 | B35: VALVE 원가 - GEAR | K35: =K27+K32 -> 6718890 | L35: (A+B)
A36: 25 | B36: FACTOR 금액 - BEAR | I36: FACTOR | J36: 0.7 | K36: =(K25+K32)/J36 -> 8529842.9 | L36: (A+B)XFACTOR
A37: 25 | B37: FACTOR 금액 - LEVER | I37: FACTOR | J37: 0.7 | K37: =(K26+K32)/J37 -> 8529842.9 | L37: (A+B)XFACTOR
A38: 25 | B38: FACTOR 금액 - GEAR | I38: FACTOR | J38: 0.7 | K38: =(K27+K32)/J38 -> 9598414.3 | L38: (A+B)XFACTOR

Sheet 1000A
A1: CONCENTRIC BFV 원가 分析表
A3: SIZE | B3: 1000A | C3: RATING | D3: #150 | F3: FLANGE DRILLING | I3: ASME B16.47 SER'A | J3: FACE TO FACE | K3: ISO5752 SER'20(216MM)
G4: THICKNESS(MM) | I4: AWWA CL'D (41MM) | J4: O.D(MM) | K4: 1290 | L4: 외주가공비 / 단가표(EPC)
A5: NO. | B5: 부품명 | C5: 재질 | D5: 수량 | E5: 규격 | F5: 단중 | G5: 업체 | H5: 단가 | I5: 소계 | J5: 가공비 | K5: 합계 | L5: FC/FCD | M5: SC/WCB (ALBC) | N5: SUS | O5: A890 4A | P5: A890 5A | Q5: DISC 중량(일반) | R5: DISC 중량(고압) | T5: 이전 단가 Table 중량
A6: 1 | B6: BODY(WAFER) | C6: =COVER!B13 -> 0 | D6: 1 | F6: N/A | H6: =COVER!C13 -> 0 | I6: =D6*F6*H6 -> #VALUE! | K6: =I6+J6 -> #VALUE! | L6: 321689 | M6: 380178 | T6: 437
A7: 1 | B7: BODY(LUG) | C7: =COVER!B14 -> A536 Gr65-45-12 | D7: 1 | F7: N/A | H7: =COVER!C14 -> 3500 | I7: =D7*F7*H7 -> #VALUE! | K7: =I7+J7 -> #VALUE! | L7: 450719 | M7: 532680 | T7: 717
A8: 1 | B8: BODY(FLANGE) | C8: =COVER!B15 -> 0 | D8: 1 | F8: 674 | H8: =COVER!C15 -> 0 | I8: =D8*F8*H8 -> 0 | K8: =I8+J8 -> 0 | L8: 450719 | M8: 532680 | T8: 740
A9: 2 | B9: DISC | C9: =COVER!B16 -> A351 CF8M | D9: 1 | F9: =IF(COVER!B34="10 BAR",Q9,IF(COVER!B34="16 BAR",R9,IF(COVER!B34="20 BAR",R9))) -> 308 | H9: =COVER!C16 -> 12000 | I9: =D9*F9*H9 -> 3696000 | K9: =I9+J9 -> 3696000 | L9: 192400 | M9: =L9 -> 192400 | N9: =M9 -> 192400 | O9: =N9*1.3 -> 250120 | P9: =O9*1.3 -> 325156 | Q9: 308 | R9: 308 | T9: 295
A10: 3 | B10: SEAT | C10: =COVER!B18 -> EPDM | D10: 1 | F10: 1 | H10: =IF(C10="NBR",L10,IF(C10="EPDM",L10,IF(C10="VITON",M10))) -> 240350 | I10: =H10*F10*D10 -> 240350 | K10: =I10+J10 -> 240350 | L10: 240350 | M10: N/A | N10: 1260000 | P10: 380000
A11: 4 | B11: STEM(DOUBLE STEM)-KEY | C11: =COVER!B17 -> A564T630 | D11: 1 | F11: 54 | H11: =COVER!C17 -> 10000 | I11: =D11*F11*H11 -> 540000 | K11: =I11+J11 -> 540000 | L11: Ø90X585.5L&Ø95X395.5L | M11: 35000 | N11: 88000 | O11: =ROUNDUP(P11/1.3,-2) -> 115400 | P11: 150000 | Q11: 52.16 | T11: 59
A12: 5 | B12: PACKING GLAND | C12: ALBC2 | D12: 1 | F12: 1 | H12: =L12 -> 70000 | I12: =D12*F12*H12 -> 70000 | K12: =I12+J12 -> 70000 | L12: 70000
A13: 6 | B13: BUSH | C13: =COVER!B21 -> SSPC | D13: 4 | F13: 1 | H13: =L13 -> 2510 | I13: =H13*F13*D13 -> 10040 | K13: =J13+I13 -> 10040 | L13: 2510
A14: 7 | B14: DISC & STEM KEY | C14: SS41 | D14: 3 | F14: 1 | H14: 3700 | I14: =D14*F14*H14 -> 11100 | K14: =I14+J14 -> 11100 | Q14: 임의 지정
A15: 8 | B15: END COVER (WITH O-RING) | C15: =COVER!B22 -> BODY MATERIAL | D15: 1 | F15: 4.06 | H15: =IF(C15="SS400",M15,IF(C15="BODY MATERIAL",N15)) -> 28420 | I15: =H15 -> 28420 | K15: =I15+J15 -> 28420 | L15: Ø180X20T | M15: 10000 | N15: =IF(AND(C15="BODY MATERIAL"),IF((H6>0),H6*F15*2,IF((H7>0),H7*F15*2,IF((H8>0),H8*F15*2)))) -> 28420 | Q15: 임의 지정
A16: 9 | B16: END COVER BOLT | C16: =COVER!B23 -> B8M | D16: 6 | H16: =IF(C16="B8",M16,IF(C16="B8M",N16,IF(C16="B7(다크로)",O16))) -> 1200 | I16: =H16*D16 -> 7200 | K16: =J16+I16 -> 7200 | L16: M12X35L | M16: 600 | N16: 1200 | O16: 1000 | Q16: HEX BOLT
A17: 10 | B17: COLLAR | C17: =COVER!B24 -> ALBC2 | D17: 1 | F17: 1 | H17: =L17 -> 17000 | I17: =H17*F17 -> 17000 | K17: =J17+I17 -> 17000 | L17: 17000
A18: 11 | B18: TOP RETANIER | C18: SS400 | D18: 1 | F18: 2.02 | H18: =M18 -> 6500 | I18: =H18 -> 6500 | K18: =J18+I18 -> 6500 | L18: Ø164X12T | M18: 6500
A19: 12 | B19: TOP RETANIER BOLT | C19: =COVER!B26 -> B8M | D19: 4 | H19: =IF(C19="B8",M19,IF(C19="B8M",N19)) -> 500 | I19: =H19*D19 -> 2000 | K19: =I19+J19 -> 2000 | L19: M8X20L | M19: 200 | N19: 500 | Q19: WRENCH BOLT
A20: 13 | B20: GEAR BOX BOLT | C20: =COVER!B27 -> B8M | D20: 8 | H20: =IF(C20="B8",M20,IF(C20="B8M",N20,IF(C20="B7(다크로)",O20))) -> 3000 | I20: =H20*D20 -> 24000 | K20: =I20+J20 -> 24000 | L20: M16X70L | M20: 2500 | N20: 3000 | O20: 2500 | Q20: HEX BOLT
A21: 14 | B21: DOWEL PIN | D21: 4 | H21: 1000 | I21: =H21*D21 -> 4000 | K21: =I21+J21 -> 4000 | L21: Ø16 | Q21: 임의 지정
A22: 15 | B22: GEAR BOX | C22: =COVER!B34 -> 10 BAR | D22: 1 | I22: =IF(C22="10 BAR",M22,IF(C22="16 BAR",N22,IF(C22="20 BAR",O22))) -> 748000 | K22: =I22+J22 -> 748000 | M22: 748000 | N22: 1301000 | O22: 1823000
A23: 16 | B23: PAINT | C23: =COVER!B32 -> 기존 단가 | D23: 1 | H23: =IF(COVER!B9="APPLICATION",0,IF(COVER!B32="기존 단가",L23,IF(COVER!B32="외주 2COATING",M23,IF(COVER!B32="외주 3COATING",N23)))) -> 352000 | I23: =H23 -> 352000 | L23: 352000 | M23: =IF(H6>0,F6*520,IF(H7>0,F7*520,IF(H8>0,F8*520))) -> #VALUE! | N23: =IF(H6>0,F6*620,IF(H7>0,F7*620,IF(H8>0,F8*620))) -> #VALUE!
A24: 17 | B24: 조립.검사 | D24: 1 | H24: =IF(COVER!B9="APPLICATION",0,IF(COVER!B9="N/A",L24)) -> 412000 | I24: =H24 -> 412000 | L24: 412000
A25: 18 | B25: 밸브합산(BEAR) | K25: =SUM(K8:K21)+SUM(K23:K24) -> 4656610 | L25: "A"
A26: 18 | B26: 밸브합산(LEVER) | K26: =SUM(K8:K21)+SUM(K23:K24) -> 4656610 | L26: "A"
A27: 18 | B27: 밸브합산(GEAR) | K27: =SUM(K8:K24) -> 5404610 | L27: "A"
A28: 19 | B28: STEM CR PLATING | C28: =COVER!B28 -> REQUIRED | D28: 0 | H28: =IF(C28="REQUIRED",L28,IF(C28="N/A",0)) -> 0 | I28: =H28 -> 0
A29: 20 | B29: RUBBER LINING | D29: 0
A30: 21 | B30: 포장비용 | C30: =COVER!B35 -> MOTOR | D30: 1 | H30: =IF(COVER!B9="APPLICATION",0,IF(COVER!B35="BARE",M30,(IF(COVER!B35="LEVER",M30,IF(COVER!B35="GEAR",N30,IF(COVER!B35="MOTOR",O30)))))) -> 380000 | I30: =H30 -> 380000 | L30: 487600 | M30: 240000 | N30: 240000 | O30: 380000
A31: 22
A32: 23 | B32: 밸브외 사급품 비용 연산 | K32: =SUM(K28:K31) -> 0 | L32: "B"
A33: 24 | B33: VALVE 원가 - BEAR | K33: =K25+K32 -> 4656610 | L33: (A+B)
A34: 24 | B34: VALVE 원가 - LEVER | K34: =K26+K32 -> 4656610 | L34: (A+B)
A35: 24 | B35: VALVE 원가 - GEAR | K35: =K27+K32 -> 5404610 | L35: (A+B)
A36: 25 | B36: FACTOR 금액 - BEAR | I36: FACTOR | J36: 0.7 | K36: =(K25+K32)/J36 -> 6652300 | L36: (A+B)XFACTOR
A37: 25 | B37: FACTOR 금액 - LEVER | I37: FACTOR | J37: 0.7 | K37: =(K26+K32)/J37 -> 6652300 | L37: (A+B)XFACTOR
A38: 25 | B38: FACTOR 금액 - GEAR | I38: FACTOR | J38: 0.7 | K38: =(K27+K32)/J38 -> 7720871.4 | L38: (A+B)XFACTOR

Sheet 1050A
A1: CONCENTRIC BFV 원가 分析表
A3: SIZE | B3: 1050A | C3: RATING | D3: #150 | F3: FLANGE DRILLING | I3: ASME B16.47 SER'A | J3: FACE TO FACE | K3: MFG STD(216MM)
G4: THICKNESS(MM) | I4: AWWA CL'D (44.5MM) | J4: O.D(MM) | K4: 1346 | L4: 외주가공비 / 단가표(EPC)
A5: NO. | B5: 부품명 | C5: 재질 | D5: 수량 | E5: 규격 | F5: 단중 | G5: 업체 | H5: 단가 | I5: 소계 | J5: 가공비 | K5: 합계 | L5: FC/FCD | M5: SC/WCB (ALBC) | N5: SUS | O5: A890 4A | P5: A890 5A | Q5: DISC 중량(일반) | R5: DISC 중량(고압) | T5: 이전 단가 Table 중량
A6: 1 | B6: BODY(WAFER) | C6: =COVER!B13 -> 0 | D6: 1 | F6: N/A | H6: =COVER!C13 -> 0 | I6: =D6*F6*H6 -> #VALUE! | K6: =I6+J6 -> #VALUE! | L6: N/A | T6: 438
A7: 1 | B7: BODY(LUG) | C7: =COVER!B14 -> A536 Gr65-45-12 | D7: 1 | F7: 1040 | H7: =COVER!C14 -> 3500 | I7: =D7*F7*H7 -> 3640000 | K7: =I7+J7 -> 3640000 | T7: 944.7
A8: 1 | B8: BODY(FLANGE) | C8: =COVER!B15 -> 0 | D8: 1 | F8: =675*1.05 -> 708.75 | H8: =COVER!C15 -> 0 | I8: =D8*F8*H8 -> 0 | K8: =I8+J8 -> 0 | L8: 489555 | M8: 578680 | T8: 700
A9: 2 | B9: DISC | C9: =COVER!B16 -> A351 CF8M | D9: 1 | F9: =IF(COVER!B34="10 BAR",Q9,IF(COVER!B34="16 BAR",R9,IF(COVER!B34="20 BAR",R9))) -> 315 | H9: =COVER!C16 -> 12000 | I9: =D9*F9*H9 -> 3780000 | K9: =I9+J9 -> 3780000 | L9: 250000 | M9: 250000 | N9: 250000 | O9: =N9*1.3 -> 325000 | P9: =O9*1.3 -> 422500 | Q9: 315 | R9: 315 | T9: 360
A10: 3 | B10: SEAT | C10: =COVER!B18 -> EPDM | D10: 1 | F10: 1 | H10: =IF(C10="NBR",L10,IF(C10="EPDM",L10,IF(C10="VITON",M10))) -> 261250 | I10: =H10*F10*D10 -> 261250 | K10: =I10+J10 -> 261250 | L10: 261250 | M10: N/A | N10: 1440000 | O10: 660100
A11: 4 | B11: STEM(DOUBLE STEM)-KEY | C11: =COVER!B17 -> A564T630 | D11: 1 | F11: 58 | H11: =COVER!C17 -> 10000 | I11: =D11*F11*H11 -> 580000 | K11: =I11+J11 -> 580000 | L11: Ø90X632L&Ø95X397L | M11: 35000 | N11: 90000 | O11: =ROUNDUP(P11/1.3,-2) -> 115400 | P11: 150000 | Q11: =32.12+22.48 -> 54.6 | T11: 60
A12: 5 | B12: PACKING GLAND | C12: ALBC2 | D12: 1 | F12: 1 | H12: =L12 -> 70000 | I12: =D12*F12*H12 -> 70000 | K12: =I12+J12 -> 70000 | L12: 70000
A13: 6 | B13: BUSH | C13: =COVER!B21 -> SSPC | D13: 6 | F13: 1 | H13: =L13 -> 2510 | I13: =H13*F13*D13 -> 15060 | K13: =J13+I13 -> 15060 | L13: 2510
A14: 7 | B14: DISC & STEM KEY | C14: SS41 | D14: 3 | F14: 1 | H14: 5300 | I14: =D14*F14*H14 -> 15900 | K14: =I14+J14 -> 15900 | Q14: 임의 지정
A15: 8 | B15: END COVER (WITH O-RING) | C15: =COVER!B22 -> BODY MATERIAL | D15: 1 | F15: 4.06 | H15: =IF(C15="SS400",M15,IF(C15="BODY MATERIAL",N15)) -> 28420 | I15: =H15 -> 28420 | K15: =I15+J15 -> 28420 | L15: Ø180X20T | M15: 12000 | N15: =IF(AND(C15="BODY MATERIAL"),IF((H6>0),H6*F15*2,IF((H7>0),H7*F15*2,IF((H8>0),H8*F15*2)))) -> 28420 | Q15: 임의 지정
A16: 9 | B16: END COVER BOLT | C16: =COVER!B23 -> B8M | D16: 6 | H16: =IF(C16="B8",M16,IF(C16="B8M",N16,IF(C16="B7(다크로)",O16))) -> 1200 | I16: =H16*D16 -> 7200 | K16: =J16+I16 -> 7200 | L16: M12X40L | M16: 600 | N16: 1200 | O16: 1000 | Q16: HEX BOLT
A17: 10 | B17: COLLAR | C17: =COVER!B24 -> ALBC2 | D17: 1 | F17: 1 | H17: =L17 -> 19000 | I17: =H17*F17 -> 19000 | K17: =J17+I17 -> 19000 | L17: 19000
A18: 11 | B18: TOP RETANIER | C18: SS400 | D18: 1 | F18: 2.03 | H18: =M18 -> 8000 | I18: =H18*D18 -> 8000 | K18: =J18+I18 -> 8000 | L18: Ø164X12T | M18: 8000
A19: 12 | B19: TOP RETANIER BOLT | C19: =COVER!B26 -> B8M | D19: 4 | H19: =IF(C19="B8",M19,IF(C19="B8M",N19)) -> 500 | I19: =H19*D19 -> 2000 | K19: =I19+J19 -> 2000 | L19: M8X20L | M19: 200 | N19: 500 | Q19: WRENCH BOLT
A20: 13 | B20: GEAR BOX BOLT | C20: =COVER!B27 -> B8M | D20: 8 | H20: =IF(C20="B8",M20,IF(C20="B8M",N20,IF(C20="B7(다크로)",O20))) -> 3000 | I20: =H20*D20 -> 24000 | K20: =I20+J20 -> 24000 | L20: M16X70L | M20: 2500 | N20: 3000 | O20: 2500 | Q20: HEX BOLT
A21: 14 | B21: DOWEL PIN | D21: 4 | H21: 1100 | I21: =H21*D21 -> 4400 | K21: =I21+J21 -> 4400 | L21: Ø16 | Q21: 임의 지정
A22: 15 | B22: GEAR BOX | C22: =COVER!B34 -> 10 BAR | D22: 1 | I22: =IF(C22="10 BAR",M22,IF(C22="16 BAR",N22,IF(C22="20 BAR",O22))) -> 748000 | K22: =I22+J22 -> 748000 | M22: 748000 | N22: 1301000 | O22: 1823000
A23: 16 | B23: PAINT | C23: =COVER!B32 -> 기존 단가 | D23: 1 | H23: =IF(COVER!B9="APPLICATION",0,IF(COVER!B32="기존 단가",L23,IF(COVER!B32="외주 2COATING",M23,IF(COVER!B32="외주 3COATING",N23)))) -> 352000 | I23: =H23 -> 352000 | L23: 352000 | M23: =IF(H6>0,F6*520,IF(H7>0,F7*520,IF(H8>0,F8*520))) -> 540800 | N23: =IF(H6>0,F6*620,IF(H7>0,F7*620,IF(H8>0,F8*620))) -> 644800
A24: 17 | B24: 조립.검사 | D24: 1 | H24: =IF(COVER!B9="APPLICATION",0,IF(COVER!B9="N/A",L24)) -> 452000 | I24: =H24 -> 452000 | L24: 452000
A25: 18 | B25: 밸브합산(BEAR) | K25: =SUM(K8:K21)+SUM(K23:K24) -> 4815230 | L25: "A"
A26: 18 | B26: 밸브합산(LEVER) | K26: =SUM(K8:K21)+SUM(K23:K24) -> 4815230 | L26: "A"
A27: 18 | B27: 밸브합산(GEAR) | K27: =SUM(K8:K24) -> 5563230 | L27: "A"
A28: 19 | B28: STEM CR PLATING | C28: =COVER!B28 -> REQUIRED | D28: 0 | H28: =IF(C28="REQUIRED",L28,IF(C28="N/A",0)) -> 0 | I28: =H28 -> 0
A29: 20 | B29: RUBBER LINING | D29: 0
A30: 21 | B30: 포장비용 | C30: =COVER!B35 -> MOTOR | D30: 1 | H30: =IF(COVER!B9="APPLICATION",0,IF(COVER!B35="BARE",M30,(IF(COVER!B35="LEVER",M30,IF(COVER!B35="GEAR",N30,IF(COVER!B35="MOTOR",O30)))))) -> 400000 | I30: =H30 -> 400000 | L30: 500000 | M30: 300000 | N30: 300000 | O30: 400000
A31: 22
A32: 23 | B32: 밸브외 사급품 비용 연산 | K32: =SUM(K28:K31) -> 0 | L32: "B"
A33: 24 | B33: VALVE 원가 - BEAR | K33: =K25+K32 -> 4815230 | L33: (A+B)
A34: 24 | B34: VALVE 원가 - LEVER | K34: =K26+K32 -> 4815230 | L34: (A+B)
A35: 24 | B35: VALVE 원가 - GEAR | K35: =K27+K32 -> 5563230 | L35: (A+B)
A36: 25 | B36: FACTOR 금액 - BEAR | I36: FACTOR | J36: 0.7 | K36: =(K25+K32)/J36 -> 6878900 | L36: (A+B)XFACTOR
A37: 25 | B37: FACTOR 금액 - LEVER | I37: FACTOR | J37: 0.7 | K37: =(K26+K32)/J37 -> 6878900 | L37: (A+B)XFACTOR
A38: 25 | B38: FACTOR 금액 - GEAR | I38: FACTOR | J38: 0.7 | K38: =(K27+K32)/J38 -> 7947471.4 | L38: (A+B)XFACTOR
N48: 16000 | O48: 25000 | P48: =N48/O48 -> 0.64
N49: 24000 | O49: 37500 | P49: =N49/O49 -> 0.64
N51: 22000 | O51: 36000 | P51: =N51/O51 -> 0.61111111
N52: 33000 | O52: 54000 | P52: =N52/O52 -> 0.61111111
N54: 37000 | O54: 55000 | P54: =N54/O54 -> 0.67272727
P56: =O54*0.67 -> 36850

Sheet 1100A
A1: CONCENTRIC BFV 원가 分析表
A3: SIZE | B3: 1100A | C3: RATING | D3: #150 | F3: FLANGE DRILLING | I3: ASME B16.47 SER'A | J3: FACE TO FACE | K3: MFG STD(254MM)
G4: THICKNESS(MM) | I4: AWWA CL'D (44.5MM) | J4: O.D(MM) | K4: 1405 | L4: 외주가공비 / 단가표(EPC)
A5: NO. | B5: 부품명 | C5: 재질 | D5: 수량 | E5: 규격 | F5: 단중 | G5: 업체 | H5: 단가 | I5: 소계 | J5: 가공비 | K5: 합계 | L5: FC/FCD | M5: SC/WCB (ALBC) | N5: SUS | O5: A890 4A | P5: A890 5A | Q5: DISC 중량(일반) | R5: DISC 중량(고압) | T5: 이전 단가 Table 중량
A6: 1 | B6: BODY(WAFER) | C6: =COVER!B13 -> 0 | D6: 1 | F6: 1000 | H6: =COVER!C13 -> 0 | I6: =D6*F6*H6 -> 0 | K6: =I6+J6 -> 0 | L6: N/A | T6: 570
A7: 1 | B7: BODY(LUG) | C7: =COVER!B14 -> A536 Gr65-45-12 | D7: 1 | F7: N/A | H7: =COVER!C14 -> 3500 | I7: =D7*F7*H7 -> #VALUE! | K7: =I7+J7 -> #VALUE! | T7: 856
A8: 1 | B8: BODY(FLANGE) | C8: =COVER!B15 -> 0 | D8: 1 | F8: 890 | H8: =COVER!C15 -> 0 | I8: =D8*F8*H8 -> 0 | K8: =I8+J8 -> 0 | L8: 527505 | M8: 623415 | T8: 856
A9: 2 | B9: DISC | C9: =COVER!B16 -> A351 CF8M | D9: 1 | F9: =IF(COVER!B34="10 BAR",Q9,IF(COVER!B34="16 BAR",R9,IF(COVER!B34="20 BAR",R9))) -> 347 | H9: =COVER!C16 -> 12000 | I9: =D9*F9*H9 -> 4164000 | K9: =I9+J9 -> 4164000 | L9: 270000 | M9: =L9 -> 270000 | N9: =M9 -> 270000 | O9: =N9*1.3 -> 351000 | P9: =O9*1.3 -> 456300 | Q9: 347 | R9: 347 | T9: 450
A10: 3 | B10: SEAT | C10: =COVER!B18 -> EPDM | D10: 1 | F10: 1 | H10: =IF(C10="NBR",L10,IF(C10="EPDM",L10,IF(C10="VITON",M10))) -> 282150 | I10: =H10*F10*D10 -> 282150 | K10: =I10+J10 -> 282150 | L10: 282150 | M10: N/A | N10: 1620000 | O10: 731055
A11: 4 | B11: STEM(DOUBLE STEM)-KEY | C11: =COVER!B17 -> A564T630 | D11: 1 | F11: 90 | H11: =COVER!C17 -> 10000 | I11: =D11*F11*H11 -> 900000 | K11: =I11+J11 -> 900000 | L11: Ø110X681.5L&Ø110X472.5L | M11: 40000 | N11: 110000 | O11: =ROUNDUP(P11/1.3,-2) -> 138500 | P11: 180000 | Q11: 87.62 | T11: 98
A12: 5 | B12: PACKING GLAND | C12: ALBC2 | D12: 1 | F12: 1 | H12: =L12 -> 60500 | I12: =D12*F12*H12 -> 60500 | K12: =I12+J12 -> 60500 | L12: 60500
A13: 6 | B13: BUSH | C13: =COVER!B21 -> SSPC | D13: 4 | F13: 1 | H13: =L13 -> 4830 | I13: =H13*F13*D13 -> 19320 | K13: =J13+I13 -> 19320 | L13: 4830
A14: 7 | B14: DISC & STEM KEY | C14: SS41 | D14: 3 | F14: 1 | H14: 5300 | I14: =D14*F14*H14 -> 15900 | K14: =I14+J14 -> 15900 | Q14: 임의 지정
A15: 8 | B15: END COVER (WITH O-RING) | C15: =COVER!B22 -> BODY MATERIAL | D15: 1 | F15: 5.53 | H15: =IF(C15="SS400",M15,IF(C15="BODY MATERIAL",N15)) -> 38710 | I15: =H15 -> 38710 | K15: =I15+J15 -> 38710 | L15: Ø210X20T | M15: 12000 | N15: =IF(AND(C15="BODY MATERIAL"),IF((H6>0),H6*F15*2,IF((H7>0),H7*F15*2,IF((H8>0),H8*F15*2)))) -> 38710 | Q15: 임의 지정
A16: 9 | B16: END COVER BOLT | C16: =COVER!B23 -> B8M | D16: 6 | H16: =IF(C16="B8",M16,IF(C16="B8M",N16,IF(C16="B7(다크로)",O16))) -> 1200 | I16: =H16*D16 -> 7200 | K16: =J16+I16 -> 7200 | L16: M12X40L | M16: 600 | N16: 1200 | O16: 1000 | Q16: HEX BOLT
A17: 10 | B17: COLLAR | C17: =COVER!B24 -> ALBC2 | D17: 1 | F17: 1 | H17: =L17 -> 19000 | I17: =H17*F17 -> 19000 | K17: =J17+I17 -> 19000 | L17: 19000
A18: 11 | B18: TOP RETANIER | C18: SS400 | D18: 1 | F18: 2.41 | H18: =M18 -> 8000 | I18: =H18*D18 -> 8000 | K18: =J18+I18 -> 8000 | L18: Ø179X12T | M18: 8000
A19: 12 | B19: TOP RETANIER BOLT | C19: =COVER!B26 -> B8M | D19: 4 | H19: =IF(C19="B8",M19,IF(C19="B8M",N19)) -> 500 | I19: =H19*D19 -> 2000 | K19: =I19+J19 -> 2000 | L19: M8X20L | M19: 200 | N19: 500 | Q19: WRENCH BOLT
A20: 13 | B20: GEAR BOX BOLT | C20: =COVER!B27 -> B8M | D20: 8 | H20: =IF(C20="B8",M20,IF(C20="B8M",N20,IF(C20="B7(다크로)",O20))) -> 6300 | I20: =H20*D20 -> 50400 | K20: =I20+J20 -> 50400 | L20: M20X75L | M20: 6000 | N20: 6300 | O20: 3300 | Q20: HEX BOLT
A21: 14 | B21: DOWEL PIN | D21: 4 | H21: 1100 | I21: =H21*D21 -> 4400 | K21: =I21+J21 -> 4400 | L21: Ø20 | Q21: 임의 지정
A22: 15 | B22: GEAR BOX | C22: =COVER!B34 -> 10 BAR | D22: 1 | I22: =IF(C22="10 BAR",M22,IF(C22="16 BAR",N22,IF(C22="20 BAR",O22))) -> 748000 | K22: =I22+J22 -> 748000 | M22: 748000 | N22: 1823000 | O22: 1823000
A23: 16 | B23: PAINT | C23: =COVER!B32 -> 기존 단가 | D23: 1 | H23: =IF(COVER!B9="APPLICATION",0,IF(COVER!B32="기존 단가",L23,IF(COVER!B32="외주 2COATING",M23,IF(COVER!B32="외주 3COATING",N23)))) -> 352000 | I23: =H23 -> 352000 | L23: 352000 | M23: =IF(H6>0,F6*520,IF(H7>0,F7*520,IF(H8>0,F8*520))) -> #VALUE! | N23: =IF(H6>0,F6*620,IF(H7>0,F7*620,IF(H8>0,F8*620))) -> #VALUE!
A24: 17 | B24: 조립.검사 | D24: 1 | H24: =IF(COVER!B9="APPLICATION",0,IF(COVER!B9="N/A",L24)) -> 452000 | I24: =H24 -> 452000 | L24: 452000
A25: 18 | B25: 밸브합산(BEAR) | K25: =SUM(K8:K21)+SUM(K23:K24) -> 5571580 | L25: "A"
A26: 18 | B26: 밸브합산(LEVER) | K26: =SUM(K8:K21)+SUM(K23:K24) -> 5571580 | L26: "A"
A27: 18 | B27: 밸브합산(GEAR) | K27: =SUM(K8:K24) -> 6319580 | L27: "A"
A28: 19 | B28: STEM CR PLATING | C28: =COVER!B28 -> REQUIRED | D28: 0 | H28: =IF(C28="REQUIRED",L28,IF(C28="N/A",0)) -> 0 | I28: =H28 -> 0
A29: 20 | B29: RUBBER LINING | D29: 0
A30: 21 | B30: 포장비용 | C30: =COVER!B35 -> MOTOR | D30: 1 | H30: =IF(COVER!B9="APPLICATION",0,IF(COVER!B35="BARE",M30,(IF(COVER!B35="LEVER",M30,IF(COVER!B35="GEAR",N30,IF(COVER!B35="MOTOR",O30)))))) -> 400000 | I30: =H30 -> 400000 | L30: 500000 | M30: 300000 | N30: 300000 | O30: 400000
A31: 22
A32: 23 | B32: 밸브외 사급품 비용 연산 | K32: =SUM(K28:K31) -> 0 | L32: "B"
A33: 24 | B33: VALVE 원가 - BEAR | K33: =K25+K32 -> 5571580 | L33: (A+B)
A34: 24 | B34: VALVE 원가 - LEVER | K34: =K26+K32 -> 5571580 | L34: (A+B)
A35: 24 | B35: VALVE 원가 - GEAR | K35: =K27+K32 -> 6319580 | L35: (A+B)
A36: 25 | B36: FACTOR 금액 - BEAR | I36: FACTOR | J36: 0.7 | K36: =(K25+K32)/J36 -> 7959400 | L36: (A+B)XFACTOR
A37: 25 | B37: FACTOR 금액 - LEVER | I37: FACTOR | J37: 0.7 | K37: =(K26+K32)/J37 -> 7959400 | L37: (A+B)XFACTOR
A38: 25 | B38: FACTOR 금액 - GEAR | I38: FACTOR | J38: 0.7 | K38: =(K27+K32)/J38 -> 9027971.4 | L38: (A+B)XFACTOR
N48: 16000 | O48: 25000 | P48: =N48/O48 -> 0.64
N49: 24000 | O49: 37500 | P49: =N49/O49 -> 0.64
N51: 22000 | O51: 36000 | P51: =N51/O51 -> 0.61111111
N52: 33000 | O52: 54000 | P52: =N52/O52 -> 0.61111111
N54: 37000 | O54: 55000 | P54: =N54/O54 -> 0.67272727
P56: =O54*0.67 -> 36850

Sheet 1200A
A1: CONCENTRIC BFV 원가 分析表
A3: SIZE | B3: 1200A | C3: RATING | D3: #150 | F3: FLANGE DRILLING | I3: ASME B16.47 SER'A | J3: FACE TO FACE | K3: ISO5752 SER'20(254MM) | M3: 15000000 | N3: =M3/0.7 -> 21428571
G4: THICKNESS(MM) | I4: AWWA CL'D (47.625MM) | J4: O.D(MM) | K4: 1510 | L4: 외주가공비 / 단가표(EPC)
A5: NO. | B5: 부품명 | C5: 재질 | D5: 수량 | E5: 규격 | F5: 단중 | G5: 업체 | H5: 단가 | I5: 소계 | J5: 가공비 | K5: 합계 | L5: FC/FCD | M5: SC/WCB (ALBC) | N5: SUS | O5: A890 4A | P5: A890 5A | Q5: DISC 중량(일반) | R5: DISC 중량(고압) | T5: 이전 단가 Table 중량
A6: 1 | B6: BODY(WAFER) | C6: =COVER!B13 -> 0 | D6: 1 | F6: 1230 | H6: =COVER!C13 -> 0 | I6: =D6*F6*H6 -> 0 | K6: =I6+J6 -> 0 | L6: N/A | T6: 680
A7: 1 | B7: BODY(LUG) | C7: =COVER!B14 -> A536 Gr65-45-12 | D7: 1 | F7: N/A | H7: =COVER!C14 -> 3500 | I7: =D7*F7*H7 -> #VALUE! | K7: =I7+J7 -> #VALUE! | T7: 680
A8: 1 | B8: BODY(FLANGE) | C8: =COVER!B15 -> 0 | D8: 1 | F8: 990 | H8: =COVER!C15 -> 0 | I8: =D8*F8*H8 -> 0 | K8: =I8+J8 -> 0 | L8: 685756.5 | M8: 810439.5 | T8: 1100
A9: 2 | B9: DISC | C9: =COVER!B16 -> A351 CF8M | D9: 1 | F9: =IF(COVER!B34="10 BAR",Q9,IF(COVER!B34="16 BAR",R9,IF(COVER!B34="20 BAR",R9))) -> 462 | H9: =COVER!C16 -> 12000 | I9: =D9*F9*H9 -> 5544000 | K9: =I9+J9 -> 5544000 | L9: 272000 | M9: =L9 -> 272000 | N9: =M9 -> 272000 | O9: =N9*1.3 -> 353600 | P9: =O9*1.3 -> 459680 | Q9: 462 | R9: 462 | T9: 600
A10: 3 | B10: SEAT | C10: =COVER!B18 -> EPDM | D10: 1 | F10: 1 | H10: =IF(C10="NBR",L10,IF(C10="EPDM",L10,IF(C10="VITON",M10))) -> 397100 | I10: =H10*F10*D10 -> 397100 | K10: =I10+J10 -> 397100 | L10: 397100 | M10: N/A | N10: N/A | P10: 650000
A11: 4 | B11: STEM(DOUBLE STEM)-KEY | C11: =COVER!B17 -> A564T630 | D11: 1 | F11: 118 | H11: =COVER!C17 -> 10000 | I11: =D11*F11*H11 -> 1180000 | K11: =I11+J11 -> 1180000 | L11: Ø120X746L&Ø120X536L | M11: 45000 | N11: 120000 | O11: =ROUNDUP(P11/1.3,-2) -> 153900 | P11: 200000 | Q11: 115.85 | T11: 100
A12: 5 | B12: PACKING GLAND | C12: ALBC2 | D12: 1 | F12: 1 | H12: =L12 -> 70000 | I12: =D12*F12*H12 -> 70000 | K12: =I12+J12 -> 70000 | L12: 70000
A13: 6 | B13: BUSH | C13: =COVER!B21 -> SSPC | D13: 4 | F13: 1 | H13: =L13 -> 5520 | I13: =H13*F13*D13 -> 22080 | K13: =J13+I13 -> 22080 | L13: 5520
A14: 7 | B14: DISC & STEM KEY | C14: SS41 | D14: 3 | F14: 1 | H14: 5300 | I14: =D14*F14*H14 -> 15900 | K14: =I14+J14 -> 15900 | Q14: 임의 지정
A15: 8 | B15: END COVER (WITH O-RING) | C15: =COVER!B22 -> BODY MATERIAL | D15: 1 | F15: 8.29 | H15: =IF(C15="SS400",M15,IF(C15="BODY MATERIAL",N15)) -> 58030 | I15: =H15 -> 58030 | K15: =I15+J15 -> 58030 | L15: Ø230X25T | M15: 13500 | N15: =IF(AND(C15="BODY MATERIAL"),IF((H6>0),H6*F15*2,IF((H7>0),H7*F15*2,IF((H8>0),H8*F15*2)))) -> 58030 | Q15: 임의 지정
A16: 9 | B16: END COVER BOLT | C16: =COVER!B23 -> B8M | D16: 6 | H16: =IF(C16="B8",M16,IF(C16="B8M",N16,IF(C16="B7(다크로)",O16))) -> 2900 | I16: =H16*D16 -> 17400 | K16: =J16+I16 -> 17400 | L16: M16X55L | M16: 2400 | N16: 2900 | O16: 2000 | Q16: HEX BOLT
A17: 10 | B17: COLLAR | C17: =COVER!B24 -> ALBC2 | D17: 1 | F17: 1 | H17: =L17 -> 21000 | I17: =H17*F17 -> 21000 | K17: =J17+I17 -> 21000 | L17: 21000
A18: 11 | B18: TOP RETANIER | C18: SS400 | D18: 1 | F18: 2.69 | H18: =M18 -> 9500 | I18: =H18*D18 -> 9500 | K18: =J18+I18 -> 9500 | L18: Ø189X12T | M18: 9500
A19: 12 | B19: TOP RETANIER BOLT | C19: =COVER!B26 -> B8M | D19: 6 | H19: =IF(C19="B8",M19,IF(C19="B8M",N19)) -> 500 | I19: =H19*D19 -> 3000 | K19: =I19+J19 -> 3000 | L19: M8X20L | M19: 200 | N19: 500 | Q19: WRENCH BOLT
A20: 13 | B20: GEAR BOX BOLT | C20: =COVER!B27 -> B8M | D20: 8 | H20: =IF(C20="B8",M20,IF(C20="B8M",N20,IF(C20="B7(다크로)",O20))) -> 6500 | I20: =H20*D20 -> 52000 | K20: =I20+J20 -> 52000 | L20: M20X90L | M20: 6000 | N20: 6500 | O20: 3500 | Q20: HEX BOLT
A21: 14 | B21: DOWEL PIN | D21: 4 | H21: 1200 | I21: =H21*D21 -> 4800 | K21: =I21+J21 -> 4800 | L21: Ø20 | Q21: 임의 지정
A22: 15 | B22: GEAR BOX | C22: =COVER!B34 -> 10 BAR | D22: 1 | I22: =IF(C22="10 BAR",M22,IF(C22="16 BAR",N22,IF(C22="20 BAR",O22))) -> 1301000 | K22: =I22+J22 -> 1301000 | M22: 1301000 | N22: 1823000 | O22: 1823000
A23: 16 | B23: PAINT | C23: =COVER!B32 -> 기존 단가 | D23: 1 | H23: =IF(COVER!B9="APPLICATION",0,IF(COVER!B32="기존 단가",L23,IF(COVER!B32="외주 2COATING",M23,IF(COVER!B32="외주 3COATING",N23)))) -> 352000 | I23: =H23 -> 352000 | L23: 352000 | M23: =IF(H6>0,F6*520,IF(H7>0,F7*520,IF(H8>0,F8*520))) -> #VALUE! | N23: =IF(H6>0,F6*620,IF(H7>0,F7*620,IF(H8>0,F8*620))) -> #VALUE!
A24: 17 | B24: 조립.검사 | D24: 1 | H24: =IF(COVER!B9="APPLICATION",0,IF(COVER!B9="N/A",L24)) -> 452000 | I24: =H24 -> 452000 | L24: 452000
A25: 18 | B25: 밸브합산(BEAR) | K25: =SUM(K8:K21)+SUM(K23:K24) -> 7394810 | L25: "A"
A26: 18 | B26: 밸브합산(LEVER) | K26: =SUM(K8:K21)+SUM(K23:K24) -> 7394810 | L26: "A"
A27: 18 | B27: 밸브합산(GEAR) | K27: =SUM(K8:K24) -> 8695810 | L27: "A"
A28: 19 | B28: STEM CR PLATING | C28: =COVER!B28 -> REQUIRED | D28: 0 | H28: =IF(C28="REQUIRED",L28,IF(C28="N/A",0)) -> 0 | I28: =H28 -> 0
A29: 20 | B29: RUBBER LINING | D29: 0
A30: 21 | B30: 포장비용 | C30: =COVER!B35 -> MOTOR | D30: 1 | H30: =IF(COVER!B9="APPLICATION",0,IF(COVER!B35="BARE",M30,(IF(COVER!B35="LEVER",M30,IF(COVER!B35="GEAR",N30,IF(COVER!B35="MOTOR",O30)))))) -> 450000 | I30: =H30 -> 450000 | L30: 550000 | M30: 350000 | N30: 350000 | O30: 450000
A31: 22
A32: 23 | B32: 밸브외 사급품 비용 연산 | K32: =SUM(K28:K31) -> 0 | L32: "B"
A33: 24 | B33: VALVE 원가 - BEAR | K33: =K25+K32 -> 7394810 | L33: (A+B)
A34: 24 | B34: VALVE 원가 - LEVER | K34: =K26+K32 -> 7394810 | L34: (A+B)
A35: 24 | B35: VALVE 원가 - GEAR | K35: =K27+K32 -> 8695810 | L35: (A+B)
A36: 25 | B36: FACTOR 금액 - BEAR | I36: FACTOR | J36: 0.7 | K36: =(K25+K32)/J36 -> 10564014 | L36: (A+B)XFACTOR
A37: 25 | B37: FACTOR 금액 - LEVER | I37: FACTOR | J37: 0.7 | K37: =(K26+K32)/J37 -> 10564014 | L37: (A+B)XFACTOR
A38: 25 | B38: FACTOR 금액 - GEAR | I38: FACTOR | J38: 0.7 | K38: =(K27+K32)/J38 -> 12422586 | L38: (A+B)XFACTOR

Sheet 1650A
A1: CONCENTRIC BFV 원가 分析表 | L1: 생산의뢰번호 BD130238 / BD190009 | N1: A536+A536+R/L+EPDM+S31803
A3: SIZE | B3: 1650A | C3: RATING | D3: #150 | F3: FLANGE DRILLING | I3: AWWA C207 CL'D | J3: FACE TO FACE | K3: MFG STD(280MM)
G4: THICKNESS(MM) | I4: 63MM | J4: O.D(MM) | K4: 2032 | L4: 외주가공비 / 단가표(EPC)
A5: NO. | B5: 부품명 | C5: 재질 | D5: 수량 | E5: 규격 | F5: 단중 | G5: 업체 | H5: 단가 | I5: 소계 | J5: 가공비 | K5: 합계 | L5: FC/FCD | M5: SC/WCB (ALBC) | N5: SUS | O5: A890 4A | P5: A890 5A | Q5: DISC 중량(일반) | R5: DISC 중량(고압) | T5: 이전 단가 Table 중량
A6: 1 | B6: BODY(WAFER) | C6: =COVER!B13 -> 0 | D6: 1 | F6: N/A | H6: =COVER!C13 -> 0 | I6: =D6*F6*H6 -> #VALUE! | J6: =IF(AND(H6>0),IF(C6="A536 Gr65-45-12",L6,IF(C6="A216 WCB",M6,IF(C6="A395 Gr65-15-15",L6)))) -> FALSE | K6: =I6+J6 -> #VALUE! | L6: N/A
A7: 1 | B7: BODY(LUG) | C7: =COVER!B14 -> A536 Gr65-45-12 | D7: 1 | F7: N/A | H7: =COVER!C14 -> 3500 | I7: =D7*F7*H7 -> #VALUE! | J7: =IF(AND(H7>0),IF(C7="A536 Gr65-45-12",L7,IF(C7="A216 WCB",M7,IF(C7="A395 Gr65-15-15",L7)))) -> 0 | K7: =I7+J7 -> #VALUE!
A8: 1 | B8: BODY(FLANGE) | C8: =COVER!B15 -> 0 | D8: 1 | F8: 1942 | H8: =COVER!C15 -> 0 | I8: =D8*F8*H8 -> 0 | J8: =IF(AND(H8>0),IF(C8="A536 Gr65-45-12",L8,IF(C8="A216 WCB",M8,IF(C8="A395 Gr65-15-15",L8)))) -> FALSE | K8: =I8+J8 -> 0 | L8: 1300000 | M8: =L8*1.15 -> 1495000 | N8: N/A | O8: N/A | P8: N/A | Q8: 1758 | R8: 1758 | S8: 입고 중량
A9: 2 | B9: DISC | C9: =COVER!B16 -> A351 CF8M | D9: 1 | F9: 1126 | H9: =COVER!C16 -> 12000 | I9: =D9*F9*H9 -> 13512000 | J9: =J8*0.6+210000*1.3 -> 273000 | K9: =I9+J9 -> 13785000 | L9: 1000000 | M9: N/A | N9: N/A | O9: N/A | P9: N/A | Q9: 1030 | R9: 1030 | S9: 입고 중량
A10: 3 | B10: SEAT | C10: =COVER!B18 -> EPDM | D10: 1 | F10: 1 | H10: =IF(C10="NBR",L10,IF(C10="EPDM",L10,IF(C10="VITON",M10))) -> 1350000 | I10: =H10*F10*D10 -> 1350000 | K10: =I10+J10 -> 1350000 | L10: 1350000 | M10: N/A | N10: N/A | O10: N/A | P10: N/A
A11: 4 | B11: STEM(DOUBLE STEM)-KEY | C11: =COVER!B17 -> A564T630 | D11: 1 | F11: =Q11*1.1 -> 216.678 | H11: =COVER!C17 -> 10000 | I11: =D11*F11*H11 -> 2166780 | J11: =P11 -> 380000 | K11: =I11+J11 -> 2546780 | L11: Ø145X894.5L&Ø140X642L | P11: 380000 | Q11: =118.02+78.96 -> 196.98
A12: 5 | B12: PACKING GLAND | C12: B148 C59400 | D12: 4 | F12: 1 | H12: 23000 | I12: =D12*F12*H12 -> 92000 | J12: 0 | K12: =I12+J12 -> 92000 | L12: B148 C95400 적용 | Q12: 금액 변경 없음
A13: 6 | B13: BUSH | C13: #500AL | D13: 2 | F13: 1 | H13: 199000 | I13: =H13*F13*D13 -> 398000 | J13: 0 | K13: =J13+I13 -> 398000 | L13: #500AL 적용 | Q13: 금액 변경 없음
A14: 7 | B14: DISC & STEM KEY | C14: SS41 | D14: 3 | F14: 1 | H14: 7500 | I14: =D14*F14*H14 -> 22500 | K14: =I14+J14 -> 22500 | Q14: 임의 지정
A15: 8 | B15: END COVER (WITH O-RING) | C15: =COVER!B22 -> BODY MATERIAL | D15: 1 | F15: 24 | H15: =IF(C15="SS400",M15,IF(C15="BODY MATERIAL",N15)) -> 168000 | I15: =H15 -> 168000 | J15: =I15*0.3 -> 50400 | K15: =I15+J15 -> 218400 | M15: =F15*1200 -> 28800 | N15: =IF(AND(C15="BODY MATERIAL"),IF((H6>0),H6*F15*2,IF((H7>0),H7*F15*2,IF((H8>0),H8*F15*2)))) -> 168000 | Q15: 임의 지정 | U15: =210000*1.3 -> 273000
A16: 9 | B16: END COVER BOLT | C16: =COVER!B23 -> B8M | D16: 6 | H16: =IF(C16="B8",M16,IF(C16="B8M",N16,IF(C16="B7(다크로)",O16))) -> 6500 | I16: =H16*D16 -> 39000 | K16: =J16+I16 -> 39000 | L16: M16X55L | M16: 4500 | N16: 6500 | O16: 2900 | Q16: HEX BOLT
A17: 10 | B17: COLLAR | C17: B148 C59400 | D17: 2 | F17: 1 | H17: =34200+55600 -> 89800 | I17: =H17*F17 -> 89800 | J17: 0 | K17: =J17+I17 -> 89800
A18: 11 | B18: TOP RETANIER | C18: SS400 | D18: 1 | F18: =34/4 -> 8.5 | H18: =M18 -> 10200 | I18: =H18*D18 -> 10200 | J18: =I18*0.5 -> 5100 | K18: =J18+I18 -> 15300 | M18: =F18*1200 -> 10200
A19: 12 | B19: TOP RETANIER BOLT | C19: =COVER!B26 -> B8M | D19: 6 | H19: =IF(C19="B8",M19,IF(C19="B8M",N19)) -> 2200 | I19: =H19*D19 -> 13200 | K19: =I19+J19 -> 13200 | L19: M10X20L | M19: 1200 | N19: 2200 | O19: 1000 | Q19: WRENCH BOLT
A20: 13 | B20: GEAR BOX BOLT | C20: =COVER!B27 -> B8M | D20: 8 | H20: =IF(C20="B8",M20,IF(C20="B8M",N20,IF(C20="B7(다크로)",O20))) -> 9000 | I20: =H20*D20 -> 72000 | K20: =I20+J20 -> 72000 | L20: M30X130L | M20: 7800 | N20: 9000 | O20: 4500 | Q20: STUD BOLT
A21: 14 | B21: DOWEL PIN | D21: 8 | H21: 1500 | I21: =H21*D21 -> 12000 | K21: =I21+J21 -> 12000 | L21: Ø25 | Q21: 임의 지정
A22: 15 | B22: GEAR BOX | C22: =COVER!B34 -> 10 BAR | D22: 1 | I22: =IF(C22="10 BAR",M22,IF(C22="16 BAR",N22,IF(C22="20 BAR",O22))) -> 1823000 | K22: =I22+J22 -> 1823000 | M22: 1823000 | N22: 3508000 | O22: 5200000 | Q22: GEAR BOX MODEL 확인 필요
A23: 16 | B23: PAINT | C23: =COVER!B32 -> 기존 단가 | D23: 1 | H23: =IF(COVER!B9="APPLICATION",0,IF(COVER!B32="기존 단가",L23,IF(COVER!B32="외주 2COATING",M23,IF(COVER!B32="외주 3COATING",N23)))) -> 1470000 | I23: =H23 -> 1470000 | K23: =I23+J23 -> 1470000 | L23: 1470000 | M23: =IF(H6>0,F6*520,IF(H7>0,F7*520,IF(H8>0,F8*520))) -> #VALUE! | N23: =IF(H6>0,F6*620,IF(H7>0,F7*620,IF(H8>0,F8*620))) -> #VALUE!
A24: 17 | B24: 조립.검사 | D24: 1 | H24: =IF(COVER!B9="APPLICATION",0,IF(COVER!B9="N/A",L24)) -> 1470000 | I24: =H24 -> 1470000 | K24: =I24+J24 -> 1470000 | L24: 1470000
A25: 18 | B25: 밸브합산(BEAR) | K25: =SUM(K8:K21)+SUM(K23:K24) -> 21593980 | L25: "A"
A26: 18 | B26: 밸브합산(LEVER) | K26: =SUM(K8:K21)+SUM(K23:K24) -> 21593980 | L26: "A"
A27: 18 | B27: 밸브합산(GEAR) | K27: =SUM(K8:K24) -> 23416980 | L27: "A"
A28: 19 | B28: STEM CR PLATING | C28: =COVER!B28 -> REQUIRED | D28: 0 | H28: =IF(C28="REQUIRED",L28,IF(C28="N/A",0)) -> 0 | I28: =H28 -> 0 | K28: =I28+J28 -> 0
A29: 20 | B29: RUBBER LINING | D29: 0
A30: 21 | B30: 포장비용 | C30: =COVER!B35 -> MOTOR | D30: 1 | H30: =IF(COVER!B9="APPLICATION",0,IF(COVER!B35="BARE",M30,(IF(COVER!B35="LEVER",M30,IF(COVER!B35="GEAR",N30,IF(COVER!B35="MOTOR",O30)))))) -> 950000 | I30: =H30 -> 950000 | K30: =I30+J30 -> 950000 | M30: 700000 | N30: 700000 | O30: 950000
A31: 22
A32: 23 | B32: 밸브외 사급품 비용 연산 | K32: =SUM(K28:K31) -> 950000 | L32: "B"
A33: 24 | B33: VALVE 원가 - BEAR | K33: =K25+K32 -> 22543980 | L33: (A+B)
A34: 24 | B34: VALVE 원가 - LEVER | K34: =K26+K32 -> 22543980 | L34: (A+B)
A35: 24 | B35: VALVE 원가 - GEAR | K35: =K27+K32 -> 24366980 | L35: (A+B)
A36: 25 | B36: FACTOR 금액 - BEAR | I36: FACTOR | J36: =COVER!$B$10 -> 1.3 | K36: =(K25+K32)*J36 -> 29307174 | L36: (A+B)XFACTOR
A37: 25 | B37: FACTOR 금액 - LEVER | I37: FACTOR | J37: =COVER!$B$10 -> 1.3 | K37: =(K26+K32)*J37 -> 29307174 | L37: (A+B)XFACTOR
A38: 25 | B38: FACTOR 금액 - GEAR | I38: FACTOR | J38: =COVER!$B$10 -> 1.3 | K38: =(K27+K32)*J38 -> 31677074 | L38: (A+B)XFACTOR

Sheet 1800A
A1: CONCENTRIC BFV 원가 分析表 | L1: 191111 원가 TABLE 상에 빨간색 글씨는 임의 지정
A3: SIZE | B3: 1650A | C3: RATING | D3: #150 | F3: FLANGE DRILLING | I3: AWWA C207 CL'D | J3: FACE TO FACE | K3: MFG STD(280MM)
G4: THICKNESS(MM) | I4: 66.75MM | J4: O.D(MM) | K4: 2197 | L4: 외주가공비 / 단가표(EPC)
A5: NO. | B5: 부품명 | C5: 재질 | D5: 수량 | E5: 규격 | F5: 단중 | G5: 업체 | H5: 단가 | I5: 소계 | J5: 가공비 | K5: 합계 | L5: FC/FCD | M5: SC/WCB (ALBC) | N5: SUS | O5: A890 4A | P5: A890 5A | Q5: DISC 중량(일반) | R5: DISC 중량(고압) | T5: BODY 입고 중량(A216 WCB) | W5: 43414
A6: 1 | B6: BODY(WAFER) | C6: =COVER!B13 -> 0 | D6: 1 | F6: N/A | H6: =COVER!C13 -> 0 | I6: =D6*F6*H6 -> #VALUE! | J6: =IF(AND(H6>0),IF(C6="A536 Gr65-45-12",L6,IF(C6="A216 WCB",M6,IF(C6="A395 Gr65-15-15",L6)))) -> FALSE | K6: =I6+J6 -> #VALUE! | L6: N/A | T6: 생산의뢰번호 | U6: 면간 | V6: 두께(T) | W6: RATING | X6: BODY 실중량
A7: 1 | B7: BODY(LUG) | C7: =COVER!B14 -> A536 Gr65-45-12 | D7: 1 | F7: N/A | H7: =COVER!C14 -> 3500 | I7: =D7*F7*H7 -> #VALUE! | J7: =IF(AND(H7>0),IF(C7="A536 Gr65-45-12",L7,IF(C7="A216 WCB",M7,IF(C7="A395 Gr65-15-15",L7)))) -> 0 | K7: =I7+J7 -> #VALUE! | T7: BE140082 | U7: 280 | V7: 66.7 | W7: #150 | X7: 2074
A8: 1 | B8: BODY(FLANGE) | C8: =COVER!B15 -> 0 | D8: 1 | F8: =2074*1.1 -> 2281.4 | H8: =COVER!C15 -> 0 | I8: =D8*F8*H8 -> 0 | J8: =L8 -> 1400000 | K8: =I8+J8 -> 1400000 | L8: 1400000 | M8: =L8*1.15 -> 1610000 | N8: N/A | O8: N/A | P8: N/A | T8: BE160084 | U8: 400 | V8: 67 | W8: #150 | X8: 2470
A9: 2 | B9: DISC | C9: =COVER!B16 -> A351 CF8M | D9: 1 | F9: 1440 | H9: =COVER!C16 -> 12000 | I9: =D9*F9*H9 -> 17280000 | J9: =J8*0.6+240000*1.3 -> 1152000 | K9: =I9+J9 -> 18432000 | L9: 1000000 | M9: N/A | N9: N/A | O9: N/A | P9: N/A
A10: 3 | B10: SEAT | C10: =COVER!B18 -> EPDM | D10: 1 | F10: 1 | H10: =IF(C10="NBR",L10,IF(C10="EPDM",L10,IF(C10="VITON",M10))) -> 1404000 | I10: =H10*F10*D10 -> 1404000 | K10: =I10+J10 -> 1404000 | L10: 1404000 | M10: N/A | N10: N/A | O10: N/A | P10: N/A | T10: DISC 입고 중량 | W10: 43414
A11: 4 | B11: STEM(DOUBLE STEM)-KEY | C11: =COVER!B17 -> A564T630 | D11: 1 | F11: 280 | H11: =COVER!C17 -> 10000 | I11: =D11*F11*H11 -> 2800000 | J11: 400000 | K11: =I11+J11 -> 3200000 | P11: 380000 | Q11: =118.02+78.96 -> 196.98 | T11: 생산의뢰번호 | U11: 재질 | V11: DISC TYPE | X11: DISC 중량
A12: 5 | B12: PACKING GLAND | C12: B148 C59400 | D12: 4 | F12: 1 | H12: 33000 | I12: =D12*F12*H12 -> 132000 | J12: 0 | K12: =I12+J12 -> 132000 | L12: B148 C95400 적용 | Q12: 금액 변경 없음 | T12: BD150091 | U12: CA15 | V12: 중공 | X12: 1412
A13: 6 | B13: BUSH | C13: #500AL | D13: 2 | F13: 1 | H13: 220000 | I13: =H13*F13*D13 -> 440000 | J13: 0 | K13: =J13+I13 -> 440000 | L13: #500AL 적용 | Q13: 금액 변경 없음 | T13: BE140082 | U13: CF8 | V13: 중공 | X13: 1440
A14: 7 | B14: DISC & STEM KEY | C14: SS41 | D14: 3 | F14: 1 | H14: 10500 | I14: =D14*F14*H14 -> 31500 | K14: =I14+J14 -> 31500 | Q14: 임의 지정 | T14: BE160084 | U14: B148 | V14: 중공 | X14: 1335
A15: 8 | B15: END COVER (WITH O-RING) | C15: =COVER!B22 -> BODY MATERIAL | D15: 1 | F15: 32 | H15: =IF(C15="SS400",M15,IF(C15="BODY MATERIAL",N15)) -> 224000 | I15: =H15 -> 224000 | J15: =I15*0.3 -> 67200 | K15: =I15+J15 -> 291200 | M15: =F15*1200 -> 38400 | N15: =IF(AND(C15="BODY MATERIAL"),IF((H6>0),H6*F15*2,IF((H7>0),H7*F15*2,IF((H8>0),H8*F15*2)))) -> 224000 | Q15: 임의 지정
A16: 9 | B16: END COVER BOLT | C16: =COVER!B23 -> B8M | D16: 8 | H16: =IF(C16="B8",M16,IF(C16="B8M",N16,IF(C16="B7(다크로)",O16))) -> 8500 | I16: =H16*D16 -> 68000 | K16: =J16+I16 -> 68000 | L16: M16X55L | M16: 6500 | N16: 8500 | O16: 4900 | Q16: HEX BOLT
A17: 10 | B17: COLLAR | C17: B148 C59400 | D17: 2 | F17: 1 | H17: =34200+55600+15200 -> 105000 | I17: =H17*F17 -> 105000 | J17: 0 | K17: =J17+I17 -> 105000
A18: 11 | B18: TOP RETANIER | C18: SS400 | D18: 1 | F18: =34/4 -> 8.5 | H18: =M18 -> 15200 | I18: =H18*D18 -> 15200 | J18: =I18*0.5 -> 7600 | K18: =J18+I18 -> 22800 | M18: 15200
A19: 12 | B19: TOP RETANIER BOLT | C19: =COVER!B26 -> B8M | D19: 6 | H19: =IF(C19="B8",M19,IF(C19="B8M",N19)) -> 2200 | I19: =H19*D19 -> 13200 | K19: =I19+J19 -> 13200 | L19: M10X20L | M19: 1200 | N19: 2200 | O19: 1000 | Q19: WRENCH BOLT
A20: 13 | B20: GEAR BOX BOLT | C20: =COVER!B27 -> B8M | D20: 8 | H20: =IF(C20="B8",M20,IF(C20="B8M",N20,IF(C20="B7(다크로)",O20))) -> 11500 | I20: =H20*D20 -> 92000 | K20: =I20+J20 -> 92000 | L20: M30X130L | M20: 9800 | N20: 11500 | O20: 7000 | Q20: STUD BOLT
A21: 14 | B21: DOWEL PIN | D21: 8 | H21: 2000 | I21: =H21*D21 -> 16000 | K21: =I21+J21 -> 16000 | L21: Ø25 | Q21: 임의 지정
A22: 15 | B22: GEAR BOX | C22: =COVER!B34 -> 10 BAR | D22: 1 | I22: =IF(C22="10 BAR",M22,IF(C22="16 BAR",N22,IF(C22="20 BAR",O22))) -> 1688000 | K22: =I22+J22 -> 1688000 | M22: 1688000 | N22: 4815000 | O22: 4815000 | Q22: GEAR BOX MODEL 확인 필요
A23: 16 | B23: PAINT | C23: =COVER!B32 -> 기존 단가 | D23: 1 | H23: =IF(COVER!B9="APPLICATION",0,IF(COVER!B32="기존 단가",L23,IF(COVER!B32="외주 2COATING",M23,IF(COVER!B32="외주 3COATING",N23)))) -> 1470000 | I23: =H23 -> 1470000 | K23: =I23+J23 -> 1470000 | L23: 1470000 | M23: =IF(H6>0,F6*520,IF(H7>0,F7*520,IF(H8>0,F8*520))) -> #VALUE! | N23: =IF(H6>0,F6*620,IF(H7>0,F7*620,IF(H8>0,F8*620))) -> #VALUE!
A24: 17 | B24: 조립.검사 | D24: 1 | H24: =IF(COVER!B9="APPLICATION",0,IF(COVER!B9="N/A",L24)) -> 1470000 | I24: =H24 -> 1470000 | K24: =I24+J24 -> 1470000 | L24: 1470000
A25: 18 | B25: 밸브합산(BEAR) | K25: =SUM(K8:K21)+SUM(K23:K24) -> 28587700 | L25: "A"
A26: 18 | B26: 밸브합산(LEVER) | K26: =SUM(K8:K21)+SUM(K23:K24) -> 28587700 | L26: "A"
A27: 18 | B27: 밸브합산(GEAR) | K27: =SUM(K8:K24) -> 30275700 | L27: "A"
A28: 19 | B28: STEM CR PLATING | C28: =COVER!B28 -> REQUIRED | D28: 0 | H28: =IF(C28="REQUIRED",L28,IF(C28="N/A",0)) -> 0 | I28: =H28 -> 0 | K28: =I28+J28 -> 0
A29: 20 | B29: RUBBER LINING | D29: 0
A30: 21 | B30: 포장비용 | C30: =COVER!B35 -> MOTOR | D30: 1 | H30: =IF(COVER!B9="APPLICATION",0,IF(COVER!B35="BARE",M30,(IF(COVER!B35="LEVER",M30,IF(COVER!B35="GEAR",N30,IF(COVER!B35="MOTOR",O30)))))) -> 1100000 | I30: =H30 -> 1100000 | K30: =I30+J30 -> 1100000 | M30: 800000 | N30: 800000 | O30: 1100000
A31: 22
A32: 23 | B32: 밸브외 사급품 비용 연산 | K32: =SUM(K28:K31) -> 1100000 | L32: "B"
A33: 24 | B33: VALVE 원가 - BEAR | K33: =K25+K32 -> 29687700 | L33: (A+B)
A34: 24 | B34: VALVE 원가 - LEVER | K34: =K26+K32 -> 29687700 | L34: (A+B)
A35: 24 | B35: VALVE 원가 - GEAR | K35: =K27+K32 -> 31375700 | L35: (A+B)
A36: 25 | B36: FACTOR 금액 - BEAR | I36: FACTOR | J36: =COVER!$B$10 -> 1.3 | K36: =(K25+K32)*J36 -> 38594010 | L36: (A+B)XFACTOR
A37: 25 | B37: FACTOR 금액 - LEVER | I37: FACTOR | J37: =COVER!$B$10 -> 1.3 | K37: =(K26+K32)*J37 -> 38594010 | L37: (A+B)XFACTOR
A38: 25 | B38: FACTOR 금액 - GEAR | I38: FACTOR | J38: =COVER!$B$10 -> 1.3 | K38: =(K27+K32)*J38 -> 40788410 | L38: (A+B)XFACTOR

Sheet SAMPLE
A1: CONCENTRIC BFV 원가 分析表
A3: SIZE | B3: 50A | C3: RATING | D3: #150 | F3: FLANGE DRILLING | I3: ASME B16.5 | J3: FACE TO FACE | K3: ISO575 SER'20(43MM)
L4: 외주가공비 / 단가표(EPC)
A5: NO. | B5: 부품명 | C5: 재질 | D5: 수량 | E5: 규격 | F5: 단중 | G5: 업체 | H5: 단가 | I5: 소계 | J5: 가공비 | K5: 합계 | L5: FC/FCD | M5: SC/WCB (ALBC) | N5: SUS | O5: A890 4A | P5: A890 5A | Q5: DISC 중량(일반) | R5: DISC 중량(고압)
A6: 1 | B6: BODY(WAFER) | C6: =COVER!B13 -> 0 | D6: 1 | F6: 3.8 | H6: =COVER!C13 -> 0 | I6: =D6*F6*H6 -> 0 | J6: =IF(AND(H6>0),IF(C6="A536 Gr65-45-12",L6,IF(C6="A216 WCB",M6,IF(C6="A395 Gr65-15-15",L6)))) -> FALSE | K6: =I6+J6 -> 0 | L6: 10000 | M6: 15000 | N6: 30000
A7: 1 | B7: BODY(LUG) | C7: =COVER!B14 -> A536 Gr65-45-12 | D7: 1 | F7: 5.5 | H7: =COVER!C14 -> 3500 | I7: =D7*F7*H7 -> 19250 | J7: =IF(AND(H7>0),IF(C7="A536 Gr65-45-12",L7,IF(C7="A216 WCB",M7,IF(C7="A395 Gr65-15-15",L7)))) -> 16000 | K7: =I7+J7 -> 35250 | L7: 16000 | M7: 24000 | N7: 48000
A8: 1 | B8: BODY(FLANGE) | C8: =COVER!B15 -> 0 | D8: 1 | F8: 9 | H8: =COVER!C15 -> 0 | I8: =D8*F8*H8 -> 0 | J8: =IF(AND(H8>0),IF(C8="A536 Gr65-45-12",L8,IF(C8="A216 WCB",M8,IF(C8="A395 Gr65-15-15",L8)))) -> FALSE | K8: =I8+J8 -> 0 | L8: 17000 | M8: 25500 | N8: =M8*2 -> 51000
A9: 2 | B9: DISC | C9: =COVER!B16 -> A351 CF8M | D9: 1 | F9: =IF(COVER!B34="10 BAR",Q9,IF(COVER!B34="16 BAR",R9,IF(COVER!B34="20 BAR",R9))) -> 0.3 | H9: =COVER!C16 -> 12000 | I9: =D9*F9*H9 -> 3600 | J9: =IF(C9="A351 CF8",N9,IF(C9="A351 CF8M",N9,IF(C9="A351 CF3",N9,IF(C9="A351 CF3M",N9,IF(C9="B148 C95800",M9,IF(C9="A890 4A",O9,IF(C9="A890 5A",P9)))))))+260 -> 3760 | K9: =I9+J9 -> 7360 | M9: 3500 | N9: 3500 | O9: 9000 | Q9: 0.3 | R9: 0.3
A10: 3 | B10: SEAT | C10: =COVER!B18 -> EPDM | D10: 1 | F10: 1 | J10: =IF(C10="NBR",L10,IF(C10="EPDM",L10,IF(C10="VITON",M10))) -> 805 | K10: =J10 -> 805 | L10: 805 | M10: 9500 | N10: 6000 | O10: N/A | P10: N/A
A11: 4 | B11: STEM(ONE STEM) | C11: =COVER!B17 -> A564T630 | D11: 1 | F11: 0.26 | H11: =COVER!C17 -> 10000 | I11: =D11*F11*H11 -> 2600 | J11: =M11 -> 3000 | K11: =I11+J11 -> 5600 | L11: Ø14X208L | M11: 3000
A12: 5 | B12: PACKING+GLAND | C12: =COVER!B19 -> NBR | D12: 1 | F12: 1 | H12: =IF(C12="NBR",L12+N12,IF(C12="EPDM",L12+N12,IF(C12="VITON",M12+N12))) -> 290 | I12: =D12*F12*H12 -> 290 | K12: =I12+J12 -> 290 | L12: 120 | M12: 970 | N12: 170
A13: 6 | B13: BUSH | D13: 0 | L13: N/A
A14: 7 | B14: DISC BOLT(PIN) | C14: =C11 -> A564T630 | D14: 1 | F14: 1 | H14: =L14 -> 1400 | I14: =D14*F14*H14 -> 1400 | K14: =I14+J14 -> 1400 | L14: 1400
A15: 8 | B15: END COVER | C15: =COVER!B22 -> BODY MATERIAL | D15: 0 | L15: N/A | S15: =IF(C15="SS400",1100,IF(C15="BODY MATERIAL",H6))
A16: 9 | B16: END COVE BOLT | C16: =COVER!B23 -> B8M | D16: 0 | L16: N/A
A17: 10 | B17: COLLAR(TOP COVER) | C17: =COVER!B24 -> ALBC2 | D17: 0 | L17: N/A
A18: 11 | B18: TOP RETANIER | C18: =COVER!B25 -> SS400 | D18: 1 | H18: 1300 | I18: =H18*D18 -> 1300 | K18: =I18 -> 1300 | S18: 350A 까지 1300원 | U18: 400A 2500원 | W18: 450A 2700원
A19: 12 | B19: TOP RETANIER BOLT | C19: =COVER!B26 -> B8M | D19: 2 | H19: 200 | I19: =H19*D19 -> 400 | K19: =I19 -> 400
A20: 13 | B20: GEAR BOX BOLT | C20: =COVER!B27 -> B8M | D20: 4 | H20: =IF(C20="B8",M20,IF(C20="B8M",N20,IF(C20="B7(다크로)",O20))) -> 350 | I20: =H20*D20 -> 1400 | K20: =I20 -> 1400 | L20: M8X20 | M20: 300 | N20: 350 | O20: 300
A21: 14 | B21: TOP COVER | C21: =COVER!B28 -> REQUIRED | D21: 0 | L21: N/A
A22: 15 | B22: TOP COVER BOLT | C22: =COVER!#REF! -> #REF! | D22: 0 | L22: N/A
A23: 16 | B23: LEVER | C23: SUS | D23: 1 | F23: 1 | I23: 6000 | K23: =I23 -> 6000
A24: 17 | B24: GEAR BOX | C24: =COVER!B34 -> 10 BAR | D24: 1 | F24: 4.5 | I24: =IF(C24="10 BAR",M24,IF(C24="16 BAR",N24,IF(C24="20 BAR",O24))) -> 85500 | K24: =I24 -> 85500 | M24: 85500 | N24: 85500 | O24: 85500
A25: 18 | B25: PAINT | C25: =COVER!B32 -> 기존 단가 | D25: 1 | F25: 4 | H25: =IF(COVER!B9="APPLICATION",0,IF(COVER!B32="기존 단가",L25,IF(COVER!B32="외주 2COATING",M25,IF(COVER!B32="외주 3COATING",N25)))) -> 5000 | I25: =H25 -> 5000 | K25: =I25+J25 -> 5000 | L25: 5000 | M25: =IF(H6>0,F6*520,IF(H7>0,F7*520,IF(H8>0,F8*520))) -> 2860 | N25: =IF(H6>0,F6*620,IF(H7>0,F7*620,IF(H8>0,F8*620))) -> 3410 | S25: =IF(COVER!B10="APPLICATION",0,IF(COVER!B10="N/A",L25))
A26: 19 | B26: 조립.검사 | D26: 1 | F26: 5 | H26: =IF(COVER!B9="APPLICATION",0,IF(COVER!B9="N/A",L26)) -> 0 | I26: =H26 -> 0 | K26: =I26+J26 -> 0 | S26: =IF(AND(H6>0),IF(C6="A536 Gr65-45-12",L6,IF(C6="A216 WCB",M6,IF(C6="A395 Gr65-15-15",L6))))
A27: 20 | B27: 밸브합산(BEAR) | K27: =SUM(K6:K20)+SUM(K25:K26) -> 58805 | L27: "A"
A28: 20 | B28: 밸브합산(LEVER) | K28: =SUM(K6:K23)+SUM(K25:K26) -> 64805 | L28: "A"
A29: 20 | B29: 밸브합산(GEAR) | K29: =SUM(K6:K20)+SUM(K24:K26) -> 144305 | L29: "A"
A30: 21 | B30: STEM CR PLATING | C30: =COVER!#REF! -> #REF! | D30: 0 | H30: =IF(C30="REQUIRED",L30) -> #REF! | I30: =H30 -> #REF! | K30: =I30+J30 -> #REF! | L30: 2800
A31: 22 | B31: RUBBER LINING | D31: 0
A32: 23 | B32: 포장비용 | C32: =COVER!B35 -> MOTOR | D32: 1 | H32: =IF(COVER!B9="APPLICATION",0,IF(COVER!B35="LEVER",M32,IF(COVER!B35="GEAR",N32,IF(COVER!B35="MOTOR",O32)))) -> 0 | I32: =H32 -> 0 | K32: =I32+J32 -> 0
A33: 24
A34: 25 | B34: 밸브외 사급품 비용 연산 | K34: =SUM(K30:K33) -> #REF! | L34: "B"
A35: 26 | B35: VALVE 원가 - BEAR | K35: =K27+K34 -> #REF! | L35: (A+B)
A36: 26 | B36: VALVE 원가 - LEVER | K36: =K28+K34 -> #REF! | L36: (A+B)
A37: 26 | B37: VALVE 원가 - GEAR | K37: =K29+K34 -> #REF! | L37: (A+B)
A38: 27 | B38: 견적금액 - BEAR | I38: FACTOR | J38: =COVER!$B$10 -> 1.3 | K38: =(K27+K34)*J38 -> #REF! | L38: (A+B)XFACTOR
A39: 27 | B39: 견적금액 - LEVER | I39: FACTOR | J39: =COVER!$B$10 -> 1.3 | K39: =(K28+K34)*J39 -> #REF! | L39: (A+B)XFACTOR
A40: 27 | B40: 견적금액 - GEAR | I40: FACTOR | J40: =COVER!$B$10 -> 1.3 | K40: =(K29+K34)*J40 -> #REF! | L40: (A+B)XFACTOR
