Workbook
Name _____________SHT1: #REF!
Name _____________SHT2: #REF!
Name _____________SHT3: #REF!
Name ___________SHT1: #REF!
Name ___________SHT2: #REF!
Name ___________SHT3: #REF!
Name _________SHT1: #REF!
Name _________SHT2: #REF!
Name _________SHT3: #REF!
Name _______SHT1: #REF!
Name _______SHT2: #REF!
Name _______SHT3: #REF!
Name _____SHT1: #REF!
Name _____SHT2: #REF!
Name _____SHT3: #REF!
Name ____SHT1: #REF!
Name ____SHT2: #REF!
Name ____SHT3: #REF!
Name ___a5: #N/A
Name ___a6: #N/A
Name ___OPT8: #N/A
Name ___OPT9: #N/A
Name ___rev1: [1]Sheeta!$I$8
Name ___rev2: [1]Sheeta!$I$9
Name ___rev3: [1]Sheeta!$I$10
Name ___rev4: [1]Sheeta!$I$11
Name ___SHT1: #REF!
Name ___SHT2: #REF!
Name ___SHT3: #REF!
Name __a5: #N/A
Name __a6: #N/A
Name __OPT8: #N/A
Name __OPT9: #N/A
Name __plc1: [3]INSTR!$A$5:$M$208
Name __rev1: [1]Sheeta!$I$8
Name __rev2: [1]Sheeta!$I$9
Name __rev3: [1]Sheeta!$I$10
Name __rev4: [1]Sheeta!$I$11
Name _2NDFOUR: #REF!
Name _2NDONE: #REF!
Name _2NDTHREE: #REF!
Name _4: #REF!
Name _5: #REF!
Name _6: #REF!
Name _7: #REF!
Name _a5: [4]!Module1.UNITOK
Name _a6: [4]!UNITOK
Name _GFDS: '[5]Pag. 1'!$A$203:$S$256
Name _HKT: '[5]Pag. 1'!$A$611:$S$663
Name _KUIY: '[5]Pag. 1'!$A$319:$S$380
Name _LKOIU: '[5]Pag. 1'!$A$319:$S$380
Name _ooo: #REF!
Name _ooo: #REF!
Name _ooo: #REF!
Name _OPT8: [4]!_xlbgnm.OPT8
Name _OPT9: [4]!_xlbgnm.OPT9
Name _Order1: 255
Name _plc1: [3]INSTR!$A$5:$M$208
Name _pppp: '[5]Pag. 1'!$A$665:$S$717
Name _rev1: [1]Sheeta!$I$8

Sheet COVER
A9: END CONNECTION | B9: FLANGE
A10: VALVE MARGIN | B10: APPLICATION
A11: FACTOR | B11: 1.5 | C11: (표준원가 X Factor)
A13: DESCRIPTION | B13: MATERIAL | C13: PRICE | E13: SIZE | F13: 제조원가 | G13: 표준원가 | H13: FACTOR | I13: REMARK
A14: BODY(LUG) | C14: 0 | E14: 80 | F14: ='80-300LB'!$S$64 -> 768785 | G14: ='80-300LB'!$S$67 -> 930229.85 | H14: ='80-300LB'!$S$68 -> 1395344.8
A15: BODY(FLANGE) | B15: A216 WCB | C15: 4300 | E15: 100 | F15: ='100-300LB'!S64 -> 834925 | G15: ='100-300LB'!S67 -> 1010259.2 | H15: ='100-300LB'!S68 -> 1515388.9
A16: DISC | B16: A216 WCB | C16: 4300 | E16: 150 | F16: ='150-300LB'!S64 -> 1376770 | G16: ='150-300LB'!S67 -> 1665891.7 | H16: ='150-300LB'!S68 -> 2498837.5
A17: STEM | B17: A564T630 | C17: 8500 | E17: 200 | F17: ='200-300LB'!S64 -> 1711050 | G17: ='200-300LB'!S67 -> 2070370.5 | H17: ='200-300LB'!S68 -> 3105555.8
A18: SEAT | B18: A240T316L+GARPHITE | C18: SEAT 재질 동일 | E18: 250 | F18: ='250-300LB'!S64 -> 2571970 | G18: ='250-300LB'!S67 -> 3112083.7 | H18: ='250-300LB'!S68 -> 4668125.6
A19: STELLITE | B19: WCB+309+#6 | E19: 300 | F19: ='300-300LB'!S64 -> 2976715 | G19: ='300-300LB'!S67 -> 3601825.1 | H19: ='300-300LB'!S68 -> 5402737.7
A20: SEAT GLAND | B20: SS316L | E20: 350 | F20: ='350-300LB'!S64 -> 4199600 | G20: ='350-300LB'!S67 -> 5081516 | H20: ='350-300LB'!S68 -> 7622274
A21: SEAT GLAND BOLT | B21: B7(다크로) | E21: 400 | I21: N/A
A22: ASSEMBLY BOLT | B22: B7(다크로) | E22: 450 | I22: N/A
A23: BUSH | B23: 316+NICKEL | E23: 500 | I23: N/A
A24: PACKING GLAND | B24: A351 CF8M | E24: 550 | I24: N/A
A25: COLLAR | B25: 316+NICKEL | E25: 600 | F25: ='600-300LB'!S64 -> 11117185 | G25: ='600-300LB'!S67 -> 13451794 | H25: ='600-300LB'!S68 -> 20177691
A26: PACKING PLATE | B26: 316+NICKEL | E26: 650 | I26: N/A
A27: THRUST BEARING | B27: 316+NICKEL | E27: 700 | I27: N/A
A28: BEARING | B28: 316+NICKEL | E28: 750 | F28: ='750-300LB'!S64 -> 15436965 | G28: ='750-300LB'!S67 -> 18678728 | H28: ='750-300LB'!S68 -> 28018091
A29: END COVER | B29: SS400 | E29: 800 | F29: ='800-300LB '!S64 -> 14940950 | G29: ='800-300LB '!S67 -> 18078550 | H29: ='800-300LB '!S68 -> 27117824
A30: TOP COVER | B30: WCB | E30: 850 | I30: N/A
E31: 900 | F31: ='900-300LB'!S64 -> 22306825 | G31: ='900-300LB'!S67 -> 26991258 | H31: ='900-300LB'!S68 -> 40486887
A32: PAINTING | B32: 외주 2COATING | E32: 950 | I32: N/A
A33: 조립비용 | B33: 신규 | E33: 1000 | I33: N/A
E34: 1050 | F34: ='1050-300LB'!S64 -> 28298990 | G34: ='1050-300LB'!S67 -> 34241778 | H34: ='1050-300LB'!S68 -> 51362667
A35: OPERATION | B35: GEAR | E35: 1100 | I35: N/A
E36: 1150 | I36: N/A
E37: 1200 | F37: ='1200-300LB'!S64 -> 41922340 | G37: ='1200-300LB'!S67 -> 50726031 | H37: ='1200-300LB'!S68 -> 76089047
E38: 1250 | I38: N/A
E39: 1300 | I39: N/A
E40: 1350 | I40: N/A
E41: 1350 | I41: N/A

Sheet 주조단가
A1: 업체/재질별 주조 단가 (2019-05-21)
AB2: 0 | AC2: 1 | AD2: 2 | AE2: 3 | AF2: 4 | AG2: 5 | AH2: 6 | AI2: 7 | AJ2: 8 | AK2: 9 | AL2: 10 | AM2: 11 | AN2: 12 | AO2: 13 | AP2: 14 | AQ2: 15 | AR2: 16 | AS2: 17 | AU2: 18 | AW2: 19 | AX2: 20
A3: 업체 | B3: REV | C3: 관리CAPA. | D3: A216 WCB | E3: A217 WC9 | F3: A217 WC1 | G3: A352 LCC | H3: A217 WC6 | I3: A217 CA15 | J3: A351 CG8M | K3: A351 CG3M | L3: A351 CF8 | M3: A351 CF8M | N3: A351 CF3M | O3: A890 4A | P3: A890 5A | Q3: A890 6A | R3: A351 CF3 | S3: A351 CF8C | T3: CW6MC | U3: INCOLOY 25-6Mo | V3: A351 CN7M | W3: MONEL K500 | X3: ALBC3 | Y3: B148 | Z3: A536 | AB3: END CONNECTION | AC3: BODY MATERIAL | AD3: DISC MATERIAL | AE3: SEAT MATERIAL | AF3: STEM MATERIAL | AG3: STELLITE | AH3: SEAT GLAND | AI3: SEAT GLAND BOLT | AJ3: ASSEMBLY BOLT | AK3: BUSH | AL3: PACKING GLAND | AM3: COLLAR | AN3: PACKING PLATE | AO3: THRUST BEARING | AP3: BEARING | AQ3: END COVER | AR3: TOP COVER | AS3: OPERATION | AU3: VALVE MARGIN | AW3: PAINTING/COATING | AX3: 조립비용
A4: 제흥금속 | B4: 폐업(2018년5월) | C4: 50KG이상 | D4: 2700 | E4: 4200 | G4: 2900 | H4: 3900 | L4: 6000 | M4: 7500 | N4: 8500 | AB4: LUG | AC4: A216 WCB | AD4: A216 WCB | AE4: A240T316L | AF4: A276T304 | AG4: SUS+#6 | AH4: SS304 | AI4: B8 | AJ4: B8 | AK4: 316+NICKEL | AL4: A351 CF8M | AM4: 316+NICKEL | AN4: 316+NICKEL | AO4: 316+NICKEL | AP4: 316+NICKEL | AQ4: SS400 | AR4: WCB | AS4: GEAR | AU4: APPLICATION | AW4: 기존 단가 | AX4: 기존 단가
A5: HTF | B5: 품질문제로 품질부 거래 holding | C5: 101KG 이상 | D5: 2600 | L5: 5800 | M5: 7300 | N5: 8300 | AB5: FLANGE | AC5: A536 Gr65-45-12 | AD5: A536 Gr65-45-12 | AE5: A240T316L+GARPHITE | AF5: A276T304L | AG5: WCB+309+#6 | AH5: SS316L | AI5: B8M | AJ5: B8M | AK5: B148 C95400 | AL5: B148 C95400 | AM5: B148 C95400 | AN5: B148 C95400 | AO5: B148 C95400 | AP5: B148 C95400 | AQ5: SS304 | AR5: CF8M | AS5: MOTOR | AU5: N/A | AW5: 외주 2COATING | AX5: 신규
C6: 100KG 이하 | D6: 2800 | M6: 7300 | N6: 8300 | AC6: A351 CF8 | AD6: A351 CF8 | AE6: B443 N06625 | AF6: A276T316 | AI6: B7(다크로) | AJ6: B7(다크로) | AQ6: SS316 | AS6: PNEUMATIC | AW6: 외주 3COATING
A7: 영광스틸 | B7: 단가인상요청 미반영 거래 반납 | C7: 21KG 이상 | D7: 2700 | L7: 5800 | M7: 7700 | N7: 8700 | AC7: A351 CF8M | AD7: A351 CF8M | AE7: B443 N06625+GRAPHITE | AF7: A276T316L
A8: 영광스틸 | C8: 20KG 이하 | D8: 2900 | I8: 5000 | L8: 6000 | M8: 8000 | N8: 9000 | AC8: A351 CF3 | AD8: A351 CF3 | AF8: A564T630
A9: 대림산업 | B9: 2018년 10월 rev. | C9: 200KG이상 | D9: 2600 | E9: 4200 | G9: 2800 | H9: 3600 | I9: 5000 | J9: 8300 | K9: 8500 | L9: 5800 | M9: 7000 | N9: 8000 | O9: 9000 | P9: 11000 | Q9: 12000 | R9: 6300 | T9: 35000 | V9: 17000 | W9: 35000 | AC9: A351 CF3M | AD9: A351 CF3M | AF9: A479T410
A10: 대신금속 | B10: 2018년 11월 rev. | C10: 300KG미만 | D10: 2750 | AC10: A890 4A | AD10: A890 4A | AF10: UNS S31803
A11: 대신금속 | C11: 300KG이상 | D11: 2700 | E11: 4000 | F11: 3000 | G11: 2800 | H11: 3700 | I11: 4800 | J11: 7800 | K11: 8800 | L11: 6000 | M11: 7600 | N11: 8600 | O11: 10500 | P11: 11500 | Q11: 12500 | R11: 6500 | S11: 7000 | T11: 36000 | U11: 25000 | V11: 18000 | W11: 38000 | AC11: A890 5A | AD11: A890 5A | AF11: UNS S32750
A12: 주원특수강 | B12: 100kg 이하는 별도 견적 | C12: 100~300KG | D12: 2800 | AC12: A890 6A | AD12: A890 6A | AF12: MONEL K-400
A13: 주원특수강 | C13: 300KG이상 | D13: 2750 | E13: 4150 | G13: 2900 | H13: 3750 | I13: 4950 | L13: 6100 | M13: 7400 | N13: 8200 | O13: 9000 | P13: 11000 | Q13: 12000 | R13: 6600 | AC13: B148 C95800 | AD13: B148 C95800 | AF13: MONEL K-500
A14: 금화STEEL | B14: 2018년 6월 거래 개시 | D14: 3500 | L14: 6300 | M14: 8300 | N14: 9300 | P14: 18000 | R14: 7300 | AC14: A217 WC9 | AD14: A217 WC9 | AF14: INCONEL 625
A15: 광명금속 | B15: 신규 개발진행 업체 | C15: ~20KG | D15: 4000 | L15: 6900 | M15: 8600 | N15: 9600 | O15: 11500 | P15: 15000 | R15: 7900 | AC15: A217 WC1 | AD15: A217 WC1
C16: 21~50KG | D16: 3700 | L16: 6700 | M16: 8200 | N16: 9200 | O16: 11500 | P16: 15000 | R16: 7700 | AC16: A352 LCC | AD16: A352 LCC
C17: 50KG~ | D17: 3300 | L17: 6500 | M17: 8000 | N17: 9000 | O17: 11500 | P17: 15000 | R17: 7500 | AC17: A217 WC6 | AD17: A217 WC6
A18: 디에스케스텍 | B18: 신규 개발진행 업체 | C18: ~20KG | D18: 3800 | L18: 6700 | M18: 8200 | N18: 8900 | O18: 11500 | P18: 16000 | R18: 7200 | AC18: A217 CA15 | AD18: A217 CA15
C19: 21~50KG | D19: 3300 | L19: 6400 | M19: 8200 | N19: 8900 | O19: 11500 | P19: 16000 | R19: 7200 | AC19: MONEL K-400 | AD19: MONEL K-400
C20: 50KG~ | D20: 3300 | L20: 6400 | M20: 8000 | N20: 8700 | O20: 11500 | P20: 16000 | R20: 7200 | AC20: MONEL K-500 | AD20: MONEL K-500
A21: 대원테크 | B21: 정밀주조업체 | L21: 12600 | M21: 16200 | N21: 18500 | AC21: A351 CG8M | AD21: A351 CG8M
A22: SY메탈 | X22: 11300 | Y22: 11700 | AC22: A351 CG3M | AD22: A351 CG3M
A23: 삼성금속 | X23: 11000 | Y23: 11300 | AC23: A351 CF8C | AD23: A351 CF8C
A24: 진우 ENG | B24: REV.1(17-01-24) NEGO금액 ALBC,B148 -150원- | C24: DN350이하 | X24: 12150 | Y24: 12650 | AC24: CW6MC | AD24: CW6MC
A25: 진우 ENG | C25: DN400이상 | X25: 11650 | Y25: 12250 | AC25: INCOLOY 25-6Mo | AD25: INCOLOY 25-6Mo
A26: 진우 ENG | C26: 200KG이상 | X26: 10950 | Y26: 11350 | AC26: A351 CN7M | AD26: A351 CN7M
A27: 마천캐스트 | B27: 2019-01-21 단가인상요청 (1950원->2100원) | C27: DN500~1000 | Z27: 2100
A28: 마천캐스트 | C28: DN2200 이하 | Z28: 1880
A29: 마천캐스트 | C29: DN2200 초과 | Z29: 1900
A30: 화성금속 | C30: 1500이상 | Z30: 2000
A31: 신우공업 | B31: 단가인상요청 미반영 거래 반납 | C31: 450A이하 | Z31: 2050
A32: 신우공업 | C32: 500A이상 | Z32: 1880
A33: 신우공업 | C33: 800KG이상 | Z33: 1880
A35: NOTE
A36: 주강 선급품 기존 단가에서 +100원/KG 추가됨
A37: 중공형 DISC는 용접비 +400원/KG 추가됨 (SY메탈 DN1000미만 +2000원/KG , DN1000이상 +1500원/KG)
A38: 영광 STEEL 주강 -100원 SUS -200원 NEGO(2017-01-12)
A39: 신우공업 - DN500이상 -70원, 800KG이상 -20원(2017-01-24)
A40: 신우공업 - DN450이하 -50원 NEGO(2017-10-10)
A41: HTF,대원 - 단가적용(2017-10-10)
A42: 주원특수강 전체 단가 인상 적용(2018년 6월 14일)
A43: 광명금속 신규 추가(2018년 11월 15일)
A44: 광명금속 단가 NEGO 적용(2019년 5월 21일)

Sheet 80-300LB
A1: TREIPLE VALVE 원가분석 ( 300# FLANGE SHORT)
T2: 단위 : 원
A3: SIZE | C3: DN 80 | D3: CLASS | E3: 300LB | F3: TYPE | G3: =COVER!B9 -> FLANGE | H3: TRIPLE 가공공정 | R3: F TO F | S3: API 609 CAT'- B SHROT PATTERN | T3: REMARK
A5: NO. | C5: DESCRIPTION | D5: MATERIAL | E5: 재료비 | H5: ST | I5: 세부 가공비 | R5: 가공비 | S5: 소 계 ( 재료비 + 가공비 )
I6: A | J6: B | K6: C | L6: D | M6: E | N6: F | O6: G | P6: H | Q6: I
E7: 중량 | F7: 단가 | G7: 소재비 | I7: 터닝/선반 | J7: 레디알 | K7: 보링 | L7: 터닝/선반 | M7: 동시보링 | N7: 레이알 | O7: 선반 | P7: 밀링 | Q7: 기타
A8: S T A N D A R D | B8: 1 | C8: =COVER!A14 -> BODY(LUG) | D8: =COVER!B14 -> 0 | E8: 19 | F8: =COVER!C14 -> 0 | G8: =F8*E8 -> 0 | I8: =I10*I9 -> 3.6001489e+13 | J8: =J10*J9 -> 4.3341753e+13 | K8: =K10*K9 -> 1.6833509e+14 | L8: =L10*L9 -> 5.0670662e+14 | M8: =M10*M9 -> 6.3241734e+14 | N8: =N10*N9 -> 4.6528628e+13 | O8: =O10*O9 -> 0 | P8: =P10*P9 -> 0 | Q8: =Q10*Q9 -> 10000000000000 | R8: =IF(COVER!C14>0,79000*1.2,0) -> 0 | S8: =G8+R8 -> 0 | T8: LUG
B9: 1-1 | C9: =COVER!A15 -> BODY(FLANGE) | D9: =COVER!B15 -> A216 WCB | E9: 38 | F9: =COVER!C15 -> 4300 | G9: =F9*E9 -> 163400 | I9: =I11*I10 -> 2.3489854e+09 | J9: =J11*J10 -> 2.658302e+09 | K9: =K11*K10 -> 6.5682514e+09 | L9: =L11*L10 -> 1.3693182e+10 | M9: =M11*M10 -> 1.5873372e+10 | N9: =N11*N10 -> 2.7870633e+09 | O9: =O11*O10 -> 0 | P9: =P11*P10 -> 0 | Q9: =Q11*Q10 -> 1000000000 | R9: =IF(COVER!C15>0,80000*1.2,0) -> 96000 | S9: =G9+R9 -> 259400 | T9: FLANGE
H10: 기계임률 / H | I10: =I11/10 -> 15326.4 | J10: =J11/10 -> 16304.3 | K10: =K11/10 -> 25628.6 | L10: =L11/10 -> 37004.3 | M10: =M11/10 -> 39841.4 | N10: =N11/10 -> 16694.5 | O10: =O11/10 -> 0 | P10: =P11/10 -> 0 | Q10: =Q11/10 -> 10000 | S10: =G10+R10 -> 0
H11: 기계임률 / DAY (10시간) | I11: 153264 | J11: 163043 | K11: 256286 | L11: 370043 | M11: 398414 | N11: 166945 | O11: 0 | P11: 0 | Q11: 100000 | S11: =G11+R11 -> 0
B12: 2 | C12: DISC | D12: =COVER!B16 -> A216 WCB | E12: 1.7 | F12: =COVER!C16 -> 4300 | G12: =F12*E12 -> 7310 | I12: =I13*I14 -> 7663.2 | J12: =J13*J14 -> 0 | K12: =K13*K14 -> 4891.29 | L12: =L13*L14 -> 11485 | M12: =M13*M14 -> 0 | N12: =N13*N14 -> 0 | O12: =O13*O14 -> 0 | P12: =P13*P14 -> 0 | Q12: =Q13*Q14 -> 3000 | R12: 55200 | S12: =G12+R12 -> 62510
H13: 표준가공 ( S/T : EA/H) | I13: 0.5 | J13: 0 | K13: 0.3 | L13: 0.5 | M13: 0 | N13: 0 | Q13: 0.3 | S13: =G13+R13 -> 0
H14: 기계임률 / H | I14: =I15/10 -> 15326.4 | J14: =J15/10 -> 16304.3 | K14: =K15/10 -> 16304.3 | L14: =L15/10 -> 22970 | M14: =M15/10 -> 39841.4 | N14: =N15/10 -> 16694.5 | O14: =O15/10 -> 0 | P14: =P15/10 -> 0 | Q14: =Q15/10 -> 10000 | S14: =G14+R14 -> 0
H15: 기계임률 / DAY | I15: 153264 | J15: 163043 | K15: 163043 | L15: 229700 | M15: 398414 | N15: 166945 | O15: 0 | P15: 0 | Q15: 100000 | S15: =G15+R15 -> 0
B16: 3 | C16: STELLITE on BODY | D16: =COVER!B19 -> WCB+309+#6 | E16: 1 | F16: =IF(D16="SUS+#6",X76,IF(D16="WCB+309+#6",X77)) -> 35200 | G16: =F16*E16 -> 35200 | I16: 0 | J16: 0 | K16: 0 | L16: 0 | M16: 0 | N16: 0 | O16: 0 | P16: 0 | Q16: 0 | R16: 0 | S16: =G16+R16 -> 35200
B17: 4 | C17: DISC SEAT | D17: =COVER!B18 -> A240T316L+GARPHITE | E17: 1 | F17: =IF(D17="A240T316L+GARPHITE",Y84+Z84) -> 29200 | G17: =F17*E17 -> 29200 | I17: 0 | J17: 0 | K17: 0 | L17: 0 | M17: 0 | N17: 0 | O17: 0 | P17: 0 | Q17: 0 | R17: =Z84*1.3 -> 36400 | S17: =G17+R17 -> 65600
B18: 5 | C18: SEAT GLAND | D18: =COVER!B20 -> SS316L | E18: 1 | F18: =IF(D18="SS304",Y82,IF(D18="SS316L",Z82)) -> 4800 | G18: =E18*F18 -> 4800 | I18: =I19*I20 -> 4597.92 | J18: =J19*J20 -> 4891.29 | K18: =K19*K20 -> 0 | L18: =L19*L20 -> 0 | M18: =M19*M20 -> 0 | N18: =N19*N20 -> 0 | O18: =O19*O20 -> 0 | P18: =P19*P20 -> 0 | Q18: =Q19*Q20 -> 2000 | R18: =AA82*1.5 -> 33000 | S18: =G18+R18 -> 37800
G19: =E19*F19 -> 0 | H19: 표준가공 ( S/T : EA/H) | I19: 0.3 | J19: 0.3 | Q19: 0.2 | S19: =G19+R19 -> 0
G20: =E20*F20 -> 0 | H20: 표준가공 ( S/T : EA/H) | I20: =I21/10 -> 15326.4 | J20: =J21/10 -> 16304.3 | K20: =K21/10 -> 0 | L20: =L21/10 -> 0 | M20: =M21/10 -> 0 | N20: =N21/10 -> 0 | O20: =O21/10 -> 0 | P20: =P21/10 -> 0 | Q20: =Q21/10 -> 10000 | S20: =G20+R20 -> 0
G21: =E21*F21 -> 0 | H21: 표준가공 ( S/T : EA/H) | I21: 153264 | J21: 163043 | Q21: 100000 | S21: =G21+R21 -> 0
B22: 6 | C22: DISC SEAT Ret-Gasket | D22: 316L+G/P | E22: 1 | F22: =Y86 -> 2040 | G22: =F22*E22 -> 2040 | I22: 0 | J22: 0 | K22: 0 | L22: 0 | M22: 0 | N22: 0 | O22: 0 | P22: 0 | Q22: 0 | R22: 0 | S22: =G22+R22 -> 2040
B23: 7 | C23: SEAT GLAND BOLT | D23: =COVER!B21 -> B7(다크로) | E23: 6 | F23: =IF(D23="B8",Y91,IF(D23="B8M",Z91,IF(D23="B7(다크로)",AA91))) -> 300 | G23: =F23*E23 -> 1800 | I23: 0 | J23: 0 | K23: 0 | L23: 0 | M23: 0 | N23: 0 | O23: 0 | P23: 0 | Q23: 0 | R23: 0 | S23: =G23+R23 -> 1800
B24: 8 | C24: STEM | D24: =COVER!B17 -> A564T630 | E24: 1 | F24: =COVER!C17 -> 8500 | G24: =F24*E24 -> 8500 | I24: =I25*I26 -> 4597.92 | J24: =J25*J26 -> 0 | K24: =K25*K26 -> 0 | L24: =L25*L26 -> 0 | M24: =M25*M26 -> 0 | N24: =N25*N26 -> 0 | O24: =O25*O26 -> 0 | P24: =P25*P26 -> 0 | Q24: =Q25*Q26 -> 1000 | R24: =R12*0.3 -> 16560 | S24: =G24+R24 -> 25060
H25: 표준가공 ( S/T : EA/H) | I25: 0.3 | Q25: 0.1 | S25: =G25+R25 -> 0
H26: 표준가공 ( S/T : EA/H) | I26: =I27/10 -> 15326.4 | Q26: =Q27/10 -> 10000 | S26: =G26+R26 -> 0
H27: 표준가공 ( S/T : EA/H) | I27: 153264 | Q27: 100000 | S27: =G27+R27 -> 0
B28: 9 | C28: PACKING | D28: PILLAR | E28: 1 | F28: 5300 | G28: =E28*F28 -> 5300 | R28: 0 | S28: =G28+R28 -> 5300
B29: 10 | C29: PACKING GLAND | D29: =COVER!B24 -> A351 CF8M | E29: 1 | F29: =IF(D29="A351 CF8M",Y98,IF(D29="B148 C95400",Z98)) -> 18000 | G29: =F29*E29 -> 18000 | I29: =I30*I31 -> 1532.64 | J29: =J30*J31 -> 1630.43 | K29: =K30*K31 -> 0 | L29: =L30*L31 -> 0 | M29: =M30*M31 -> 0 | N29: =N30*N31 -> 0 | O29: =O30*O31 -> 0 | P29: =P30*P31 -> 0 | Q29: =Q30*Q31 -> 0 | R29: 0 | S29: =G29+R29 -> 18000
H30: 표준가공 ( S/T : EA/H) | I30: 0.1 | J30: 0.1 | S30: =G30+R30 -> 0
H31: 표준가공 ( S/T : EA/H) | I31: =I32/10 -> 15326.4 | J31: =J32/10 -> 16304.3 | S31: =G31+R31 -> 0
H32: 표준가공 ( S/T : EA/H) | I32: 153264 | J32: 163043 | S32: =G32+R32 -> 0
B33: 11 | C33: PACKING PLATE | D33: =COVER!B26 -> 316+NICKEL | E33: 1 | F33: =IF(D33="316+NICKEL",Y100,IF(D33="B148 C95400",Z100)) -> 6000 | G33: =F33*E33 -> 6000 | I33: =I34*I35 -> 1532.64 | J33: =J34*J35 -> 0 | K33: =K34*K35 -> 0 | L33: =L34*L35 -> 0 | M33: =M34*M35 -> 0 | N33: =N34*N35 -> 0 | O33: =O34*O35 -> 0 | P33: =P34*P35 -> 0 | Q33: =Q34*Q35 -> 0 | R33: 0 | S33: =G33+R33 -> 6000 | T33: SET 단가
H34: 표준가공 ( S/T : EA/H) | I34: 0.1 | S34: =G34+R34 -> 0
H35: 표준가공 ( S/T : EA/H) | I35: =I36/10 -> 15326.4 | S35: =G35+R35 -> 0
H36: 표준가공 ( S/T : EA/H) | I36: 153264 | S36: =G36+R36 -> 0
B37: 12 | C37: PACKING GLAND BOLT / NUT | D37: =COVER!B22 -> B7(다크로) | E37: 4 | F37: =IF(D37="B8",Y92,IF(D37="B8M",Z92,IF(D37="B7(다크로)",AA92))) -> 1000 | G37: =E37*F37 -> 4000 | I37: 0 | J37: 0 | K37: 0 | L37: 0 | M37: 0 | N37: 0 | O37: 0 | P37: 0 | Q37: 0 | R37: 0 | S37: =G37+R37 -> 4000
B38: 13 | C38: LIVE LOADING SPRING | E38: 1 | F38: 3000 | G38: =E38*F38 -> 3000 | I38: 0 | J38: 0 | K38: 0 | L38: 0 | M38: 0 | N38: 0 | O38: 0 | P38: 0 | Q38: 0 | R38: 0 | S38: =G38+R38 -> 3000
B39: 14 | C39: BUSH(MAIN) | D39: =COVER!B23 -> 316+NICKEL | E39: 2 | F39: =IF(D39="316+NICKEL",Y96,IF(D39="B148 C95400",Z96)) -> 21500 | G39: =F39*1 -> 21500 | I39: =I40*I41 -> 0 | J39: =J40*J41 -> 0 | K39: =K40*K41 -> 0 | L39: =L40*L41 -> 0 | M39: =M40*M41 -> 0 | N39: =N40*N41 -> 0 | O39: =O40*O41 -> 0 | P39: =P40*P41 -> 0 | Q39: =Q40*Q41 -> 0 | R39: 0 | S39: =G39+R39 -> 21500 | T39: SET 단가
B40: 15 | C40: BUSH(STUB) | D40: =COVER!B23 -> 316+NICKEL | E40: 2 | F40: =IF(D40="316+NICKEL",Y97,IF(D40="B148 C95400",Z97)) -> 20500 | G40: =F40*1 -> 20500 | I40: =I41*I42 -> 0 | J40: =J41*J42 -> 0 | K40: =K41*K42 -> 0 | L40: =L41*L42 -> 0 | M40: =M41*M42 -> 0 | N40: =N41*N42 -> 0 | O40: =O41*O42 -> 0 | P40: =P41*P42 -> 0 | Q40: =Q41*Q42 -> 0 | R40: 0 | S40: =G40+R40 -> 20500 | T40: SET 단가
H41: 표준가공 ( S/T : EA/H) | S41: =G41+R41 -> 0
H42: 표준가공 ( S/T : EA/H) | S42: =G42+R42 -> 0
H43: 표준가공 ( S/T : EA/H) | S43: =G43+R43 -> 0
B44: 16 | C44: COLLAR ( STUB ) | D44: =COVER!B25 -> 316+NICKEL | E44: 1 | F44: =IF(D44="316+NICKEL",Y99,IF(D44="B148 C95400",Z99)) -> 6000 | G44: =F44*E44 -> 6000 | I44: 0 | J44: 0 | K44: 0 | L44: 0 | M44: 0 | N44: 0 | O44: 1000 | P44: 0 | Q44: 0 | R44: 0 | S44: =G44+R44 -> 6000 | T44: SET 단가
B45: 17 | C45: END COVER GASKET | D45: 316L+G/P | E45: 1 | F45: =Y87 -> 1800 | G45: =F45*E45 -> 1800 | H45: 0 | I45: 0 | J45: 0 | K45: 0 | L45: 0 | M45: 0 | N45: 0 | O45: 0 | P45: 0 | R45: 0 | S45: =G45+R45 -> 1800
B46: 18 | C46: END COVER | D46: =COVER!B29 -> SS400 | E46: 1 | F46: =IF(D46="SS400",Y104,IF(D46="SS316",Z104,IF(D46="SS304",AA104))) -> 1100 | G46: =F46*E46 -> 1100 | I46: =I47*I48 -> 1532.64 | J46: 0 | K46: 0 | L46: 0 | M46: 0 | N46: 0 | O46: 0 | P46: 0 | Q46: 0 | R46: 5000 | S46: =G46+R46 -> 6100
H47: 표준가공 ( S/T : EA/H) | I47: 0.1 | S47: =G47+R47 -> 0
H48: 표준가공 ( S/T : EA/H) | I48: =I49/10 -> 15326.4 | S48: =G48+R48 -> 0
H49: 표준가공 ( S/T : EA/H) | I49: 153264 | S49: =G49+R49 -> 0
B50: 19 | C50: END COVER BOLT | D50: =COVER!B22 -> B7(다크로) | E50: 6 | F50: =IF(D50="B8",Y93,IF(D50="B8M",Z93,IF(D50="B7(다크로)",AA93))) -> 300 | G50: =E50*F50 -> 1800 | I50: 0 | J50: 0 | K50: 0 | L50: 0 | M50: 0 | N50: 0 | O50: 0 | P50: 0 | Q50: 0 | R50: 0 | S50: =G50+R50 -> 1800
B51: 20 | C51: DISC PIN | D51: =D24 -> A564T630 | E51: 2 | F51: =IF(D51="A276T316",Y80/E51,IF(D51="A276T316L",Y80/E51,IF(D51="A276T304",Z80/E51,IF(D51="A564T630",AA80/E51,IF(D51="A479T410",AB80/E51,IF(D51="UNS S31803",AC80/E51,IF(D51="UNS S32750",AD80/E51,IF(D51="MONEL K-400",AE80/E51,IF(D51="MONEL K-500",AE80/E51))))))))) -> 337.5 | G51: =F51*E51 -> 675 | I51: 0 | J51: 0 | K51: 0 | L51: 0 | M51: 0 | N51: 0 | O51: 1000 | P51: 0 | Q51: 0 | R51: =1400*E51 -> 2800 | S51: =G51+R51 -> 3475
B52: 21 | C52: TOP COVER BOLT | D52: =COVER!B22 -> B7(다크로) | E52: 4 | F52: =IF(D52="B8",Y90,IF(D52="B8M",Z90,IF(D52="B7(다크로)",AA90))) -> 1000 | G52: =F52*E52 -> 4000 | I52: 0 | J52: 0 | K52: 0 | L52: 0 | M52: 0 | N52: 1000 | O52: 1000 | P52: 1000 | Q52: 0 | R52: 0 | S52: =G52+R52 -> 4000
B53: 22 | C53: GEAR BOX PLATE | D53: =COVER!B26 -> 316+NICKEL | E53: 1 | F53: =IF(D53="316+NICKEL",Y100,IF(D53="B148 C95400",Z100)) -> 6000 | G53: =F53*E53 -> 6000 | R53: 0 | S53: =G53+R53 -> 6000
B54: 23 | C54: GEAR BOX KEY | E54: 1 | F54: 1000 | G54: =E54*F54 -> 1000 | I54: 0 | J54: 0 | K54: 0 | L54: 0 | M54: 0 | N54: 0 | O54: 0 | P54: 1000 | Q54: 0 | R54: 0 | S54: =G54+R54 -> 1000
B55: 24 | C55: GEAR BOX | D55: =COVER!B35 -> GEAR | E55: 1 | F55: =IF(D55="GEAR",85500,IF(D55="MOTOR",0,IF(D55="PNEUMATIC",0))) -> 85500 | G55: =F55 -> 85500 | I55: 0 | J55: 0 | K55: 0 | L55: 0 | M55: 0 | N55: 0 | O55: 0 | P55: 0 | Q55: 0 | R55: 0 | S55: =G55+R55 -> 85500
B56: 25 | C56: TOP COVER | D56: =COVER!B30 -> WCB | E56: 1 | F56: =IF(D56="WCB",Y106,IF(D56="CF8M",Z106)) -> 70000 | G56: =E56*F56 -> 70000 | R56: =IF(D56="WCB",AA106,IF(D56="CF8M",AB106)) -> 0 | S56: =G56+R56 -> 70000
B57: 26 | C57: THRUST BEARING | D57: =COVER!B27 -> 316+NICKEL | E57: 2 | F57: =IF(D57="316+NICKEL",Y101,IF(D57="B148 C95400",Z101)) -> 12000 | G57: =F57 -> 12000 | R57: 0 | S57: =G57+R57 -> 12000 | T57: SET 단가
B58: 27 | C58: BEARING | D58: =COVER!B28 -> 316+NICKEL | E58: 2 | F58: =IF(D58="316+NICKEL",Y102,IF(D58="B148 C95400",Z102)) -> 2200 | G58: =F58 -> 2200 | R58: 0 | S58: =G58+R58 -> 2200 | T58: SET 단가
B59: 28 | C59: GEAR BOX BOLT | D59: =COVER!B22 -> B7(다크로) | E59: 4 | F59: =IF(D59="B8",Y89,IF(D59="B8M",Z89,IF(D59="B7(다크로)",AA89))) -> 300 | G59: =E59*F59 -> 1200 | I59: 0 | J59: 0 | K59: 0 | L59: 0 | M59: 0 | N59: 0 | O59: 0 | P59: 0 | Q59: 0 | R59: 0 | S59: =G59+R59 -> 1200
B60: 29 | C60: PAINTING | D60: =COVER!B32 -> 외주 2COATING | E60: 1 | F60: =IF(COVER!B10="APPLICATION",0,IF(D60="기존 단가",Y116,IF(D60="외주 2COATING",Z116,IF(D60="외주 3COATING",AA116)))) -> 0 | G60: =E60*F60 -> 0 | I60: 0 | J60: 0 | K60: 0 | L60: 0 | M60: 0 | N60: 0 | O60: 0 | P60: 0 | Q60: 0 | R60: 0 | S60: =G60+R60 -> 0
B61: 30 | C61: ASSEMBLY | D61: =COVER!B33 -> 신규 | E61: 1 | F61: =IF(COVER!B10="APPLICATION",0,IF(D61="기존 단가",Y118,IF(D61="신규",Z118))) -> 0 | G61: =E61*F61 -> 0 | I61: 0 | J61: 0 | K61: 0 | L61: 0 | M61: 0 | N61: 0 | O61: 0 | P61: 0 | Q61: 0 | R61: 0 | S61: =G61+R61 -> 0
A62: 포 장 비 ( 실비 적용 ) | G62: =IF(COVER!B10="APPLICATION",0,IF(D55="GEAR",Y120,IF(D55="MOTOR",Z120,IF(D55="PNEUMATIC",AA120)))) -> 0 | S62: =G62+R62 -> 0
A63: 운 송 비 ( 실비 적용 ) | T63: DELETED
A64: 합 계 ( 제조원가 ) | S64: =SUM(S8:S63) -> 768785 | T64: 제조원가
A65: 일반관리 ( 10 % ) | G65: 0.1 | S65: =S64*G65 -> 76878.5
A66: 영업이익 ( 10 % ) | G66: 0.1 | S66: =(S64+S65)*G66 -> 84566.35
A67: 표준원가 [재료비+가공비+일반관리비+영업이익(+포장비+운송비+후처리) ] | S67: =S64+S65+S66 -> 930229.85 | T67: 표준원가
A68: FACTOR 적용 | G68: =COVER!B11 -> 1.5 | S68: =S67*G68 -> 1395344.8
A69: 견적 적용 금액 ( A or B ) | R69: A | S69: =S68 -> 1395344.8 | T69: 표준원가 X FACTOR 적용 | V69: DISC SEAT TYPE TRIPLE OFFSET BFV 원가 TABLE
R70: B | S70: =S64*G68 -> 1153177.5 | T70: 제조원가 X FACTOR 적용 | V70: DN80 300LB
C72: ▣ 표준원가 = 재료비 + 가공비 + 일반관리비 + 영업이익(+포장비+운반비+후가공비) | V72: PART | W72: 규격 | X72: 수량/단중 | Y72: 단가 | AF72: REAMRK
C73: ▣ 재료비 =[【 (NET+S/R) * (1+조건LOSS+가공LOSS) * 원자재가】- 회수재료비]+매입부품비 | V73: BODY | W73: FLANGE TYPE | X73: 38KG | Y73: 재질/업체별 단가 적용 | AF73: 재질별 단가표 참조
C74: ▣ 가공비 = 적용기계별 가공임률 적용 | W74: LUG TYPE | X74: 14KG | Y74: 재질/업체별 단가 적용 | AF74: 재질별 단가표 참조
C75: ▣ 일반관리비 = [재료비*재료비 일반관리율]+[가공비* 가공비 일반관리율] | V75: DISC | W75: 공용 | X75: 1KG | Y75: 재질/업체별 단가 적용 | AF75: 재질별 단가표 참조
C76: ▣ 영업이익 = 가공비 * 이익율 | V76: BODY STELLITE | W76: SUS+#6 | X76: 25100
C77: ▣ 포장비 = 실비인정(포장재가÷회전수÷포장수량 | W77: WCB+309+#6 | X77: 35200
C78: ▣ 운반비 = [기준운반비÷적재수량]-[가공일반비율*80] | V78: STEM | W78: Ø18 * 427L | X78: 1EA | Y78: 316L | Z78: 304 | AA78: 630(H1150) | AB78: 410 C.2 | AC78: S31803 | AD78: S32750 | AE78: MONEL K-500
Y79: 8000 | Z79: 5400 | AA79: 10125 | AB79: 4650 | AC79: 115060 | AD79: 14016 | AE79: 101200 | AF79: 소재비/EA
C80: 【 임율산출근거】 | V80: DISC PIN | W80: Ø6 * 28L | X80: 2EA | Y80: 510 | Z80: 385 | AA80: 675 | AB80: 620 | AC80: 680 | AD80: 876 | AE80: 4800 | AF80: SET 단가
C81: ⓐ 가동율 = 24시간의 92%, 가동시간=22HR/일 | V81: SEAT GLAND | W81: Ø19.2 * Ø70 * 11T | X81: 1EA | Y81: 304 | Z81: 316L | AA81: 가공비
C82: ⓑ 기계감가상각비 = 기계취득가격÷5년÷300일 | Y82: 3800 | Z82: 4800 | AA82: 22000
C83: ⓒ 건물감가상각비 = 기계고유면적(3평)×5×100만원/평÷50년÷300일 | V83: LAMINATE SEAT | W83: Ø45 * Ø78 * 5T(316L 2T 2EA+G/P 1T 1EA) | X83: 1EA | Y83: SUS 소재비 | Z83: 제작비
C84: ⓓ 전력비 = 산업전력단가(70원)×전력용량×24HR | Y84: 1200 | Z84: 28000 | AF84: 1SET분
C85: ⓔ 용수비 = 냉각수유량×단가(￦30/ton)×24HR | V85: SEAT GASKET | W85: Ø48 * Ø58 * 1.5T | X85: TH4000T | Y85: 1500 | AF85: 택 1
C86: ⓕ OIL비 = (￦193,300/200L×2회/년÷300일)×OIL탱크용량 | W86: Ø48 * Ø58 * 3.2T | X86: 316L+G/P | Y86: 2040
C87: ⓖ 공통비 = 기계가격×6%÷300일 | V87: END GASKET | W87: Ø31 * Ø42 * 3.2T | X87: 316L+G/P | Y87: 1800
C88: ⓗ 인건비 = 시급당 ￦4,370 시급기준[4대보험,식대,기타 포함/12년03월29일 기준] | V88: ASS'Y BOLT | Y88: B8 | Z88: B8M | AA88: B7(다크로)
V89: GEARBOX BOLT | W89: M8 * 22L, HEX/SW | X89: 4EA | Y89: 300 | Z89: 350 | AA89: 300 | AF89: 단가*수량
V90: TOP COVER BOLT | W90: M10 * 60L, STUD/2N/2SW | X90: 4EA | Y90: 1100 | Z90: 1300 | AA90: 1000 | AF90: 단가*수량
C91: 【 생산량 산출근거 】 | V91: SEAT GLAND BOLT | W91: M6 * 10L, WRENCH | X91: 6EA | Y91: 200 | Z91: 300 | AA91: 300 | AF91: 단가*수량
C92: ⓐ 생산량 = 최적생산량×(1-저하요인) | V92: PACKING GLAND BOLT | W92: M8 * 45L, STUD/N/SW | X92: 4EA | Y92: 500 | Z92: 600 | AA92: 1000 | AF92: 단가*수량
C93: ⓑ 최적생산량 = 1일 생산 수량 | V93: END COVER BOLT | W93: M8 * 25L, HEX/SW | X93: 6EA | Y93: 300 | Z93: 350 | AA93: 300 | AF93: 단가*수량
V94: PACKING(6617+6710) | W94: Ø18 * Ø31 * 32H(5단) | X94: 1EA | Y94: 5300
V95: BUSH/BEARING | Y95: 316+NICKEL | Z95: B148 C95400
V96: MAIN BUSH | W96: Ø18 * Ø24 * 44.5L | X96: 2EA | Y96: 21500 | Z96: 24000 | AF96: SET 단가
V97: STUB BUSH | W97: Ø18 * Ø24 * 38L | X97: 2EA | Y97: 20500 | Z97: 22000 | AF97: SET 단가
V98: PACKING GLAND | W98: Ø18.5 * Ø30.8 * Ø69(10+15) | X98: 1EA | Y98: 18000 | Z98: 30600 | AF98: SET 단가
V99: COLLAR | W99: Ø13.1 * Ø22.9 * 5T | X99: 1EA | Y99: 6000 | Z99: 5600 | AF99: SET 단가
V100: PACKING PLATE | W100: Ø18.1 * Ø31 * 6T | X100: 1EA | Y100: 6000 | Z100: 6000 | AF100: SET 단가
V101: THRUST BEARING | W101: Ø19 * Ø30.9 * 5T | X101: 2EA | Y101: 12000 | Z101: 11200 | AF101: SET 단가
V102: BEARING | W102: Ø6 * Ø18 * 3T | X102: 2EA | Y102: 2200 | Z102: 11200 | AF102: SET 단가
...

Sheet 100-300LB
A1: TREIPLE VALVE 원가분석 ( 300# FLANGE SHORT)
T2: 단위 : 원
A3: SIZE | C3: DN 100 | D3: CLASS | E3: 300LB | F3: TYPE | G3: =COVER!B9 -> FLANGE | H3: TRIPLE 가공공정 | R3: F TO F | S3: API 609 CAT'- B SHROT PATTERN | T3: REMARK
A5: NO. | C5: DESCRIPTION | D5: MATERIAL | E5: 재료비 | H5: ST | I5: 세부 가공비 | R5: 가공비 | S5: 소 계 ( 재료비 + 가공비 )
I6: A | J6: B | K6: C | L6: D | M6: E | N6: F | O6: G | P6: H | Q6: I
E7: 중량 | F7: 단가 | G7: 소재비 | I7: 터닝/선반 | J7: 레디알 | K7: 보링 | L7: 터닝/선반 | M7: 동시보링 | N7: 레이알 | O7: 선반 | P7: 밀링 | Q7: 기타
A8: S T A N D A R D | B8: 1 | C8: =COVER!A14 -> BODY(LUG) | D8: =COVER!B14 -> 0 | E8: 21 | F8: =COVER!C14 -> 0 | G8: =F8*E8 -> 0 | I8: =I10*I9 -> 3.6001489e+13 | J8: =J10*J9 -> 4.3341753e+13 | K8: =K10*K9 -> 1.6833509e+14 | L8: =L10*L9 -> 5.0670662e+14 | M8: =M10*M9 -> 6.3241734e+14 | N8: =N10*N9 -> 4.6528628e+13 | O8: =O10*O9 -> 0 | P8: =P10*P9 -> 0 | Q8: =Q10*Q9 -> 10000000000000 | R8: =IF(COVER!C14>0,99000*1.2,0) -> 0 | S8: =G8+R8 -> 0 | T8: LUG
B9: 1-1 | C9: =COVER!A15 -> BODY(FLANGE) | D9: =COVER!B15 -> A216 WCB | E9: 41 | F9: =COVER!C15 -> 4300 | G9: =F9*E9 -> 176300 | I9: =I11*I10 -> 2.3489854e+09 | J9: =J11*J10 -> 2.658302e+09 | K9: =K11*K10 -> 6.5682514e+09 | L9: =L11*L10 -> 1.3693182e+10 | M9: =M11*M10 -> 1.5873372e+10 | N9: =N11*N10 -> 2.7870633e+09 | O9: =O11*O10 -> 0 | P9: =P11*P10 -> 0 | Q9: =Q11*Q10 -> 1000000000 | R9: =IF(COVER!C15>0,100000*1.2,0) -> 120000 | S9: =G9+R9 -> 296300 | T9: FLANGE
H10: 기계임률 / H | I10: =I11/10 -> 15326.4 | J10: =J11/10 -> 16304.3 | K10: =K11/10 -> 25628.6 | L10: =L11/10 -> 37004.3 | M10: =M11/10 -> 39841.4 | N10: =N11/10 -> 16694.5 | O10: =O11/10 -> 0 | P10: =P11/10 -> 0 | Q10: =Q11/10 -> 10000 | S10: =G10+R10 -> 0
H11: 기계임률 / DAY (10시간) | I11: 153264 | J11: 163043 | K11: 256286 | L11: 370043 | M11: 398414 | N11: 166945 | O11: 0 | P11: 0 | Q11: 100000 | S11: =G11+R11 -> 0
B12: 2 | C12: DISC | D12: =COVER!B16 -> A216 WCB | E12: 2 | F12: =COVER!C16 -> 4300 | G12: =F12*E12 -> 8600 | I12: =I13*I14 -> 7663.2 | J12: =J13*J14 -> 0 | K12: =K13*K14 -> 4891.29 | L12: =L13*L14 -> 11485 | M12: =M13*M14 -> 0 | N12: =N13*N14 -> 0 | O12: =O13*O14 -> 0 | P12: =P13*P14 -> 0 | Q12: =Q13*Q14 -> 3000 | R12: 69000 | S12: =G12+R12 -> 77600
H13: 표준가공 ( S/T : EA/H) | I13: 0.5 | J13: 0 | K13: 0.3 | L13: 0.5 | M13: 0 | N13: 0 | Q13: 0.3 | S13: =G13+R13 -> 0
H14: 기계임률 / H | I14: =I15/10 -> 15326.4 | J14: =J15/10 -> 16304.3 | K14: =K15/10 -> 16304.3 | L14: =L15/10 -> 22970 | M14: =M15/10 -> 39841.4 | N14: =N15/10 -> 16694.5 | O14: =O15/10 -> 0 | P14: =P15/10 -> 0 | Q14: =Q15/10 -> 10000 | S14: =G14+R14 -> 0
H15: 기계임률 / DAY | I15: 153264 | J15: 163043 | K15: 163043 | L15: 229700 | M15: 398414 | N15: 166945 | O15: 0 | P15: 0 | Q15: 100000 | S15: =G15+R15 -> 0
B16: 3 | C16: STELLITE on BODY | D16: =COVER!B19 -> WCB+309+#6 | E16: 1 | F16: =IF(D16="SUS+#6",X76,IF(D16="WCB+309+#6",X77)) -> 46200 | G16: =F16*E16 -> 46200 | I16: 0 | J16: 0 | K16: 0 | L16: 0 | M16: 0 | N16: 0 | O16: 0 | P16: 0 | Q16: 0 | R16: 0 | S16: =G16+R16 -> 46200
B17: 4 | C17: DISC SEAT | D17: =COVER!B18 -> A240T316L+GARPHITE | E17: 1 | F17: =IF(D17="A240T316L+GARPHITE",Y84+Z84) -> 31700 | G17: =F17*E17 -> 31700 | I17: 0 | J17: 0 | K17: 0 | L17: 0 | M17: 0 | N17: 0 | O17: 0 | P17: 0 | Q17: 0 | R17: =Z84*1.3 -> 39000 | S17: =G17+R17 -> 70700
B18: 5 | C18: SEAT GLAND | D18: =COVER!B20 -> SS316L | E18: 1 | F18: =IF(D18="SS304",Y82,IF(D18="SS316L",Z82)) -> 6240 | G18: =E18*F18 -> 6240 | I18: =I19*I20 -> 4597.92 | J18: =J19*J20 -> 4891.29 | K18: =K19*K20 -> 0 | L18: =L19*L20 -> 0 | M18: =M19*M20 -> 0 | N18: =N19*N20 -> 0 | O18: =O19*O20 -> 0 | P18: =P19*P20 -> 0 | Q18: =Q19*Q20 -> 2000 | R18: =AA82*1.5 -> 33000 | S18: =G18+R18 -> 39240
H19: 표준가공 ( S/T : EA/H) | I19: 0.3 | J19: 0.3 | Q19: 0.2 | S19: =G19+R19 -> 0
H20: 표준가공 ( S/T : EA/H) | I20: =I21/10 -> 15326.4 | J20: =J21/10 -> 16304.3 | K20: =K21/10 -> 0 | L20: =L21/10 -> 0 | M20: =M21/10 -> 0 | N20: =N21/10 -> 0 | O20: =O21/10 -> 0 | P20: =P21/10 -> 0 | Q20: =Q21/10 -> 10000 | S20: =G20+R20 -> 0
H21: 표준가공 ( S/T : EA/H) | I21: 153264 | J21: 163043 | Q21: 100000 | S21: =G21+R21 -> 0
B22: 6 | C22: DISC SEAT Ret-Gasket | D22: 316L+G/P | E22: 1 | F22: =Y86 -> 2520 | G22: =F22*E22 -> 2520 | I22: 0 | J22: 0 | K22: 0 | L22: 0 | M22: 0 | N22: 0 | O22: 0 | P22: 0 | Q22: 0 | R22: 0 | S22: =G22+R22 -> 2520
B23: 7 | C23: SEAT GLAND BOLT | D23: =COVER!B21 -> B7(다크로) | E23: 6 | F23: =IF(D23="B8",Y91,IF(D23="B8M",Z91,IF(D23="B7(다크로)",AA91))) -> 300 | G23: =F23*E23 -> 1800 | I23: 0 | J23: 0 | K23: 0 | L23: 0 | M23: 0 | N23: 0 | O23: 0 | P23: 0 | Q23: 0 | R23: 0 | S23: =G23+R23 -> 1800
B24: 8 | C24: STEM | D24: =COVER!B17 -> A564T630 | E24: 2 | F24: =COVER!C17 -> 8500 | G24: =F24*E24 -> 17000 | I24: =I25*I26 -> 4597.92 | J24: =J25*J26 -> 0 | K24: =K25*K26 -> 0 | L24: =L25*L26 -> 0 | M24: =M25*M26 -> 0 | N24: =N25*N26 -> 0 | O24: =O25*O26 -> 0 | P24: =P25*P26 -> 0 | Q24: =Q25*Q26 -> 1000 | R24: =R12*0.3 -> 20700 | S24: =G24+R24 -> 37700
H25: 표준가공 ( S/T : EA/H) | I25: 0.3 | Q25: 0.1 | S25: =G25+R25 -> 0
H26: 표준가공 ( S/T : EA/H) | I26: =I27/10 -> 15326.4 | Q26: =Q27/10 -> 10000 | S26: =G26+R26 -> 0
H27: 표준가공 ( S/T : EA/H) | I27: 153264 | Q27: 100000 | S27: =G27+R27 -> 0
B28: 9 | C28: PACKING | D28: PILLAR | E28: 1 | F28: 5500 | G28: =E28*F28 -> 5500 | R28: 0 | S28: =G28+R28 -> 5500
B29: 10 | C29: PACKING GLAND | D29: =COVER!B24 -> A351 CF8M | E29: 1 | F29: =IF(D29="A351 CF8M",Y99,IF(D29="B148 C95400",Z99)) -> 15000 | G29: =F29*E29 -> 15000 | I29: =I30*I31 -> 1532.64 | J29: =J30*J31 -> 1630.43 | K29: =K30*K31 -> 0 | L29: =L30*L31 -> 0 | M29: =M30*M31 -> 0 | N29: =N30*N31 -> 0 | O29: =O30*O31 -> 0 | P29: =P30*P31 -> 0 | Q29: =Q30*Q31 -> 0 | R29: 0 | S29: =G29+R29 -> 15000
H30: 표준가공 ( S/T : EA/H) | I30: 0.1 | J30: 0.1 | S30: =G30+R30 -> 0
H31: 표준가공 ( S/T : EA/H) | I31: =I32/10 -> 15326.4 | J31: =J32/10 -> 16304.3 | S31: =G31+R31 -> 0
H32: 표준가공 ( S/T : EA/H) | I32: 153264 | J32: 163043 | S32: =G32+R32 -> 0
B33: 11 | C33: PACKING PLATE | D33: =COVER!B26 -> 316+NICKEL | E33: 1 | F33: =IF(D33="316+NICKEL",Y101,IF(D33="B148 C95400",Z101)) -> 5000 | G33: =F33*E33 -> 5000 | I33: =I34*I35 -> 1532.64 | J33: =J34*J35 -> 0 | K33: =K34*K35 -> 0 | L33: =L34*L35 -> 0 | M33: =M34*M35 -> 0 | N33: =N34*N35 -> 0 | O33: =O34*O35 -> 0 | P33: =P34*P35 -> 0 | Q33: =Q34*Q35 -> 0 | R33: 0 | S33: =G33+R33 -> 5000 | T33: SET 단가
H34: 표준가공 ( S/T : EA/H) | I34: 0.1 | S34: =G34+R34 -> 0
H35: 표준가공 ( S/T : EA/H) | I35: =I36/10 -> 15326.4 | S35: =G35+R35 -> 0
H36: 표준가공 ( S/T : EA/H) | I36: 153264 | S36: =G36+R36 -> 0
B37: 12 | C37: PACKING GLAND BOLT / NUT | D37: =COVER!B22 -> B7(다크로) | E37: 4 | F37: =IF(D37="B8",Y93,IF(D37="B8M",Z93,IF(D37="B7(다크로)",AA93))) -> 1000 | G37: =E37*F37 -> 4000 | I37: 0 | J37: 0 | K37: 0 | L37: 0 | M37: 0 | N37: 0 | O37: 0 | P37: 0 | Q37: 0 | R37: 0 | S37: =G37+R37 -> 4000
B38: 13 | C38: LIVE LOADING SPRING | E38: 1 | F38: 3000 | G38: =E38*F38 -> 3000 | I38: 0 | J38: 0 | K38: 0 | L38: 0 | M38: 0 | N38: 0 | O38: 0 | P38: 0 | Q38: 0 | R38: 0 | S38: =G38+R38 -> 3000
B39: 14 | C39: BUSH(MAIN) | D39: =COVER!B23 -> 316+NICKEL | E39: 2 | F39: =IF(D39="316+NICKEL",Y97,IF(D39="B148 C95400",Z97)) -> 14500 | G39: =F39*1 -> 14500 | I39: =I40*I41 -> 0 | J39: =J40*J41 -> 0 | K39: =K40*K41 -> 0 | L39: =L40*L41 -> 0 | M39: =M40*M41 -> 0 | N39: =N40*N41 -> 0 | O39: =O40*O41 -> 0 | P39: =P40*P41 -> 0 | Q39: =Q40*Q41 -> 0 | R39: 0 | S39: =G39+R39 -> 14500 | T39: SET 단가
B40: 15 | C40: BUSH(STUB) | D40: =COVER!B23 -> 316+NICKEL | E40: 2 | F40: =IF(D40="316+NICKEL",Y98,IF(D40="B148 C95400",Z98)) -> 13500 | G40: =F40*1 -> 13500 | I40: =I41*I42 -> 0 | J40: =J41*J42 -> 0 | K40: =K41*K42 -> 0 | L40: =L41*L42 -> 0 | M40: =M41*M42 -> 0 | N40: =N41*N42 -> 0 | O40: =O41*O42 -> 0 | P40: =P41*P42 -> 0 | Q40: =Q41*Q42 -> 0 | R40: 0 | S40: =G40+R40 -> 13500 | T40: SET 단가
H41: 표준가공 ( S/T : EA/H) | S41: =G41+R41 -> 0
H42: 표준가공 ( S/T : EA/H) | S42: =G42+R42 -> 0
H43: 표준가공 ( S/T : EA/H) | S43: =G43+R43 -> 0
B44: 16 | C44: COLLAR ( STUB ) | D44: =COVER!B25 -> 316+NICKEL | E44: 1 | F44: =IF(D44="316+NICKEL",Y100,IF(D44="B148 C95400",Z100)) -> 5000 | G44: =F44*E44 -> 5000 | I44: 0 | J44: 0 | K44: 0 | L44: 0 | M44: 0 | N44: 0 | O44: 1000 | P44: 0 | Q44: 0 | R44: 0 | S44: =G44+R44 -> 5000 | T44: SET 단가
B45: 17 | C45: END COVER GASKET | D45: 316L+G/P | E45: 1 | F45: =Y87 -> 2040 | G45: =F45*E45 -> 2040 | H45: 0 | I45: 0 | J45: 0 | K45: 0 | L45: 0 | M45: 0 | N45: 0 | O45: 0 | P45: 0 | R45: 0 | S45: =G45+R45 -> 2040
B46: 18 | C46: END COVER | D46: =COVER!B29 -> SS400 | E46: 1 | F46: =IF(D46="SS400",Y106,IF(D46="SS316",Z106,IF(D46="SS304",AA106))) -> 1650 | G46: =F46*E46 -> 1650 | I46: =I47*I48 -> 1532.64 | J46: 0 | K46: 0 | L46: 0 | M46: 0 | N46: 0 | O46: 0 | P46: 0 | Q46: 0 | R46: 6000 | S46: =G46+R46 -> 7650
H47: 표준가공 ( S/T : EA/H) | I47: 0.1 | S47: =G47+R47 -> 0
H48: 표준가공 ( S/T : EA/H) | I48: =I49/10 -> 15326.4 | S48: =G48+R48 -> 0
H49: 표준가공 ( S/T : EA/H) | I49: 153264 | S49: =G49+R49 -> 0
B50: 19 | C50: END COVER BOLT | D50: =COVER!B22 -> B7(다크로) | E50: 6 | F50: =IF(D50="B8",Y94,IF(D50="B8M",Z94,IF(D50="B7(다크로)",AA94))) -> 300 | G50: =E50*F50 -> 1800 | I50: 0 | J50: 0 | K50: 0 | L50: 0 | M50: 0 | N50: 0 | O50: 0 | P50: 0 | Q50: 0 | R50: 0 | S50: =G50+R50 -> 1800
B51: 20 | C51: DISC PIN | D51: =D24 -> A564T630 | E51: 2 | F51: =IF(D51="A276T316",Y80/E51,IF(D51="A276T316L",Y80/E51,IF(D51="A276T304",Z80/E51,IF(D51="A564T630",AA80/E51,IF(D51="A479T410",AB80/E51,IF(D51="UNS S31803",AC80/E51,IF(D51="UNS S32750",AD80/E51,IF(D51="MONEL K-400",AE80/E51,IF(D51="MONEL K-500",AE80/E51))))))))) -> 337.5 | G51: =F51*E51 -> 675 | I51: 0 | J51: 0 | K51: 0 | L51: 0 | M51: 0 | N51: 0 | O51: 1000 | P51: 0 | Q51: 0 | R51: =1700*E51 -> 3400 | S51: =G51+R51 -> 4075
B52: 21 | C52: TOP COVER BOLT | D52: =COVER!B22 -> B7(다크로) | E52: 4 | F52: =IF(D52="B8",Y90,IF(D52="B8M",Z90,IF(D52="B7(다크로)",AA90))) -> 1000 | G52: =F52*E52 -> 4000 | I52: 0 | J52: 0 | K52: 0 | L52: 0 | M52: 0 | N52: 1000 | O52: 1000 | P52: 1000 | Q52: 0 | R52: 0 | S52: =G52+R52 -> 4000
B53: 22 | C53: GEAR BOX PLATE | D53: =COVER!B26 -> 316+NICKEL | E53: 1 | F53: =IF(D53="316+NICKEL",Y101,IF(D53="B148 C95400",Z101)) -> 5000 | G53: =F53*E53 -> 5000 | R53: 0 | S53: =G53+R53 -> 5000
B54: 23 | C54: GEAR BOX KEY | E54: 1 | F54: 1000 | G54: =E54*F54 -> 1000 | I54: 0 | J54: 0 | K54: 0 | L54: 0 | M54: 0 | N54: 0 | O54: 0 | P54: 1000 | Q54: 0 | R54: 0 | S54: =G54+R54 -> 1000
B55: 24 | C55: GEAR BOX | D55: =COVER!B35 -> GEAR | E55: 1 | F55: =IF(D55="GEAR",85500,IF(D55="MOTOR",0,IF(D55="PNEUMATIC",0))) -> 85500 | G55: =F55 -> 85500 | I55: 0 | J55: 0 | K55: 0 | L55: 0 | M55: 0 | N55: 0 | O55: 0 | P55: 0 | Q55: 0 | R55: 0 | S55: =G55+R55 -> 85500
B56: 25 | C56: TOP COVER | D56: =COVER!B30 -> WCB | E56: 1 | F56: =IF(D56="WCB",Y108,IF(D56="CF8M",Z108)) -> 70000 | G56: =E56*F56 -> 70000 | R56: =IF(D56="WCB",AA108,IF(D56="CF8M",AB108)) -> 0 | S56: =G56+R56 -> 70000
B57: 26 | C57: THRUST BEARING | D57: =COVER!B27 -> 316+NICKEL | E57: 2 | F57: =IF(D57="316+NICKEL",Y102+Y103,IF(D57="B148 C95400",Z102+Z103)) -> 12000 | G57: =F57 -> 12000 | R57: 0 | S57: =G57+R57 -> 12000 | T57: SET 단가
B58: 27 | C58: BEARING | D58: =COVER!B28 -> 316+NICKEL | E58: 2 | F58: =IF(D58="316+NICKEL",Y104,IF(D58="B148 C95400",Z104)) -> 2300 | G58: =F58 -> 2300 | R58: 0 | S58: =G58+R58 -> 2300 | T58: SET 단가
B59: 28 | C59: GEAR BOX BOLT | D59: =COVER!B22 -> B7(다크로) | E59: 4 | F59: =IF(D59="B8",Y89,IF(D59="B8M",Z89,IF(D59="B7(다크로)",AA89))) -> 500 | G59: =E59*F59 -> 2000 | I59: 0 | J59: 0 | K59: 0 | L59: 0 | M59: 0 | N59: 0 | O59: 0 | P59: 0 | Q59: 0 | R59: 0 | S59: =G59+R59 -> 2000
B60: 29 | C60: PAINTING | D60: =COVER!B32 -> 외주 2COATING | E60: 1 | F60: =IF(COVER!B10="APPLICATION",0,IF(D60="기존 단가",Y116,IF(D60="외주 2COATING",Z116,IF(D60="외주 3COATING",AA116)))) -> 0 | G60: =E60*F60 -> 0 | I60: 0 | J60: 0 | K60: 0 | L60: 0 | M60: 0 | N60: 0 | O60: 0 | P60: 0 | Q60: 0 | R60: 0 | S60: =G60+R60 -> 0
B61: 30 | C61: ASSEMBLY | D61: =COVER!B33 -> 신규 | E61: 1 | F61: =IF(COVER!B10="APPLICATION",0,IF(D61="기존 단가",Y118,IF(D61="신규",Z118))) -> 0 | G61: =E61*F61 -> 0 | I61: 0 | J61: 0 | K61: 0 | L61: 0 | M61: 0 | N61: 0 | O61: 0 | P61: 0 | Q61: 0 | R61: 0 | S61: =G61+R61 -> 0
A62: 포 장 비 ( 실비 적용 ) | G62: =IF(COVER!B10="APPLICATION",0,IF(D55="GEAR",Y120,IF(D55="MOTOR",Z120,IF(D55="PNEUMATIC",AA120)))) -> 0 | S62: =G62+R62 -> 0
A63: 운 송 비 ( 실비 적용 ) | T63: DELETED
A64: 합 계 ( 제조원가 ) | S64: =SUM(S8:S63) -> 834925 | T64: 제조원가
A65: 일반관리 ( 10 % ) | G65: 0.1 | S65: =S64*G65 -> 83492.5
A66: 영업이익 ( 10 % ) | G66: 0.1 | S66: =(S64+S65)*G66 -> 91841.75
A67: 표준원가 [재료비+가공비+일반관리비+영업이익(+포장비+운송비+후처리) ] | S67: =S64+S65+S66 -> 1010259.2 | T67: 표준원가
A68: FACTOR 적용 | G68: =COVER!B11 -> 1.5 | S68: =S67*G68 -> 1515388.9
A69: 견적 적용 금액 ( A or B ) | R69: A | S69: =S68 -> 1515388.9 | T69: 표준원가 X FACTOR 적용 | V69: DISC SEAT TYPE TRIPLE OFFSET BFV 원가 TABLE
R70: B | S70: =S64*G68 -> 1252387.5 | T70: 제조원가 X FACTOR 적용 | V70: DN100 300LB
C72: ▣ 표준원가 = 재료비 + 가공비 + 일반관리비 + 영업이익(+포장비+운반비+후가공비) | V72: PART | W72: 규격 | X72: 수량/단중 | Y72: 단가 | AF72: REAMRK
C73: ▣ 재료비 =[【 (NET+S/R) * (1+조건LOSS+가공LOSS) * 원자재가】- 회수재료비]+매입부품비 | V73: BODY | W73: FLANGE TYPE | X73: 41KG | Y73: 재질/업체별 단가 적용 | AF73: 재질별 단가표 참조
C74: ▣ 가공비 = 적용기계별 가공임률 적용 | W74: LUG TYPE | X74: 21KG | Y74: 재질/업체별 단가 적용 | AF74: 재질별 단가표 참조
C75: ▣ 일반관리비 = [재료비*재료비 일반관리율]+[가공비* 가공비 일반관리율] | V75: DISC | W75: 공용 | X75: 1KG | Y75: 재질/업체별 단가 적용 | AF75: 재질별 단가표 참조
C76: ▣ 영업이익 = 가공비 * 이익율 | V76: BODY STELLITE | W76: SUS+#6 | X76: 33000
C77: ▣ 포장비 = 실비인정(포장재가÷회전수÷포장수량 | W77: WCB+309+#6 | X77: 46200
C78: ▣ 운반비 = [기준운반비÷적재수량]-[가공일반비율*80] | V78: STEM | W78: Ø22 * 494L | X78: 1EA | Y78: 316L | Z78: 304 | AA78: 630(H1150) | AB78: 410 C.2 | AC78: S31803 | AD78: S32750 | AE78: MONEL K-500
Y79: 12500 | Z79: 8640 | AA79: 21600 | AB79: 7440 | AC79: 16320 | AD79: 21775 | AE79: 118800 | AF79: 소재비/EA
C80: 【 임율산출근거】 | V80: DISC PIN | W80: Ø8 * 32L | X80: 2EA | Y80: 510 | Z80: 385 | AA80: 675 | AB80: 620 | AC80: 680 | AD80: 876 | AE80: 4800 | AF80: SET 단가
C81: ⓐ 가동율 = 24시간의 92%, 가동시간=22HR/일 | V81: SEAT GLAND | W81: Ø35.2 * Ø88 * 11T | X81: 1EA | Y81: 304 | Z81: 316L | AA81: 가공비
C82: ⓑ 기계감가상각비 = 기계취득가격÷5년÷300일 | Y82: 4940 | Z82: 6240 | AA82: 22000
C83: ⓒ 건물감가상각비 = 기계고유면적(3평)×5×100만원/평÷50년÷300일 | V83: LAMINATE SEAT | W83: Ø61 * Ø95 * 5T(316L 2T 2EA+G/P 1T 1EA) | X83: 1EA | Y83: SUS 소재비 | Z83: 제작비
C84: ⓓ 전력비 = 산업전력단가(70원)×전력용량×24HR | Y84: 1700 | Z84: 30000 | AF84: 1SET 분
C85: ⓔ 용수비 = 냉각수유량×단가(￦30/ton)×24HR | V85: SEAT GASKET | W85: Ø64 * Ø76 * 1.5T | X85: TH4000T | Y85: 2000 | AF85: 택 1
C86: ⓕ OIL비 = (￦193,300/200L×2회/년÷300일)×OIL탱크용량 | W86: Ø64 * Ø76 * 3.2T | X86: 316L+G/P | Y86: 2520
C87: ⓖ 공통비 = 기계가격×6%÷300일 | V87: END GASKET | W87: Ø33 * Ø45 * 3.2T | X87: 316L+G/P | Y87: 2040
C88: ⓗ 인건비 = 시급당 ￦4,370 시급기준[4대보험,식대,기타 포함/12년03월29일 기준] | V88: ASS'Y BOLT | Y88: B8 | Z88: B8M | AA88: B7(다크로)
V89: GEARBOX BOLT | W89: M10 * 25L, HEX/SW | X89: 4EA | Y89: 500 | Z89: 600 | AA89: 500 | AF89: 단가*수량
V90: TOP COVER BOLT | W90: M10 * 60L, STUD/2N/2SW | X90: 4EA | Y90: 1100 | Z90: 1300 | AA90: 1000 | AF90: 단가*수량
C91: 【 생산량 산출근거 】 | V91: SEAT GLAND BOLT | W91: M6 * 8L, WRENCH | X91: 2EA | Y91: 200 | Z91: 300 | AA91: 300 | AF91: 단가*수량
C92: ⓐ 생산량 = 최적생산량×(1-저하요인) | V92: SEAT GLAND BOLT | W92: M6 * 12L, WRENCH | X92: 4EA | Y92: 200 | Z92: 300 | AA92: 300 | AF92: 단가*수량
C93: ⓑ 최적생산량 = 1일 생산 수량 | V93: PACKING GLAND BOLT | W93: M8 * 45L, STUD/N/SW | X93: 4EA | Y93: 500 | Z93: 600 | AA93: 1000 | AF93: 단가*수량
V94: END COVER BOLT | W94: M8 * 30L, HEX/SW | X94: 6EA | Y94: 350 | Z94: 400 | AA94: 300 | AF94: 단가*수량
V95: PACKING(6617+6710) | W95: Ø20 * Ø33 * 32H(5단) | X95: 1EA | Y95: 5500
V96: BUSH/BEARING | Y96: 316+NICKEL | Z96: B148 C95400
V97: MAIN BUSH | W97: Ø22 * Ø28 * 52.5L | X97: 2EA | Y97: 14500 | Z97: 26200 | AF97: SET 단가
V98: STUB BUSH | W98: Ø22 * Ø28 * 48.5L | X98: 2EA | Y98: 13500 | Z98: 26200 | AF98: SET 단가
V99: PACKING GLAND | W99: Ø20.5 * Ø32.8 * Ø69(10+15) | X99: 1EA | Y99: 15000 | Z99: 30600 | AF99: SET 단가
V100: COLLAR | W100: Ø16.1 * Ø26.9 * 5T | X100: 1EA | Y100: 5000 | Z100: 5600 | AF100: SET 단가
V101: PACKING PLATE | W101: Ø22.1 * Ø33 * 7T | X101: 1EA | Y101: 5000 | Z101: 6000 | AF101: SET 단가
V102: THRUST BEARING | W102: Ø21 * Ø32.8 * 5T | X102: 1EA | Y102: 6000 | Z102: 5600 | AF102: SET 단가
...

Sheet 150-300LB
A1: TREIPLE VALVE 원가분석 ( 300# FLANGE SHORT)
T2: 단위 : 원
A3: SIZE | C3: DN 150 | D3: CLASS | E3: 300LB | F3: TYPE | G3: =COVER!B9 -> FLANGE | H3: TRIPLE 가공공정 | R3: F TO F | S3: API 609 CAT'- B SHROT PATTERN | T3: REMARK
A5: NO. | C5: DESCRIPTION | D5: MATERIAL | E5: 재료비 | H5: ST | I5: 세부 가공비 | R5: 가공비 | S5: 소 계 ( 재료비 + 가공비 )
I6: A | J6: B | K6: C | L6: D | M6: E | N6: F | O6: G | P6: H | Q6: I
E7: 중량 | F7: 단가 | G7: 소재비 | I7: 터닝/선반 | J7: 레디알 | K7: 보링 | L7: 터닝/선반 | M7: 동시보링 | N7: 레이알 | O7: 선반 | P7: 밀링 | Q7: 기타
A8: S T A N D A R D | B8: 1 | C8: =COVER!A14 -> BODY(LUG) | D8: =COVER!B14 -> 0 | E8: 37 | F8: =COVER!C14 -> 0 | G8: =F8*E8 -> 0 | I8: =I10*I9 -> 3.6001489e+13 | J8: =J10*J9 -> 4.3341753e+13 | K8: =K10*K9 -> 1.6833509e+14 | L8: =L10*L9 -> 5.0670662e+14 | M8: =M10*M9 -> 6.3241734e+14 | N8: =N10*N9 -> 4.6528628e+13 | O8: =O10*O9 -> 0 | P8: =P10*P9 -> 0 | Q8: =Q10*Q9 -> 10000000000000 | R8: =IF(COVER!C14>0,140000*1.2,0) -> 0 | S8: =G8+R8 -> 0 | T8: LUG
B9: 1-1 | C9: =COVER!A15 -> BODY(FLANGE) | D9: =COVER!B15 -> A216 WCB | E9: 74 | F9: =COVER!C15 -> 4300 | G9: =F9*E9 -> 318200 | I9: =I11*I10 -> 2.3489854e+09 | J9: =J11*J10 -> 2.658302e+09 | K9: =K11*K10 -> 6.5682514e+09 | L9: =L11*L10 -> 1.3693182e+10 | M9: =M11*M10 -> 1.5873372e+10 | N9: =N11*N10 -> 2.7870633e+09 | O9: =O11*O10 -> 0 | P9: =P11*P10 -> 0 | Q9: =Q11*Q10 -> 1000000000 | R9: =IF(COVER!C15>0,150000*1.2,0) -> 180000 | S9: =G9+R9 -> 498200 | T9: FLANGE
H10: 기계임률 / H | I10: =I11/10 -> 15326.4 | J10: =J11/10 -> 16304.3 | K10: =K11/10 -> 25628.6 | L10: =L11/10 -> 37004.3 | M10: =M11/10 -> 39841.4 | N10: =N11/10 -> 16694.5 | O10: =O11/10 -> 0 | P10: =P11/10 -> 0 | Q10: =Q11/10 -> 10000 | S10: =G10+R10 -> 0
H11: 기계임률 / DAY (10시간) | I11: 153264 | J11: 163043 | K11: 256286 | L11: 370043 | M11: 398414 | N11: 166945 | O11: 0 | P11: 0 | Q11: 100000 | S11: =G11+R11 -> 0
B12: 2 | C12: DISC | D12: =COVER!B16 -> A216 WCB | E12: 5.5 | F12: =COVER!C16 -> 4300 | G12: =F12*E12 -> 23650 | I12: =I13*I14 -> 7663.2 | J12: =J13*J14 -> 0 | K12: =K13*K14 -> 4891.29 | L12: =L13*L14 -> 11485 | M12: =M13*M14 -> 0 | N12: =N13*N14 -> 0 | O12: =O13*O14 -> 0 | P12: =P13*P14 -> 0 | Q12: =Q13*Q14 -> 3000 | R12: 103500 | S12: =G12+R12 -> 127150
H13: 표준가공 ( S/T : EA/H) | I13: 0.5 | J13: 0 | K13: 0.3 | L13: 0.5 | M13: 0 | N13: 0 | Q13: 0.3 | S13: =G13+R13 -> 0
H14: 기계임률 / H | I14: =I15/10 -> 15326.4 | J14: =J15/10 -> 16304.3 | K14: =K15/10 -> 16304.3 | L14: =L15/10 -> 22970 | M14: =M15/10 -> 39841.4 | N14: =N15/10 -> 16694.5 | O14: =O15/10 -> 0 | P14: =P15/10 -> 0 | Q14: =Q15/10 -> 10000 | S14: =G14+R14 -> 0
H15: 기계임률 / DAY | I15: 153264 | J15: 163043 | K15: 163043 | L15: 229700 | M15: 398414 | N15: 166945 | O15: 0 | P15: 0 | Q15: 100000 | S15: =G15+R15 -> 0
B16: 3 | C16: STELLITE on BODY | D16: =COVER!B19 -> WCB+309+#6 | E16: 1 | F16: =IF(D16="SUS+#6",X76,IF(D16="WCB+309+#6",X77)) -> 72500 | G16: =F16*E16 -> 72500 | I16: 0 | J16: 0 | K16: 0 | L16: 0 | M16: 0 | N16: 0 | O16: 0 | P16: 0 | Q16: 0 | R16: 0 | S16: =G16+R16 -> 72500
B17: 4 | C17: DISC SEAT | D17: =COVER!B18 -> A240T316L+GARPHITE | E17: 1 | F17: =IF(D17="A240T316L+GARPHITE",Y84+Z84) -> 38400 | G17: =F17*E17 -> 38400 | I17: 0 | J17: 0 | K17: 0 | L17: 0 | M17: 0 | N17: 0 | O17: 0 | P17: 0 | Q17: 0 | R17: =Z84*1.3 -> 45500 | S17: =G17+R17 -> 83900
B18: 5 | C18: SEAT GLAND | D18: =COVER!B20 -> SS316L | E18: 1 | F18: =IF(D18="SS304",Y82,IF(D18="SS316L",Z82)) -> 12480 | G18: =E18*F18 -> 12480 | I18: =I19*I20 -> 4597.92 | J18: =J19*J20 -> 4891.29 | K18: =K19*K20 -> 0 | L18: =L19*L20 -> 0 | M18: =M19*M20 -> 0 | N18: =N19*N20 -> 0 | O18: =O19*O20 -> 0 | P18: =P19*P20 -> 0 | Q18: =Q19*Q20 -> 2000 | R18: =AA82*1.5 -> 45000 | S18: =G18+R18 -> 57480
H19: 표준가공 ( S/T : EA/H) | I19: 0.3 | J19: 0.3 | Q19: 0.2 | S19: =G19+R19 -> 0
H20: 표준가공 ( S/T : EA/H) | I20: =I21/10 -> 15326.4 | J20: =J21/10 -> 16304.3 | K20: =K21/10 -> 0 | L20: =L21/10 -> 0 | M20: =M21/10 -> 0 | N20: =N21/10 -> 0 | O20: =O21/10 -> 0 | P20: =P21/10 -> 0 | Q20: =Q21/10 -> 10000 | S20: =G20+R20 -> 0
H21: 표준가공 ( S/T : EA/H) | I21: 153264 | J21: 163043 | Q21: 100000 | S21: =G21+R21 -> 0
B22: 6 | C22: DISC SEAT Ret-Gasket | D22: 316L+G/P | E22: 1 | F22: =Y86 -> 4500 | G22: =F22*E22 -> 4500 | I22: 0 | J22: 0 | K22: 0 | L22: 0 | M22: 0 | N22: 0 | O22: 0 | P22: 0 | Q22: 0 | R22: 0 | S22: =G22+R22 -> 4500
B23: 7 | C23: SEAT GLAND BOLT | D23: =COVER!B21 -> B7(다크로) | E23: 16 | F23: =IF(D23="B8",Y91,IF(D23="B8M",Z91,IF(D23="B7(다크로)",AA91))) -> 300 | G23: =F23*E23 -> 4800 | I23: 0 | J23: 0 | K23: 0 | L23: 0 | M23: 0 | N23: 0 | O23: 0 | P23: 0 | Q23: 0 | R23: 0 | S23: =G23+R23 -> 4800
B24: 8 | C24: STEM | D24: =COVER!B17 -> A564T630 | E24: 4.5 | F24: =COVER!C17 -> 8500 | G24: =F24*E24 -> 38250 | I24: =I25*I26 -> 4597.92 | J24: =J25*J26 -> 0 | K24: =K25*K26 -> 0 | L24: =L25*L26 -> 0 | M24: =M25*M26 -> 0 | N24: =N25*N26 -> 0 | O24: =O25*O26 -> 0 | P24: =P25*P26 -> 0 | Q24: =Q25*Q26 -> 1000 | R24: =R12*0.3 -> 31050 | S24: =G24+R24 -> 69300
H25: 표준가공 ( S/T : EA/H) | I25: 0.3 | Q25: 0.1 | S25: =G25+R25 -> 0
H26: 표준가공 ( S/T : EA/H) | I26: =I27/10 -> 15326.4 | Q26: =Q27/10 -> 10000 | S26: =G26+R26 -> 0
H27: 표준가공 ( S/T : EA/H) | I27: 153264 | Q27: 100000 | S27: =G27+R27 -> 0
B28: 9 | C28: PACKING | D28: PILLAR | E28: 1 | F28: 11400 | G28: =E28*F28 -> 11400 | R28: 0 | S28: =G28+R28 -> 11400
B29: 10 | C29: PACKING GLAND | D29: =COVER!B24 -> A351 CF8M | E29: 1 | F29: =IF(D29="A351 CF8M",Y100,IF(D29="B148 C95400",Z100)) -> 23400 | G29: =F29*E29 -> 23400 | I29: =I30*I31 -> 1532.64 | J29: =J30*J31 -> 1630.43 | K29: =K30*K31 -> 0 | L29: =L30*L31 -> 0 | M29: =M30*M31 -> 0 | N29: =N30*N31 -> 0 | O29: =O30*O31 -> 0 | P29: =P30*P31 -> 0 | Q29: =Q30*Q31 -> 0 | R29: 0 | S29: =G29+R29 -> 23400
H30: 표준가공 ( S/T : EA/H) | I30: 0.1 | J30: 0.1 | S30: =G30+R30 -> 0
H31: 표준가공 ( S/T : EA/H) | I31: =I32/10 -> 15326.4 | J31: =J32/10 -> 16304.3 | S31: =G31+R31 -> 0
H32: 표준가공 ( S/T : EA/H) | I32: 153264 | J32: 163043 | S32: =G32+R32 -> 0
B33: 11 | C33: PACKING PLATE | D33: =COVER!B26 -> 316+NICKEL | E33: 1 | F33: =IF(D33="316+NICKEL",Y102,IF(D33="B148 C95400",Z102)) -> 9000 | G33: =F33*E33 -> 9000 | I33: =I34*I35 -> 1532.64 | J33: =J34*J35 -> 0 | K33: =K34*K35 -> 0 | L33: =L34*L35 -> 0 | M33: =M34*M35 -> 0 | N33: =N34*N35 -> 0 | O33: =O34*O35 -> 0 | P33: =P34*P35 -> 0 | Q33: =Q34*Q35 -> 0 | R33: 0 | S33: =G33+R33 -> 9000 | T33: SET 단가
H34: 표준가공 ( S/T : EA/H) | I34: 0.1 | S34: =G34+R34 -> 0
H35: 표준가공 ( S/T : EA/H) | I35: =I36/10 -> 15326.4 | S35: =G35+R35 -> 0
H36: 표준가공 ( S/T : EA/H) | I36: 153264 | S36: =G36+R36 -> 0
B37: 12 | C37: PACKING GLAND BOLT / NUT | D37: =COVER!B22 -> B7(다크로) | E37: 4 | F37: =IF(D37="B8",Y93,IF(D37="B8M",Z93,IF(D37="B7(다크로)",AA93))) -> 1000 | G37: =E37*F37 -> 4000 | I37: 0 | J37: 0 | K37: 0 | L37: 0 | M37: 0 | N37: 0 | O37: 0 | P37: 0 | Q37: 0 | R37: 0 | S37: =G37+R37 -> 4000
B38: 13 | C38: LIVE LOADING SPRING | E38: 1 | F38: 3000 | G38: =E38*F38 -> 3000 | I38: 0 | J38: 0 | K38: 0 | L38: 0 | M38: 0 | N38: 0 | O38: 0 | P38: 0 | Q38: 0 | R38: 0 | S38: =G38+R38 -> 3000
B39: 14 | C39: BUSH(MAIN) | D39: =COVER!B23 -> 316+NICKEL | E39: 3 | F39: =IF(D39="316+NICKEL",Y97+Y98,IF(D39="B148 C95400",Z97+Z98)) -> 54600 | G39: =F39*1 -> 54600 | I39: =I40*I41 -> 0 | J39: =J40*J41 -> 0 | K39: =K40*K41 -> 0 | L39: =L40*L41 -> 0 | M39: =M40*M41 -> 0 | N39: =N40*N41 -> 0 | O39: =O40*O41 -> 0 | P39: =P40*P41 -> 0 | Q39: =Q40*Q41 -> 0 | R39: 0 | S39: =G39+R39 -> 54600 | T39: SET 단가
B40: 15 | C40: BUSH(STUB) | D40: =COVER!B23 -> 316+NICKEL | E40: 2 | F40: =IF(D40="316+NICKEL",Y99,IF(D40="B148 C95400",Z99)) -> 36900 | G40: =F40*1 -> 36900 | I40: =I41*I42 -> 0 | J40: =J41*J42 -> 0 | K40: =K41*K42 -> 0 | L40: =L41*L42 -> 0 | M40: =M41*M42 -> 0 | N40: =N41*N42 -> 0 | O40: =O41*O42 -> 0 | P40: =P41*P42 -> 0 | Q40: =Q41*Q42 -> 0 | R40: 0 | S40: =G40+R40 -> 36900 | T40: SET 단가
H41: 표준가공 ( S/T : EA/H) | S41: =G41+R41 -> 0
H42: 표준가공 ( S/T : EA/H) | S42: =G42+R42 -> 0
H43: 표준가공 ( S/T : EA/H) | S43: =G43+R43 -> 0
B44: 16 | C44: COLLAR ( STUB ) | D44: =COVER!B25 -> 316+NICKEL | E44: 1 | F44: =IF(D44="316+NICKEL",Y101,IF(D44="B148 C95400",Z101)) -> 6000 | G44: =F44*E44 -> 6000 | I44: 0 | J44: 0 | K44: 0 | L44: 0 | M44: 0 | N44: 0 | O44: 1000 | P44: 0 | Q44: 0 | R44: 0 | S44: =G44+R44 -> 6000 | T44: SET 단가
B45: 17 | C45: END COVER GASKET | D45: 316L+G/P | E45: 1 | F45: =Y87 -> 2200 | G45: =F45*E45 -> 2200 | H45: 0 | I45: 0 | J45: 0 | K45: 0 | L45: 0 | M45: 0 | N45: 0 | O45: 0 | P45: 0 | R45: 0 | S45: =G45+R45 -> 2200
B46: 18 | C46: END COVER | D46: =COVER!B29 -> SS400 | E46: 1 | F46: =IF(D46="SS400",Y106,IF(D46="SS316",Z106,IF(D46="SS304",AA106))) -> 2970 | G46: =F46*E46 -> 2970 | I46: =I47*I48 -> 1532.64 | J46: 0 | K46: 0 | L46: 0 | M46: 0 | N46: 0 | O46: 0 | P46: 0 | Q46: 0 | R46: 7000 | S46: =G46+R46 -> 9970
H47: 표준가공 ( S/T : EA/H) | I47: 0.1 | S47: =G47+R47 -> 0
H48: 표준가공 ( S/T : EA/H) | I48: =I49/10 -> 15326.4 | S48: =G48+R48 -> 0
H49: 표준가공 ( S/T : EA/H) | I49: 153264 | S49: =G49+R49 -> 0
B50: 19 | C50: END COVER BOLT | D50: =COVER!B22 -> B7(다크로) | E50: 6 | F50: =IF(D50="B8",Y94,IF(D50="B8M",Z94,IF(D50="B7(다크로)",AA94))) -> 500 | G50: =E50*F50 -> 3000 | I50: 0 | J50: 0 | K50: 0 | L50: 0 | M50: 0 | N50: 0 | O50: 0 | P50: 0 | Q50: 0 | R50: 0 | S50: =G50+R50 -> 3000
B51: 20 | C51: DISC PIN | D51: =D24 -> A564T630 | E51: 2 | F51: =IF(D51="A276T316",Y80/E51,IF(D51="A276T316L",Y80/E51,IF(D51="A276T304",Z80/E51,IF(D51="A564T630",AA80/E51,IF(D51="A479T410",AB80/E51,IF(D51="UNS S31803",AC80/E51,IF(D51="UNS S32750",AD80/E51,IF(D51="MONEL K-400",AE80/E51,IF(D51="MONEL K-500",AE80/E51))))))))) -> 650 | G51: =F51*E51 -> 1300 | I51: 0 | J51: 0 | K51: 0 | L51: 0 | M51: 0 | N51: 0 | O51: 1000 | P51: 0 | Q51: 0 | R51: =E51*1700 -> 3400 | S51: =G51+R51 -> 4700
B52: 21 | C52: TOP COVER BOLT | D52: =COVER!B22 -> B7(다크로) | E52: 4 | F52: =IF(D52="B8",Y90,IF(D52="B8M",Z90,IF(D52="B7(다크로)",AA90))) -> 1300 | G52: =F52*E52 -> 5200 | I52: 0 | J52: 0 | K52: 0 | L52: 0 | M52: 0 | N52: 1000 | O52: 1000 | P52: 1000 | Q52: 0 | R52: 0 | S52: =G52+R52 -> 5200
B53: 22 | C53: GEAR BOX PLATE | D53: =COVER!B26 -> 316+NICKEL | E53: 1 | F53: =IF(D53="316+NICKEL",Y102,IF(D53="B148 C95400",Z102)) -> 9000 | G53: =F53*E53 -> 9000 | R53: 0 | S53: =G53+R53 -> 9000
B54: 23 | C54: GEAR BOX KEY | E54: 1 | F54: 1000 | G54: =E54*F54 -> 1000 | I54: 0 | J54: 0 | K54: 0 | L54: 0 | M54: 0 | N54: 0 | O54: 0 | P54: 1000 | Q54: 0 | R54: 0 | S54: =G54+R54 -> 1000
B55: 24 | C55: GEAR BOX | D55: =COVER!B35 -> GEAR | E55: 1 | F55: =IF(D55="GEAR",174600,IF(D55="MOTOR",0,IF(D55="PNEUMATIC",0))) -> 174600 | G55: =F55 -> 174600 | I55: 0 | J55: 0 | K55: 0 | L55: 0 | M55: 0 | N55: 0 | O55: 0 | P55: 0 | Q55: 0 | R55: 0 | S55: =G55+R55 -> 174600
B56: 25 | C56: TOP COVER | D56: =COVER!B30 -> WCB | E56: 1 | F56: =IF(D56="WCB",Y108,IF(D56="CF8M",Z108)) -> 80000 | G56: =E56*F56 -> 80000 | R56: =IF(D56="WCB",AA108,IF(D56="CF8M",AB108)) -> 0 | S56: =G56+R56 -> 80000
B57: 26 | C57: THRUST BEARING | D57: =COVER!B27 -> 316+NICKEL | E57: 2 | F57: =IF(D57="316+NICKEL",Y103,IF(D57="B148 C95400",Z103)) -> 15500 | G57: =F57 -> 15500 | R57: 0 | S57: =G57+R57 -> 15500 | T57: SET 단가
B58: 27 | C58: BEARING | D58: =COVER!B28 -> 316+NICKEL | E58: 2 | F58: =IF(D58="316+NICKEL",Y104,IF(D58="B148 C95400",Z104)) -> 1470 | G58: =F58 -> 1470 | R58: 0 | S58: =G58+R58 -> 1470 | T58: SET 단가
B59: 28 | C59: GEAR BOX BOLT | D59: =COVER!B22 -> B7(다크로) | E59: 4 | F59: =IF(D59="B8",Y89,IF(D59="B8M",Z89,IF(D59="B7(다크로)",AA89))) -> 1000 | G59: =E59*F59 -> 4000 | I59: 0 | J59: 0 | K59: 0 | L59: 0 | M59: 0 | N59: 0 | O59: 0 | P59: 0 | Q59: 0 | R59: 0 | S59: =G59+R59 -> 4000
B60: 29 | C60: PAINTING | D60: =COVER!B32 -> 외주 2COATING | E60: 1 | F60: =IF(COVER!B10="APPLICATION",0,IF(D60="기존 단가",Y116,IF(D60="외주 2COATING",Z116,IF(D60="외주 3COATING",AA116)))) -> 0 | G60: =E60*F60 -> 0 | I60: 0 | J60: 0 | K60: 0 | L60: 0 | M60: 0 | N60: 0 | O60: 0 | P60: 0 | Q60: 0 | R60: 0 | S60: =G60+R60 -> 0
B61: 30 | C61: ASSEMBLY | D61: =COVER!B33 -> 신규 | E61: 1 | F61: =IF(COVER!B10="APPLICATION",0,IF(D61="기존 단가",Y118,IF(D61="신규",Z118))) -> 0 | G61: =E61*F61 -> 0 | I61: 0 | J61: 0 | K61: 0 | L61: 0 | M61: 0 | N61: 0 | O61: 0 | P61: 0 | Q61: 0 | R61: 0 | S61: =G61+R61 -> 0
A62: 포 장 비 ( 실비 적용 ) | G62: =IF(COVER!B10="APPLICATION",0,IF(D55="GEAR",Y120,IF(D55="MOTOR",Z120,IF(D55="PNEUMATIC",AA120)))) -> 0 | S62: =G62+R62 -> 0
A63: 운 송 비 ( 실비 적용 ) | T63: DELETED
A64: 합 계 ( 제조원가 ) | S64: =SUM(S8:S63) -> 1376770 | T64: 제조원가
A65: 일반관리 ( 10 % ) | G65: 0.1 | S65: =S64*G65 -> 137677
A66: 영업이익 ( 10 % ) | G66: 0.1 | S66: =(S64+S65)*G66 -> 151444.7
A67: 표준원가 [재료비+가공비+일반관리비+영업이익(+포장비+운송비+후처리) ] | S67: =S64+S65+S66 -> 1665891.7 | T67: 표준원가
A68: FACTOR 적용 | G68: =COVER!B11 -> 1.5 | S68: =S67*G68 -> 2498837.5
A69: 견적 적용 금액 ( A or B ) | R69: A | S69: =S68 -> 2498837.5 | T69: 표준원가 X FACTOR 적용 | V69: DISC SEAT TYPE TRIPLE OFFSET BFV 원가 TABLE
R70: B | S70: =S64*G68 -> 2065155 | T70: 제조원가 X FACTOR 적용 | V70: DN150 300LB
C72: ▣ 표준원가 = 재료비 + 가공비 + 일반관리비 + 영업이익(+포장비+운반비+후가공비) | V72: PART | W72: 규격 | X72: 수량/단중 | Y72: 단가 | AF72: REAMRK
C73: ▣ 재료비 =[【 (NET+S/R) * (1+조건LOSS+가공LOSS) * 원자재가】- 회수재료비]+매입부품비 | V73: BODY | W73: FLANGE TYPE | X73: 46KG | Y73: 재질/업체별 단가 적용 | AF73: 재질별 단가표 참조
C74: ▣ 가공비 = 적용기계별 가공임률 적용 | W74: LUG TYPE | X74: 37KG | Y74: 재질/업체별 단가 적용 | AF74: 재질별 단가표 참조
C75: ▣ 일반관리비 = [재료비*재료비 일반관리율]+[가공비* 가공비 일반관리율] | V75: DISC | W75: 공용 | X75: 3KG | Y75: 재질/업체별 단가 적용 | AF75: 재질별 단가표 참조
C76: ▣ 영업이익 = 가공비 * 이익율 | V76: BODY STELLITE | W76: SUS+#6 | X76: 51800
C77: ▣ 포장비 = 실비인정(포장재가÷회전수÷포장수량 | W77: WCB+309+#6 | X77: 72500
C78: ▣ 운반비 = [기준운반비÷적재수량]-[가공일반비율*80] | V78: STEM | W78: Ø32 * 640L | X78: 1EA | Y78: 316L | Z78: 304 | AA78: 630(H1150) | AB78: 410 C.2 | AC78: S31803 | AD78: S32750 | AE78: MONEL K-500
Y79: 25480 | Z79: 18460 | AA79: 38860 | AB79: 16815 | AC79: 42880 | AD79: 50518 | AE79: 312400 | AF79: 소재비/EA
C80: 【 임율산출근거】 | V80: DISC PIN | W80: Ø10 * 44L | X80: 2EA | Y80: 1000 | Z80: 900 | AA80: 1300 | AB80: 700 | AC80: 1500 | AD80: 1800 | AE80: 7000 | AF80: SET 단가
C81: ⓐ 가동율 = 24시간의 92%, 가동시간=22HR/일 | V81: SEAT GLAND | W81: Ø69.2 * Ø134 * 11T | X81: 1EA | Y81: 304 | Z81: 316L | AA81: 가공비
C82: ⓑ 기계감가상각비 = 기계취득가격÷5년÷300일 | Y82: 9880 | Z82: 12480 | AA82: 30000
C83: ⓒ 건물감가상각비 = 기계고유면적(3평)×5×100만원/평÷50년÷300일 | V83: LAMINATE SEAT | W83: Ø101 * Ø138 * 5T(316L 2T 2EA+G/P 1T 1EA) | X83: 1EA | Y83: SUS 소재비 | Z83: 제작비
C84: ⓓ 전력비 = 산업전력단가(70원)×전력용량×24HR | Y84: 3400 | Z84: 35000 | AF84: 1SET 분
C85: ⓔ 용수비 = 냉각수유량×단가(￦30/ton)×24HR | V85: SEAT GASKET | W85: Ø104 * Ø120 * 1.5T | X85: TH4000T | Y85: 3500 | AF85: 택 1
C86: ⓕ OIL비 = (￦193,300/200L×2회/년÷300일)×OIL탱크용량 | W86: Ø104 * Ø120 * 3.2T | X86: 316L+G/P | Y86: 4500
C87: ⓖ 공통비 = 기계가격×6%÷300일 | V87: END GASKET | W87: Ø48 * Ø60 * 3.2T | X87: 316L+G/P | Y87: 2200
C88: ⓗ 인건비 = 시급당 ￦4,370 시급기준[4대보험,식대,기타 포함/12년03월29일 기준] | V88: ASS'Y BOLT | Y88: B8 | Z88: B8M | AA88: B7(다크로)
V89: GEARBOX BOLT | W89: M12 * 30L, HEX/SW | X89: 4EA | Y89: 500 | Z89: 1000 | AA89: 1000 | AF89: 단가*수량
V90: TOP COVER BOLT | W90: M12 * 70L, STUD/2N/2SW | X90: 4EA | Y90: 1800 | Z90: 2300 | AA90: 1300 | AF90: 단가*수량
C91: 【 생산량 산출근거 】 | V91: SEAT GLAND BOLT | W91: M6 * 10L, WRENCH | X91: 4EA | Y91: 200 | Z91: 300 | AA91: 300 | AF91: 단가*수량
C92: ⓐ 생산량 = 최적생산량×(1-저하요인) | V92: SEAT GLAND BOLT | W92: M6 * 16L, WRENCH | X92: 12EA | Y92: 200 | Z92: 300 | AA92: 300 | AF92: 단가*수량
C93: ⓑ 최적생산량 = 1일 생산 수량 | V93: PACKING GLAND BOLT | W93: M8 * 50L, STUD/N/SW | X93: 4EA | Y93: 500 | Z93: 600 | AA93: 1000 | AF93: 단가*수량
V94: END COVER BOLT | W94: M10 * 35L, HEX/SW | X94: 6EA | Y94: 500 | Z94: 800 | AA94: 500 | AF94: 단가*수량
V95: PACKING(6617+6710) | W95: Ø32 * Ø48 * 39.4H(5단) | X95: 1EA | Y95: 11400
V96: BUSH/BEARING | Y96: 316+NICKEL | Z96: B148 C95400
V97: MAIN BUSH | W97: Ø32 * Ø37 * 53L | X97: 2EA | Y97: 36900 | Z97: 32000 | AF97: SET 단가
W98: Ø32 * Ø37 * 46L | X98: 1EA | Y98: 17700 | Z98: 14400 | AF98: SET 단가
V99: STUB BUSH | W99: Ø32 * Ø37 * 53L | X99: 2EA | Y99: 36900 | Z99: 32000 | AF99: SET 단가
V100: PACKING GLAND | W100: Ø32.5 * Ø47.8 * Ø90(10+20) | X100: 1EA | Y100: 23400 | Z100: 36000 | AF100: SET 단가
V101: COLLAR | W101: Ø22.1 * Ø39.9 * 8T | X101: 1EA | Y101: 6000 | Z101: 7200 | AF101: SET 단가
V102: PACKING PLATE | W102: Ø32 * Ø48 * 11T | X102: 1EA | Y102: 9000 | Z102: 10800 | AF102: SET 단가
...

Sheet 200-300LB
A1: TREIPLE VALVE 원가분석 ( 300# FLANGE SHORT)
T2: 단위 : 원
A3: SIZE | C3: DN 200 | D3: CLASS | E3: 300LB | F3: TYPE | G3: =COVER!B9 -> FLANGE | H3: TRIPLE 가공공정 | R3: F TO F | S3: API 609 CAT'- B SHROT PATTERN | T3: REMARK
A5: NO. | C5: DESCRIPTION | D5: MATERIAL | E5: 재료비 | H5: ST | I5: 세부 가공비 | R5: 가공비 | S5: 소 계 ( 재료비 + 가공비 )
I6: A | J6: B | K6: C | L6: D | M6: E | N6: F | O6: G | P6: H | Q6: I
E7: 중량 | F7: 단가 | G7: 소재비 | I7: 터닝/선반 | J7: 레디알 | K7: 보링 | L7: 터닝/선반 | M7: 동시보링 | N7: 레이알 | O7: 선반 | P7: 밀링 | Q7: 기타
A8: S T A N D A R D | B8: 1 | C8: =COVER!A14 -> BODY(LUG) | D8: =COVER!B14 -> 0 | E8: =43*1.2 -> 51.6 | F8: =COVER!C14 -> 0 | G8: =F8*E8 -> 0 | I8: =I10*I9 -> 3.6001489e+13 | J8: =J10*J9 -> 4.3341753e+13 | K8: =K10*K9 -> 1.6833509e+14 | L8: =L10*L9 -> 5.0670662e+14 | M8: =M10*M9 -> 6.3241734e+14 | N8: =N10*N9 -> 4.6528628e+13 | O8: =O10*O9 -> 0 | P8: =P10*P9 -> 0 | Q8: =Q10*Q9 -> 10000000000000 | R8: =IF(COVER!C14>0,150000*1.2,0) -> 0 | S8: =G8+R8 -> 0 | T8: LUG
B9: 1-1 | C9: =COVER!A15 -> BODY(FLANGE) | D9: =COVER!B15 -> A216 WCB | E9: 100 | F9: =COVER!C15 -> 4300 | G9: =F9*E9 -> 430000 | I9: =I11*I10 -> 2.3489854e+09 | J9: =J11*J10 -> 2.658302e+09 | K9: =K11*K10 -> 6.5682514e+09 | L9: =L11*L10 -> 1.3693182e+10 | M9: =M11*M10 -> 1.5873372e+10 | N9: =N11*N10 -> 2.7870633e+09 | O9: =O11*O10 -> 0 | P9: =P11*P10 -> 0 | Q9: =Q11*Q10 -> 1000000000 | R9: =IF(COVER!C15>0,200000*1.2,0) -> 240000 | S9: =G9+R9 -> 670000 | T9: FLANGE | V9: =R9 -> 240000
H10: 기계임률 / H | I10: =I11/10 -> 15326.4 | J10: =J11/10 -> 16304.3 | K10: =K11/10 -> 25628.6 | L10: =L11/10 -> 37004.3 | M10: =M11/10 -> 39841.4 | N10: =N11/10 -> 16694.5 | O10: =O11/10 -> 0 | P10: =P11/10 -> 0 | Q10: =Q11/10 -> 10000 | S10: =G10+R10 -> 0
H11: 기계임률 / DAY (10시간) | I11: 153264 | J11: 163043 | K11: 256286 | L11: 370043 | M11: 398414 | N11: 166945 | O11: 0 | P11: 0 | Q11: 100000 | S11: =G11+R11 -> 0
B12: 2 | C12: DISC | D12: =COVER!B16 -> A216 WCB | E12: 9 | F12: =COVER!C16 -> 4300 | G12: =F12*E12 -> 38700 | I12: =I13*I14 -> 10728.48 | J12: =J13*J14 -> 0 | K12: =K13*K14 -> 8152.15 | L12: =L13*L14 -> 11485 | M12: =M13*M14 -> 0 | N12: =N13*N14 -> 0 | O12: =O13*O14 -> 0 | P12: =P13*P14 -> 0 | Q12: =Q13*Q14 -> 3000 | R12: 138000 | S12: =G12+R12 -> 176700
H13: 표준가공 ( S/T : EA/H) | I13: 0.7 | J13: 0 | K13: 0.5 | L13: 0.5 | M13: 0 | N13: 0 | Q13: 0.3 | S13: =G13+R13 -> 0
H14: 기계임률 / H | I14: =I15/10 -> 15326.4 | J14: =J15/10 -> 16304.3 | K14: =K15/10 -> 16304.3 | L14: =L15/10 -> 22970 | M14: =M15/10 -> 39841.4 | N14: =N15/10 -> 16694.5 | O14: =O15/10 -> 0 | P14: =P15/10 -> 0 | Q14: =Q15/10 -> 10000 | S14: =G14+R14 -> 0
H15: 기계임률 / DAY | I15: 153264 | J15: 163043 | K15: 163043 | L15: 229700 | M15: 398414 | N15: 166945 | O15: 0 | P15: 0 | Q15: 100000 | S15: =G15+R15 -> 0
B16: 3 | C16: STELLITE on BODY | D16: =COVER!B19 -> WCB+309+#6 | E16: 1 | F16: =IF(D16="SUS+#6",X76,IF(D16="WCB+309+#6",X77)) -> 114300 | G16: =F16*E16 -> 114300 | I16: 0 | J16: 0 | K16: 0 | L16: 0 | M16: 0 | N16: 0 | O16: 0 | P16: 0 | Q16: 0 | R16: 0 | S16: =G16+R16 -> 114300
B17: 4 | C17: DISC SEAT | D17: =COVER!B18 -> A240T316L+GARPHITE | E17: 1 | F17: =IF(D17="A240T316L+GARPHITE",Y84+Z84) -> 59200 | G17: =F17*E17 -> 59200 | I17: 0 | J17: 0 | K17: 0 | L17: 0 | M17: 0 | N17: 0 | O17: 0 | P17: 0 | Q17: 0 | R17: =Z84*1.3 -> 65000 | S17: =G17+R17 -> 124200
B18: 5 | C18: SEAT GLAND | D18: =COVER!B20 -> SS316L | E18: 1 | F18: =IF(D18="SS304",Y82,IF(D18="SS316L",Z82)) -> 26000 | G18: =E18*F18 -> 26000 | I18: =I19*I20 -> 7663.2 | J18: =J19*J20 -> 8152.15 | K18: =K19*K20 -> 0 | L18: =L19*L20 -> 0 | M18: =M19*M20 -> 0 | N18: =N19*N20 -> 0 | O18: =O19*O20 -> 0 | P18: =P19*P20 -> 0 | Q18: =Q19*Q20 -> 2000 | R18: =AA82*1.5 -> 54000 | S18: =G18+R18 -> 80000
H19: 표준가공 ( S/T : EA/H) | I19: 0.5 | J19: 0.5 | Q19: 0.2 | S19: =G19+R19 -> 0
H20: 표준가공 ( S/T : EA/H) | I20: =I21/10 -> 15326.4 | J20: =J21/10 -> 16304.3 | K20: =K21/10 -> 0 | L20: =L21/10 -> 0 | M20: =M21/10 -> 0 | N20: =N21/10 -> 0 | O20: =O21/10 -> 0 | P20: =P21/10 -> 0 | Q20: =Q21/10 -> 10000 | S20: =G20+R20 -> 0
H21: 표준가공 ( S/T : EA/H) | I21: 153264 | J21: 163043 | Q21: 100000 | S21: =G21+R21 -> 0
B22: 6 | C22: DISC SEAT Ret-Gasket | D22: 316L+G/P | E22: 1 | F22: =Y86 -> 5830 | G22: =F22*E22 -> 5830 | I22: 0 | J22: 0 | K22: 0 | L22: 0 | M22: 0 | N22: 0 | O22: 0 | P22: 0 | Q22: 0 | R22: 0 | S22: =G22+R22 -> 5830
B23: 7 | C23: SEAT GLAND BOLT | D23: =COVER!B21 -> B7(다크로) | E23: 16 | F23: =IF(D23="B8",Y92,IF(D23="B8M",Z92,IF(D23="B7(다크로)",AA92))) -> 300 | G23: =F23*E23 -> 4800 | I23: 0 | J23: 0 | K23: 0 | L23: 0 | M23: 0 | N23: 0 | O23: 0 | P23: 0 | Q23: 0 | R23: 0 | S23: =G23+R23 -> 4800
B24: 8 | C24: STEM | D24: =COVER!B17 -> A564T630 | E24: 5 | F24: =COVER!C17 -> 8500 | G24: =F24*E24 -> 42500 | I24: =I25*I26 -> 6130.56 | J24: =J25*J26 -> 0 | K24: =K25*K26 -> 0 | L24: =L25*L26 -> 0 | M24: =M25*M26 -> 0 | N24: =N25*N26 -> 0 | O24: =O25*O26 -> 0 | P24: =P25*P26 -> 0 | Q24: =Q25*Q26 -> 1000 | R24: =R12*0.3 -> 41400 | S24: =G24+R24 -> 83900
H25: 표준가공 ( S/T : EA/H) | I25: 0.4 | Q25: 0.1 | S25: =G25+R25 -> 0
H26: 표준가공 ( S/T : EA/H) | I26: =I27/10 -> 15326.4 | Q26: =Q27/10 -> 10000 | S26: =G26+R26 -> 0
H27: 표준가공 ( S/T : EA/H) | I27: 153264 | Q27: 100000 | S27: =G27+R27 -> 0
B28: 9 | C28: PACKING | D28: PILLAR | E28: 1 | F28: 11400 | G28: =E28*F28 -> 11400 | R28: 0 | S28: =G28+R28 -> 11400
B29: 10 | C29: PACKING GLAND | D29: =COVER!B24 -> A351 CF8M | E29: 1 | F29: =IF(D29="A351 CF8M",Y98,IF(D29="B148 C95400",Z98)) -> 18200 | G29: =F29*E29 -> 18200 | I29: =I30*I31 -> 1532.64 | J29: =J30*J31 -> 1630.43 | K29: =K30*K31 -> 0 | L29: =L30*L31 -> 0 | M29: =M30*M31 -> 0 | N29: =N30*N31 -> 0 | O29: =O30*O31 -> 0 | P29: =P30*P31 -> 0 | Q29: =Q30*Q31 -> 0 | R29: 0 | S29: =G29+R29 -> 18200
H30: 표준가공 ( S/T : EA/H) | I30: 0.1 | J30: 0.1 | S30: =G30+R30 -> 0
H31: 표준가공 ( S/T : EA/H) | I31: =I32/10 -> 15326.4 | J31: =J32/10 -> 16304.3 | S31: =G31+R31 -> 0
H32: 표준가공 ( S/T : EA/H) | I32: 153264 | J32: 163043 | S32: =G32+R32 -> 0
B33: 11 | C33: PACKING PLATE | D33: =COVER!B26 -> 316+NICKEL | E33: 1 | F33: =IF(D33="316+NICKEL",Y101,IF(D33="B148 C95400",Z101)) -> 7000 | G33: =F33*E33 -> 7000 | I33: =I34*I35 -> 1532.64 | J33: =J34*J35 -> 0 | K33: =K34*K35 -> 0 | L33: =L34*L35 -> 0 | M33: =M34*M35 -> 0 | N33: =N34*N35 -> 0 | O33: =O34*O35 -> 0 | P33: =P34*P35 -> 0 | Q33: =Q34*Q35 -> 0 | R33: 0 | S33: =G33+R33 -> 7000 | T33: SET 단가
H34: 표준가공 ( S/T : EA/H) | I34: 0.1 | S34: =G34+R34 -> 0
H35: 표준가공 ( S/T : EA/H) | I35: =I36/10 -> 15326.4 | S35: =G35+R35 -> 0
H36: 표준가공 ( S/T : EA/H) | I36: 153264 | S36: =G36+R36 -> 0
B37: 12 | C37: PACKING GLAND BOLT / NUT | D37: =COVER!B22 -> B7(다크로) | E37: 4 | F37: =IF(D37="B8",Y93,IF(D37="B8M",Z93,IF(D37="B7(다크로)",AA93))) -> 1000 | G37: =E37*F37 -> 4000 | I37: 0 | J37: 0 | K37: 0 | L37: 0 | M37: 0 | N37: 0 | O37: 0 | P37: 0 | Q37: 0 | R37: 0 | S37: =G37+R37 -> 4000
B38: 13 | C38: LIVE LOADING SPRING | E38: 1 | F38: 3000 | G38: =E38*F38 -> 3000 | I38: 0 | J38: 0 | K38: 0 | L38: 0 | M38: 0 | N38: 0 | O38: 0 | P38: 0 | Q38: 0 | R38: 0 | S38: =G38+R38 -> 3000
B39: 14 | C39: BUSH(MAIN) | D39: =COVER!B23 -> 316+NICKEL | E39: 2 | F39: =IF(D39="316+NICKEL",Y97+Y98,IF(D39="B148 C95400",Z97+Z98)) -> 60730 | G39: =F39*1 -> 60730 | I39: =I40*I41 -> 0 | J39: =J40*J41 -> 0 | K39: =K40*K41 -> 0 | L39: =L40*L41 -> 0 | M39: =M40*M41 -> 0 | N39: =N40*N41 -> 0 | O39: =O40*O41 -> 0 | P39: =P40*P41 -> 0 | Q39: =Q40*Q41 -> 0 | R39: 0 | S39: =G39+R39 -> 60730 | T39: SET 단가
B40: 15 | C40: BUSH(STUB) | D40: =COVER!B23 -> 316+NICKEL | E40: 2 | F40: =IF(D40="316+NICKEL",Y99,IF(D40="B148 C95400",Z99)) -> 24700 | G40: =F40*1 -> 24700 | I40: =I41*I42 -> 0 | J40: =J41*J42 -> 0 | K40: =K41*K42 -> 0 | L40: =L41*L42 -> 0 | M40: =M41*M42 -> 0 | N40: =N41*N42 -> 0 | O40: =O41*O42 -> 0 | P40: =P41*P42 -> 0 | Q40: =Q41*Q42 -> 0 | R40: 0 | S40: =G40+R40 -> 24700 | T40: SET 단가
H41: 표준가공 ( S/T : EA/H) | S41: =G41+R41 -> 0
H42: 표준가공 ( S/T : EA/H) | S42: =G42+R42 -> 0
H43: 표준가공 ( S/T : EA/H) | S43: =G43+R43 -> 0
B44: 16 | C44: COLLAR ( STUB ) | D44: =COVER!B25 -> 316+NICKEL | E44: 1 | F44: =IF(D44="316+NICKEL",Y101,IF(D44="B148 C95400",Z110)) -> 7000 | G44: =F44*E44 -> 7000 | I44: 0 | J44: 0 | K44: 0 | L44: 0 | M44: 0 | N44: 0 | O44: 1000 | P44: 0 | Q44: 0 | R44: 0 | S44: =G44+R44 -> 7000 | T44: SET 단가
B45: 17 | C45: END COVER GASKET | D45: 316L+G/P | E45: 1 | F45: =Y87 -> 2200 | G45: =F45*E45 -> 2200 | H45: 0 | I45: 0 | J45: 0 | K45: 0 | L45: 0 | M45: 0 | N45: 0 | O45: 0 | P45: 0 | R45: 0 | S45: =G45+R45 -> 2200
B46: 18 | C46: END COVER | D46: =COVER!B29 -> SS400 | E46: 1 | F46: =IF(D46="SS400",Y106,IF(D46="SS316",Z106,IF(D46="SS304",AA106))) -> 2970 | G46: =F46*E46 -> 2970 | I46: =I47*I48 -> 1532.64 | J46: 0 | K46: 0 | L46: 0 | M46: 0 | N46: 0 | O46: 0 | P46: 0 | Q46: 0 | R46: 7500 | S46: =G46+R46 -> 10470
H47: 표준가공 ( S/T : EA/H) | I47: 0.1 | S47: =G47+R47 -> 0
H48: 표준가공 ( S/T : EA/H) | I48: =I49/10 -> 15326.4 | S48: =G48+R48 -> 0
H49: 표준가공 ( S/T : EA/H) | I49: 153264 | S49: =G49+R49 -> 0
B50: 19 | C50: END COVER BOLT | D50: =COVER!B22 -> B7(다크로) | E50: 6 | F50: =IF(D50="B8",Y94,IF(D50="B8M",Z94,IF(D50="B7(다크로)",AA94))) -> 500 | G50: =E50*F50 -> 3000 | I50: 0 | J50: 0 | K50: 0 | L50: 0 | M50: 0 | N50: 0 | O50: 0 | P50: 0 | Q50: 0 | R50: 0 | S50: =G50+R50 -> 3000
B51: 20 | C51: DISC PIN | D51: =D24 -> A564T630 | E51: 3 | F51: =IF(D51="A276T316",Y80/E51,IF(D51="A276T316L",Y80/E51,IF(D51="A276T304",Z80/E51,IF(D51="A564T630",AA80/E51,IF(D51="A479T410",AB80/E51,IF(D51="UNS S31803",AC80/E51,IF(D51="UNS S32750",AD80/E51,IF(D51="MONEL K-400",AE80/E51,IF(D51="MONEL K-500",AE80/E51))))))))) -> 450 | G51: =F51*E51 -> 1350 | I51: 0 | J51: 0 | K51: 0 | L51: 0 | M51: 0 | N51: 0 | O51: 1000 | P51: 0 | Q51: 0 | R51: =2100*E51 -> 6300 | S51: =G51+R51 -> 7650
B52: 21 | C52: TOP COVER BOLT | D52: =COVER!B22 -> B7(다크로) | E52: 4 | F52: =IF(D52="B8",Y90,IF(D52="B8M",Z90,IF(D52="B7(다크로)",AA90))) -> 2000 | G52: =F52*E52 -> 8000 | I52: 0 | J52: 0 | K52: 0 | L52: 0 | M52: 0 | N52: 1000 | O52: 1000 | P52: 1000 | Q52: 0 | R52: 0 | S52: =G52+R52 -> 8000
B53: 22 | C53: GEAR BOX PLATE | D53: =COVER!B26 -> 316+NICKEL | E53: 1 | F53: =IF(D53="316+NICKEL",Y102,IF(D53="B148 C95400",Z102)) -> 10000 | G53: =F53*E53 -> 10000 | R53: 0 | S53: =G53+R53 -> 10000
B54: 23 | C54: GEAR BOX KEY | E54: 1 | F54: 1000 | G54: =E54*F54 -> 1000 | I54: 0 | J54: 0 | K54: 0 | L54: 0 | M54: 0 | N54: 0 | O54: 0 | P54: 1000 | Q54: 0 | R54: 0 | S54: =G54+R54 -> 1000
B55: 24 | C55: GEAR BOX | D55: =COVER!B35 -> GEAR | E55: 1 | F55: =IF(D55="GEAR",195300,IF(D55="MOTOR",0,IF(D55="PNEUMATIC",0))) -> 195300 | G55: =F55 -> 195300 | I55: 0 | J55: 0 | K55: 0 | L55: 0 | M55: 0 | N55: 0 | O55: 0 | P55: 0 | Q55: 0 | R55: 0 | S55: =G55+R55 -> 195300
B56: 25 | C56: TOP COVER | D56: =COVER!B30 -> WCB | E56: 7 | F56: =IF(D56="WCB",4000,IF(D56="CF8M",9000)) -> 4000 | G56: =E56*F56 -> 28000 | R56: =IF(D56="WCB",AA108,IF(D56="CF8M",AB108)) -> 26700 | S56: =G56+R56 -> 54700
B57: 26 | C57: THRUST BEARING | D57: =COVER!B27 -> 316+NICKEL | E57: 2 | F57: =IF(D57="316+NICKEL",Y103,IF(D57="B148 C95400",Z103)) -> 15500 | G57: =F57 -> 15500 | R57: 0 | S57: =G57+R57 -> 15500 | T57: SET 단가
B58: 27 | C58: BEARING | D58: =COVER!B28 -> 316+NICKEL | E58: 2 | F58: =IF(D58="316+NICKEL",Y104,IF(D58="B148 C95400",Z104)) -> 1470 | G58: =F58 -> 1470 | R58: 0 | S58: =G58+R58 -> 1470 | T58: SET 단가
B59: 28 | C59: GEAR BOX BOLT | D59: =COVER!B22 -> B7(다크로) | E59: 4 | F59: =IF(D59="B8",Y89,IF(D59="B8M",Z89,IF(D59="B7(다크로)",AA89))) -> 1500 | G59: =E59*F59 -> 6000 | I59: 0 | J59: 0 | K59: 0 | L59: 0 | M59: 0 | N59: 0 | O59: 0 | P59: 0 | Q59: 0 | R59: 0 | S59: =G59+R59 -> 6000
B60: 29 | C60: PAINTING | D60: =COVER!B32 -> 외주 2COATING | E60: 1 | F60: =IF(COVER!B10="APPLICATION",0,IF(D60="기존 단가",Y116,IF(D60="외주 2COATING",Z116,IF(D60="외주 3COATING",AA116)))) -> 0 | G60: =E60*F60 -> 0 | I60: 0 | J60: 0 | K60: 0 | L60: 0 | M60: 0 | N60: 0 | O60: 0 | P60: 0 | Q60: 0 | R60: 0 | S60: =G60+R60 -> 0
B61: 30 | C61: ASSEMBLY | D61: =COVER!B33 -> 신규 | E61: 1 | F61: =IF(COVER!B10="APPLICATION",0,IF(D61="기존 단가",Y118,IF(D61="신규",Z118))) -> 0 | G61: =E61*F61 -> 0 | I61: 0 | J61: 0 | K61: 0 | L61: 0 | M61: 0 | N61: 0 | O61: 0 | P61: 0 | Q61: 0 | R61: 0 | S61: =G61+R61 -> 0
A62: 포 장 비 ( 실비 적용 ) | G62: =IF(COVER!B10="APPLICATION",0,IF(D55="GEAR",Y120,IF(D55="MOTOR",Z120,IF(D55="PNEUMATIC",AA120)))) -> 0 | S62: =G62+R62 -> 0
A63: 운 송 비 ( 실비 적용 ) | T63: DELETED
A64: 합 계 ( 제조원가 ) | S64: =SUM(S8:S63) -> 1711050 | T64: 제조원가
A65: 일반관리 ( 10 % ) | G65: 0.1 | S65: =S64*G65 -> 171105
A66: 영업이익 ( 10 % ) | G66: 0.1 | S66: =(S64+S65)*G66 -> 188215.5
A67: 표준원가 [재료비+가공비+일반관리비+영업이익(+포장비+운송비+후처리) ] | S67: =S64+S65+S66 -> 2070370.5 | T67: 표준원가
A68: FACTOR 적용 | G68: =COVER!B11 -> 1.5 | S68: =S67*G68 -> 3105555.8
A69: 견적 적용 금액 ( A or B ) | R69: A | S69: =S68 -> 3105555.8 | T69: 표준원가 X FACTOR 적용 | V69: DISC SEAT TYPE TRIPLE OFFSET BFV 원가 TABLE
R70: B | S70: =S64*G68 -> 2566575 | T70: 제조원가 X FACTOR 적용 | V70: DN200 300LB
C72: ▣ 표준원가 = 재료비 + 가공비 + 일반관리비 + 영업이익(+포장비+운반비+후가공비) | V72: PART | W72: 규격 | X72: 수량/단중 | Y72: 단가 | AF72: REAMRK
C73: ▣ 재료비 =[【 (NET+S/R) * (1+조건LOSS+가공LOSS) * 원자재가】- 회수재료비]+매입부품비 | V73: BODY | W73: FLANGE TYPE | X73: 94KG | Y73: 재질/업체별 단가 적용 | AF73: 재질별 단가표 참조
C74: ▣ 가공비 = 적용기계별 가공임률 적용 | W74: LUG TYPE | X74: - | Y74: 재질/업체별 단가 적용 | AF74: 재질별 단가표 참조
C75: ▣ 일반관리비 = [재료비*재료비 일반관리율]+[가공비* 가공비 일반관리율] | V75: DISC | W75: 공용 | X75: 9KG | Y75: 재질/업체별 단가 적용 | AF75: 재질별 단가표 참조
C76: ▣ 영업이익 = 가공비 * 이익율 | V76: BODY STELLITE | W76: SUS+#6 | X76: 81600
C77: ▣ 포장비 = 실비인정(포장재가÷회전수÷포장수량 | W77: WCB+309+#6 | X77: 114300
C78: ▣ 운반비 = [기준운반비÷적재수량]-[가공일반비율*80] | V78: STEM | W78: Ø32 * 727L | X78: 1EA | Y78: 316L | Z78: 304 | AA78: 630(H1150) | AB78: 410 C.2 | AC78: S31803 | AD78: S32750 | AE78: MONEL K-500
Y79: 28910 | Z79: 20945 | AA79: 44220 | AB79: 18880 | AC79: 48910 | AD79: 57486 | AE79: 352000 | AF79: 소재비/EA
C80: 【 임율산출근거】 | V80: DISC PIN | W80: Ø10 * 44L | X80: 3EA | Y80: 510 | Z80: 385 | AA80: 1350 | AB80: 1240 | AC80: 1360 | AD80: 1742 | AE80: 4400 | AF80: SET 단가
C81: ⓐ 가동율 = 24시간의 92%, 가동시간=22HR/일 | V81: SEAT GLAND | W81: Ø111.5 * Ø182 * 14T | X81: 1EA | Y81: 304 | Z81: 316L | AA81: 가공비
C82: ⓑ 기계감가상각비 = 기계취득가격÷5년÷300일 | Y82: 22000 | Z82: 26000 | AA82: 36000
C83: ⓒ 건물감가상각비 = 기계고유면적(3평)×5×100만원/평÷50년÷300일 | V83: LAMINATE SEAT | W83: Ø149 * Ø190 * 7T(316L 3T 2EA+G/P 1T 1EA) | X83: 1EA | Y83: SUS 소재비 | Z83: 제작비
C84: ⓓ 전력비 = 산업전력단가(70원)×전력용량×24HR | Y84: 9200 | Z84: 50000 | AF84: 1SET 분
C85: ⓔ 용수비 = 냉각수유량×단가(￦30/ton)×24HR | V85: SEAT GASKET | W85: Ø152 * Ø164 * 1.5T | X85: TH4000T | Y85: 5000 | AF85: 택 1
C86: ⓕ OIL비 = (￦193,300/200L×2회/년÷300일)×OIL탱크용량 | W86: Ø152 * Ø164 * 3.2T | X86: 316L+G/P | Y86: 5830
C87: ⓖ 공통비 = 기계가격×6%÷300일 | V87: END GASKET | W87: Ø48 * Ø60 * 3.2T | X87: 316L+G/P | Y87: 2200
C88: ⓗ 인건비 = 시급당 ￦4,370 시급기준[4대보험,식대,기타 포함/12년03월29일 기준] | V88: ASS'Y BOLT | Y88: B8 | Z88: B8M | AA88: B7(다크로)
V89: GEARBOX BOLT | W89: M16 * 45L, HEX/SW | X89: 4EA | Y89: 1500 | Z89: 2000 | AA89: 1500 | AF89: 단가*수량
V90: TOP COVER BOLT | W90: M16 * 90L, STUD/2N/2SW | X90: 4EA | Y90: 2700 | Z90: 3500 | AA90: 2000 | AF90: 단가*수량
C91: 【 생산량 산출근거 】 | V91: SEAT GLAND BOLT | W91: M8 * 13L, WRENCH | X91: 2EA | Y91: 200 | Z91: 300 | AA91: 300 | AF91: 단가*수량
C92: ⓐ 생산량 = 최적생산량×(1-저하요인) | V92: SEAT GLAND BOLT | W92: M8 * 16L, WRENCH | X92: 14EA | Y92: 200 | Z92: 500 | AA92: 300 | AF92: 단가*수량
C93: ⓑ 최적생산량 = 1일 생산 수량 | V93: PACKING GLAND BOLT | W93: M8 * 50L, STUD/N/SW | X93: 4EA | Y93: 500 | Z93: 600 | AA93: 1000 | AF93: 단가*수량
V94: END COVER BOLT | W94: M10 * 35L, HEX/SW | X94: 6EA | Y94: 500 | Z94: 800 | AA94: 500 | AF94: 단가*수량
V95: PACKING(6617+6710) | W95: Ø32 * Ø48 * 39.4H(5단) | X95: 1EA | Y95: 11400
V96: BUSH/BEARING | Y96: 316+NICKEL | Z96: B148 C95400
V97: MAIN BUSH | W97: Ø32 * Ø39 * 60L | X97: 2EA | Y97: 42530 | Z97: 33800 | AF97: SET 단가
W98: Ø32 * Ø39 * 45L | X98: 1EA | Y98: 18200 | Z98: 15300 | AF98: SET 단가
V99: STUB BUSH | W99: Ø32 * Ø39 * 56.5L | X99: 2EA | Y99: 24700 | Z99: 33800 | AF99: SET 단가
V100: PACKING GLAND | W100: Ø32.5 * Ø47.8 * Ø90(10+20) | X100: 1EA | Y100: 23500 | Z100: 36000 | AF100: SET 단가
V101: COLLAR | W101: Ø22.1 * Ø39.9 * 8T | X101: 1EA | Y101: 7000 | Z101: 7200 | AF101: SET 단가
V102: PACKING PLATE | W102: Ø32.1 * Ø48 * 11T | X102: 1EA | Y102: 10000 | Z102: 12600 | AF102: SET 단가
...

Sheet 250-300LB
A1: TREIPLE VALVE 원가분석 ( 300# FLANGE SHORT)
T2: 단위 : 원
A3: SIZE | C3: DN 250 | D3: CLASS | E3: 300LB | F3: TYPE | G3: =COVER!B9 -> FLANGE | H3: TRIPLE 가공공정 | R3: F TO F | S3: API 609 CAT'- B SHROT PATTERN | T3: REMARK
A5: NO. | C5: DESCRIPTION | D5: MATERIAL | E5: 재료비 | H5: ST | I5: 세부 가공비 | R5: 가공비 | S5: 소 계 ( 재료비 + 가공비 )
I6: A | J6: B | K6: C | L6: D | M6: E | N6: F | O6: G | P6: H | Q6: I
E7: 중량 | F7: 단가 | G7: 소재비 | I7: 터닝/선반 | J7: 레디알 | K7: 보링 | L7: 터닝/선반 | M7: 동시보링 | N7: 레이알 | O7: 선반 | P7: 밀링 | Q7: 기타
A8: S T A N D A R D | B8: 1 | C8: =COVER!A14 -> BODY(LUG) | D8: =COVER!B14 -> 0 | E8: =73*1.2 -> 87.6 | F8: =COVER!C14 -> 0 | G8: =F8*E8 -> 0 | I8: =I10*I9 -> 3.6001489e+13 | J8: =J10*J9 -> 4.3341753e+13 | K8: =K10*K9 -> 1.6833509e+14 | L8: =L10*L9 -> 5.0670662e+14 | M8: =M10*M9 -> 6.3241734e+14 | N8: =N10*N9 -> 4.6528628e+13 | O8: =O10*O9 -> 0 | P8: =P10*P9 -> 0 | Q8: =Q10*Q9 -> 10000000000000 | R8: =IF(COVER!C14>0,190000*1.2,0) -> 0 | S8: =G8+R8 -> 0 | T8: LUG
B9: 1-1 | C9: =COVER!A15 -> BODY(FLANGE) | D9: =COVER!B15 -> A216 WCB | E9: 150 | F9: =COVER!C15 -> 4300 | G9: =F9*E9 -> 645000 | I9: =I11*I10 -> 2.3489854e+09 | J9: =J11*J10 -> 2.658302e+09 | K9: =K11*K10 -> 6.5682514e+09 | L9: =L11*L10 -> 1.3693182e+10 | M9: =M11*M10 -> 1.5873372e+10 | N9: =N11*N10 -> 2.7870633e+09 | O9: =O11*O10 -> 0 | P9: =P11*P10 -> 0 | Q9: =Q11*Q10 -> 1000000000 | R9: =IF(COVER!C15>0,250000*1.2,0) -> 300000 | S9: =G9+R9 -> 945000 | T9: FLANGE | V9: =R9 -> 300000
H10: 기계임률 / H | I10: =I11/10 -> 15326.4 | J10: =J11/10 -> 16304.3 | K10: =K11/10 -> 25628.6 | L10: =L11/10 -> 37004.3 | M10: =M11/10 -> 39841.4 | N10: =N11/10 -> 16694.5 | O10: =O11/10 -> 0 | P10: =P11/10 -> 0 | Q10: =Q11/10 -> 10000 | S10: =G10+R10 -> 0
H11: 기계임률 / DAY (10시간) | I11: 153264 | J11: 163043 | K11: 256286 | L11: 370043 | M11: 398414 | N11: 166945 | O11: 0 | P11: 0 | Q11: 100000 | S11: =G11+R11 -> 0
B12: 2 | C12: DISC | D12: =COVER!B16 -> A216 WCB | E12: 19 | F12: =COVER!C16 -> 4300 | G12: =F12*E12 -> 81700 | I12: =I13*I14 -> 15326.4 | J12: =J13*J14 -> 0 | K12: =K13*K14 -> 16304.3 | L12: =L13*L14 -> 22970 | M12: =M13*M14 -> 0 | N12: =N13*N14 -> 0 | O12: =O13*O14 -> 0 | P12: =P13*P14 -> 0 | Q12: =Q13*Q14 -> 4000 | R12: 172500 | S12: =G12+R12 -> 254200
H13: 표준가공 ( S/T : EA/H) | I13: 1 | J13: 0 | K13: 1 | L13: 1 | M13: 0 | N13: 0 | Q13: 0.4 | S13: =G13+R13 -> 0
H14: 기계임률 / H | I14: =I15/10 -> 15326.4 | J14: =J15/10 -> 16304.3 | K14: =K15/10 -> 16304.3 | L14: =L15/10 -> 22970 | M14: =M15/10 -> 39841.4 | N14: =N15/10 -> 16694.5 | O14: =O15/10 -> 0 | P14: =P15/10 -> 0 | Q14: =Q15/10 -> 10000 | S14: =G14+R14 -> 0
H15: 기계임률 / DAY | I15: 153264 | J15: 163043 | K15: 163043 | L15: 229700 | M15: 398414 | N15: 166945 | O15: 0 | P15: 0 | Q15: 100000 | S15: =G15+R15 -> 0
B16: 3 | C16: STELLITE on BODY | D16: =COVER!B19 -> WCB+309+#6 | E16: 1 | F16: =IF(D16="SUS+#6",X76,IF(D16="WCB+309+#6",X77)) -> 218400 | G16: =F16*E16 -> 218400 | I16: 0 | J16: 0 | K16: 0 | L16: 0 | M16: 0 | N16: 0 | O16: 0 | P16: 0 | Q16: 0 | R16: 0 | S16: =G16+R16 -> 218400
B17: 4 | C17: DISC SEAT | D17: =COVER!B18 -> A240T316L+GARPHITE | E17: 1 | F17: =IF(D17="A240T316L+GARPHITE",Y84+Z84) -> 68200 | G17: =F17*E17 -> 68200 | I17: 0 | J17: 0 | K17: 0 | L17: 0 | M17: 0 | N17: 0 | O17: 0 | P17: 0 | Q17: 0 | R17: =Z84*1.3 -> 53300 | S17: =G17+R17 -> 121500
B18: 5 | C18: SEAT GLAND | D18: =COVER!B20 -> SS316L | E18: 1 | F18: =IF(D18="SS304",Y82,IF(D18="SS316L",Z82)) -> 38000 | G18: =E18*F18 -> 38000 | I18: =I19*I20 -> 7663.2 | J18: =J19*J20 -> 8152.15 | K18: =K19*K20 -> 0 | L18: =L19*L20 -> 0 | M18: =M19*M20 -> 0 | N18: =N19*N20 -> 0 | O18: =O19*O20 -> 0 | P18: =P19*P20 -> 0 | Q18: =Q19*Q20 -> 2000 | R18: =AA82*1.5 -> 63000 | S18: =G18+R18 -> 101000
H19: 표준가공 ( S/T : EA/H) | I19: 0.5 | J19: 0.5 | Q19: 0.2 | S19: =G19+R19 -> 0
H20: 표준가공 ( S/T : EA/H) | I20: =I21/10 -> 15326.4 | J20: =J21/10 -> 16304.3 | K20: =K21/10 -> 0 | L20: =L21/10 -> 0 | M20: =M21/10 -> 0 | N20: =N21/10 -> 0 | O20: =O21/10 -> 0 | P20: =P21/10 -> 0 | Q20: =Q21/10 -> 10000 | S20: =G20+R20 -> 0
H21: 표준가공 ( S/T : EA/H) | I21: 153264 | J21: 163043 | Q21: 100000 | S21: =G21+R21 -> 0
B22: 6 | C22: DISC SEAT Ret-Gasket | D22: 316L+G/P | E22: 1 | F22: =Y85 -> 9000 | G22: =F22*E22 -> 9000 | I22: 0 | J22: 0 | K22: 0 | L22: 0 | M22: 0 | N22: 0 | O22: 0 | P22: 0 | Q22: 0 | R22: 0 | S22: =G22+R22 -> 9000
B23: 7 | C23: SEAT GLAND BOLT | D23: =COVER!B21 -> B7(다크로) | E23: 16 | F23: =IF(D23="B8",Y91,IF(D23="B8M",Z91,IF(D23="B7(다크로)",AA91))) -> 300 | G23: =F23*E23 -> 4800 | I23: 0 | J23: 0 | K23: 0 | L23: 0 | M23: 0 | N23: 0 | O23: 0 | P23: 0 | Q23: 0 | R23: 0 | S23: =G23+R23 -> 4800
B24: 8 | C24: STEM | D24: =COVER!B17 -> A564T630 | E24: 15 | F24: =COVER!C17 -> 8500 | G24: =F24*E24 -> 127500 | I24: =I25*I26 -> 7663.2 | J24: =J25*J26 -> 0 | K24: =K25*K26 -> 0 | L24: =L25*L26 -> 0 | M24: =M25*M26 -> 0 | N24: =N25*N26 -> 0 | O24: =O25*O26 -> 0 | P24: =P25*P26 -> 0 | Q24: =Q25*Q26 -> 1000 | R24: =R12*0.3 -> 51750 | S24: =G24+R24 -> 179250
H25: 표준가공 ( S/T : EA/H) | I25: 0.5 | Q25: 0.1 | S25: =G25+R25 -> 0
H26: 표준가공 ( S/T : EA/H) | I26: =I27/10 -> 15326.4 | Q26: =Q27/10 -> 10000 | S26: =G26+R26 -> 0
H27: 표준가공 ( S/T : EA/H) | I27: 153264 | Q27: 100000 | S27: =G27+R27 -> 0
B28: 9 | C28: PACKING | D28: PILLAR | E28: 1 | F28: 24000 | G28: =E28*F28 -> 24000 | R28: 0 | S28: =G28+R28 -> 24000
B29: 10 | C29: PACKING GLAND | D29: =COVER!B24 -> A351 CF8M | E29: 1 | F29: =IF(D29="A351 CF8M",Y98,IF(D29="B148 C95400",Z98)) -> 25600 | G29: =F29*E29 -> 25600 | I29: =I30*I31 -> 3065.28 | J29: =J30*J31 -> 3260.86 | K29: =K30*K31 -> 0 | L29: =L30*L31 -> 0 | M29: =M30*M31 -> 0 | N29: =N30*N31 -> 0 | O29: =O30*O31 -> 0 | P29: =P30*P31 -> 0 | Q29: =Q30*Q31 -> 0 | R29: 0 | S29: =G29+R29 -> 25600
H30: 표준가공 ( S/T : EA/H) | I30: 0.2 | J30: 0.2 | S30: =G30+R30 -> 0
H31: 표준가공 ( S/T : EA/H) | I31: =I32/10 -> 15326.4 | J31: =J32/10 -> 16304.3 | S31: =G31+R31 -> 0
H32: 표준가공 ( S/T : EA/H) | I32: 153264 | J32: 163043 | S32: =G32+R32 -> 0
B33: 11 | C33: PACKING PLATE | D33: =COVER!B26 -> 316+NICKEL | E33: 1 | F33: =IF(D33="316+NICKEL",Y102,IF(D33="B148 C95400",Z102)) -> 9700 | G33: =F33*E33 -> 9700 | I33: =I34*I35 -> 4597.92 | J33: =J34*J35 -> 0 | K33: =K34*K35 -> 0 | L33: =L34*L35 -> 0 | M33: =M34*M35 -> 0 | N33: =N34*N35 -> 0 | O33: =O34*O35 -> 0 | P33: =P34*P35 -> 0 | Q33: =Q34*Q35 -> 0 | R33: 0 | S33: =G33+R33 -> 9700 | T33: SET 단가
H34: 표준가공 ( S/T : EA/H) | I34: 0.3 | S34: =G34+R34 -> 0
H35: 표준가공 ( S/T : EA/H) | I35: =I36/10 -> 15326.4 | S35: =G35+R35 -> 0
H36: 표준가공 ( S/T : EA/H) | I36: 153264 | S36: =G36+R36 -> 0
B37: 12 | C37: PACKING GLAND BOLT / NUT | D37: =COVER!B22 -> B7(다크로) | E37: 4 | F37: =IF(D37="B8",Y93,IF(D37="B8M",Z93,IF(D37="B7(다크로)",AA93))) -> 1500 | G37: =E37*F37 -> 6000 | I37: 0 | J37: 0 | K37: 0 | L37: 0 | M37: 0 | N37: 0 | O37: 0 | P37: 0 | Q37: 0 | R37: 0 | S37: =G37+R37 -> 6000
B38: 13 | C38: LIVE LOADING SPRING | E38: 1 | F38: 3000 | G38: =E38*F38 -> 3000 | I38: 0 | J38: 0 | K38: 0 | L38: 0 | M38: 0 | N38: 0 | O38: 0 | P38: 0 | Q38: 0 | R38: 0 | S38: =G38+R38 -> 3000
B39: 14 | C39: BUSH(MAIN) | D39: =COVER!B23 -> 316+NICKEL | E39: 3 | F39: =IF(D39="316+NICKEL",Y97+Y98,IF(D39="B148 C95400",Z97+Z98)) -> 106800 | G39: =F39*1 -> 106800 | I39: =I40*I41 -> 0 | J39: =J40*J41 -> 0 | K39: =K40*K41 -> 0 | L39: =L40*L41 -> 0 | M39: =M40*M41 -> 0 | N39: =N40*N41 -> 0 | O39: =O40*O41 -> 0 | P39: =P40*P41 -> 0 | Q39: =Q40*Q41 -> 0 | R39: 0 | S39: =G39+R39 -> 106800 | T39: SET 단가
B40: 15 | C40: BUSH(STUB) | D40: =COVER!B23 -> 316+NICKEL | E40: 2 | F40: =IF(D40="316+NICKEL",Y99+Y100,IF(D40="B148 C95400",Z99+Z100)) -> 79400 | G40: =F40*1 -> 79400 | I40: =I41*I42 -> 0 | J40: =J41*J42 -> 0 | K40: =K41*K42 -> 0 | L40: =L41*L42 -> 0 | M40: =M41*M42 -> 0 | N40: =N41*N42 -> 0 | O40: =O41*O42 -> 0 | P40: =P41*P42 -> 0 | Q40: =Q41*Q42 -> 0 | R40: 0 | S40: =G40+R40 -> 79400 | T40: SET 단가
H41: 표준가공 ( S/T : EA/H) | S41: =G41+R41 -> 0
H42: 표준가공 ( S/T : EA/H) | S42: =G42+R42 -> 0
H43: 표준가공 ( S/T : EA/H) | S43: =G43+R43 -> 0
B44: 16 | C44: COLLAR ( STUB ) | D44: =COVER!B25 -> 316+NICKEL | E44: 1 | F44: =IF(D44="316+NICKEL",Y102,IF(D44="B148 C95400",Z102)) -> 9700 | G44: =F44*E44 -> 9700 | I44: 0 | J44: 0 | K44: 0 | L44: 0 | M44: 0 | N44: 0 | O44: 1000 | P44: 0 | Q44: 0 | R44: 0 | S44: =G44+R44 -> 9700 | T44: SET 단가
B45: 17 | C45: END COVER GASKET | D45: 316L+G/P | E45: 1 | F45: =Y87 -> 2670 | G45: =F45*E45 -> 2670 | H45: 0 | I45: 0 | J45: 0 | K45: 0 | L45: 0 | M45: 0 | N45: 0 | O45: 0 | P45: 0 | R45: 0 | S45: =G45+R45 -> 2670 | W45: =G24/9500 -> 13.421053
B46: 18 | C46: END COVER | D46: =COVER!B29 -> SS400 | E46: 1 | F46: =IF(D46="SS400",Y107,IF(D46="SS316",Z107,IF(D46="SS304",AA107))) -> 7370 | G46: =F46*E46 -> 7370 | I46: =I47*I48 -> 4597.92 | J46: 0 | K46: 0 | L46: 0 | M46: 0 | N46: 0 | O46: 0 | P46: 0 | Q46: 0 | R46: 8000 | S46: =G46+R46 -> 15370
H47: 표준가공 ( S/T : EA/H) | I47: 0.3 | S47: =G47+R47 -> 0
H48: 표준가공 ( S/T : EA/H) | I48: =I49/10 -> 15326.4 | S48: =G48+R48 -> 0
H49: 표준가공 ( S/T : EA/H) | I49: 153264 | S49: =G49+R49 -> 0
B50: 19 | C50: END COVER BOLT | D50: =COVER!B22 -> B7(다크로) | E50: 6 | F50: =IF(D50="B8",Y94,IF(D50="B8M",Z94,IF(D50="B7(다크로)",AA94))) -> 1500 | G50: =E50*F50 -> 9000 | I50: 0 | J50: 0 | K50: 0 | L50: 0 | M50: 0 | N50: 0 | O50: 0 | P50: 0 | Q50: 0 | R50: 0 | S50: =G50+R50 -> 9000
B51: 20 | C51: DISC PIN | D51: =D24 -> A564T630 | E51: 3 | F51: =IF(D51="A276T316",Y80/E51,IF(D51="A276T316L",Y80/E51,IF(D51="A276T304",Z80/E51,IF(D51="A564T630",AA80/E51,IF(D51="A479T410",AB80/E51,IF(D51="UNS S31803",AC80/E51,IF(D51="UNS S32750",AD80/E51,IF(D51="MONEL K-400",AE80/E51,IF(D51="MONEL K-500",AE80/E51))))))))) -> 450 | G51: =F51*E51 -> 1350 | I51: 0 | J51: 0 | K51: 0 | L51: 0 | M51: 0 | N51: 0 | O51: 1000 | P51: 0 | Q51: 0 | R51: =2100*E51 -> 6300 | S51: =G51+R51 -> 7650
B52: 21 | C52: TOP COVER BOLT | D52: =COVER!B22 -> B7(다크로) | E52: 4 | F52: =IF(D52="B8",Y90,IF(D52="B8M",Z90,IF(D52="B7(다크로)",AA90))) -> 4300 | G52: =F52*E52 -> 17200 | I52: 0 | J52: 0 | K52: 0 | L52: 0 | M52: 0 | N52: 1000 | O52: 1000 | P52: 1000 | Q52: 0 | R52: 0 | S52: =G52+R52 -> 17200
B53: 22 | C53: GEAR BOX PLATE | D53: =COVER!B26 -> 316+NICKEL | E53: 1 | F53: =IF(D53="316+NICKEL",Y103,IF(D53="B148 C95400",Z103)) -> 12700 | G53: =F53*E53 -> 12700 | R53: 0 | S53: =G53+R53 -> 12700
B54: 23 | C54: GEAR BOX KEY | E54: 1 | F54: 2000 | G54: =E54*F54 -> 2000 | I54: 0 | J54: 0 | K54: 0 | L54: 0 | M54: 0 | N54: 0 | O54: 0 | P54: 1000 | Q54: 0 | R54: 0 | S54: =G54+R54 -> 2000
B55: 24 | C55: GEAR BOX | D55: =COVER!B35 -> GEAR | E55: 1 | F55: =IF(D55="GEAR",262800,IF(D55="MOTOR",0,IF(D55="PNEUMATIC",0))) -> 262800 | G55: =F55 -> 262800 | I55: 0 | J55: 0 | K55: 0 | L55: 0 | M55: 0 | N55: 0 | O55: 0 | P55: 0 | Q55: 0 | R55: 0 | S55: =G55+R55 -> 262800
B56: 25 | C56: TOP COVER | D56: =COVER!B30 -> WCB | E56: 19 | F56: =IF(D56="WCB",4000,IF(D56="CF8M",9000)) -> 4000 | G56: =E56*F56 -> 76000 | R56: =IF(D56="WCB",AA109,IF(D56="CF8M",AB109)) -> 32400 | S56: =G56+R56 -> 108400
B57: 26 | C57: THRUST BEARING | D57: =COVER!B27 -> 316+NICKEL | E57: 2 | F57: =IF(D57="316+NICKEL",Y104,IF(D57="B148 C95400",Z104)) -> 21400 | G57: =F57 -> 21400 | R57: 0 | S57: =G57+R57 -> 21400 | T57: SET 단가
B58: 27 | C58: BEARING | D58: =COVER!B28 -> 316+NICKEL | E58: 2 | F58: =IF(D58="316+NICKEL",Y105,IF(D58="B148 C95400",Z105)) -> 3430 | G58: =F58 -> 3430 | R58: 0 | S58: =G58+R58 -> 3430 | T58: SET 단가
B59: 28 | C59: GEAR BOX BOLT | D59: =COVER!B22 -> B7(다크로) | E59: 8 | F59: =IF(D59="B8",Y89,IF(D59="B8M",Z89,IF(D59="B7(다크로)",AA89))) -> 1500 | G59: =E59*F59 -> 12000 | I59: 0 | J59: 0 | K59: 0 | L59: 0 | M59: 0 | N59: 0 | O59: 0 | P59: 0 | Q59: 0 | R59: 0 | S59: =G59+R59 -> 12000
B60: 29 | C60: PAINTING | D60: =COVER!B32 -> 외주 2COATING | E60: 1 | F60: =IF(COVER!B10="APPLICATION",0,IF(D60="기존 단가",Y116,IF(D60="외주 2COATING",Z116,IF(D60="외주 3COATING",AA116)))) -> 0 | G60: =E60*F60 -> 0 | I60: 0 | J60: 0 | K60: 0 | L60: 0 | M60: 0 | N60: 0 | O60: 0 | P60: 0 | Q60: 0 | R60: 0 | S60: =G60+R60 -> 0
B61: 30 | C61: ASSEMBLY | D61: =COVER!B33 -> 신규 | E61: 1 | F61: =IF(COVER!B10="APPLICATION",0,IF(D61="기존 단가",Y118,IF(D61="신규",Z118))) -> 0 | G61: =E61*F61 -> 0 | I61: 0 | J61: 0 | K61: 0 | L61: 0 | M61: 0 | N61: 0 | O61: 0 | P61: 0 | Q61: 0 | R61: 0 | S61: =G61+R61 -> 0
A62: 포 장 비 ( 실비 적용 ) | G62: =IF(COVER!B10="APPLICATION",0,IF(D55="GEAR",Y120,IF(D55="MOTOR",Z120,IF(D55="PNEUMATIC",AA120)))) -> 0 | S62: =G62+R62 -> 0
A63: 운 송 비 ( 실비 적용 ) | T63: DELETED
A64: 합 계 ( 제조원가 ) | S64: =SUM(S8:S63) -> 2571970 | T64: 제조원가
A65: 일반관리 ( 10 % ) | G65: 0.1 | S65: =S64*G65 -> 257197
A66: 영업이익 ( 10 % ) | G66: 0.1 | S66: =(S64+S65)*G66 -> 282916.7
A67: 표준원가 [재료비+가공비+일반관리비+영업이익(+포장비+운송비+후처리) ] | S67: =S64+S65+S66 -> 3112083.7 | T67: 표준원가
A68: FACTOR 적용 | G68: =COVER!B11 -> 1.5 | S68: =S67*G68 -> 4668125.6
A69: 견적 적용 금액 ( A or B ) | R69: A | S69: =S68 -> 4668125.6 | T69: 표준원가 X FACTOR 적용 | V69: DISC SEAT TYPE TRIPLE OFFSET BFV 원가 TABLE
R70: B | S70: =S64*G68 -> 3857955 | T70: 제조원가 X FACTOR 적용 | V70: DN250 300LB
C72: ▣ 표준원가 = 재료비 + 가공비 + 일반관리비 + 영업이익(+포장비+운반비+후가공비) | V72: PART | W72: 규격 | X72: 수량/단중 | Y72: 단가 | AF72: REAMRK
C73: ▣ 재료비 =[【 (NET+S/R) * (1+조건LOSS+가공LOSS) * 원자재가】- 회수재료비]+매입부품비 | V73: BODY | W73: FLANGE TYPE | X73: 144KG | Y73: 재질/업체별 단가 적용 | AF73: 재질별 단가표 참조
C74: ▣ 가공비 = 적용기계별 가공임률 적용 | W74: LUG TYPE | X74: - | Y74: 재질/업체별 단가 적용 | AF74: 재질별 단가표 참조
C75: ▣ 일반관리비 = [재료비*재료비 일반관리율]+[가공비* 가공비 일반관리율] | V75: DISC | W75: 공용 | X75: 10KG | Y75: 재질/업체별 단가 적용 | AF75: 재질별 단가표 참조
C76: ▣ 영업이익 = 가공비 * 이익율 | V76: BODY STELLITE | W76: SUS+#6 | X76: 156000
C77: ▣ 포장비 = 실비인정(포장재가÷회전수÷포장수량 | W77: WCB+309+#6 | X77: 218400
C78: ▣ 운반비 = [기준운반비÷적재수량]-[가공일반비율*80] | V78: STEM | W78: Ø50 * 877L | X78: 1EA | Y78: 316L | Z78: 304 | AA78: 630(H1150) | AB78: 410 C.2 | AC78: S31803 | AD78: S32750 | AE78: MONEL K-500
Y79: 81830 | Z79: 58930 | AA79: 111220 | AB79: 47790 | AC79: 111220 | AD79: 145457 | AE79: 800800 | AF79: 소재비/EA
C80: 【 임율산출근거】 | V80: DISC PIN | W80: Ø19 * 86L | X80: 2EA | Y80: 2000 | Z80: 1440 | AA80: 1350 | AB80: 1240 | AC80: 3400 | AD80: 5256 | AE80: 22000 | AF80: SET 단가
C81: ⓐ 가동율 = 24시간의 92%, 가동시간=22HR/일 | V81: SEAT GLAND | W81: Ø110.5 * Ø210 * 16T | X81: 1EA | Y81: 304 | Z81: 316L | AA81: 가공비
C82: ⓑ 기계감가상각비 = 기계취득가격÷5년÷300일 | Y82: 30000 | Z82: 38000 | AA82: 42000
C83: ⓒ 건물감가상각비 = 기계고유면적(3평)×5×100만원/평÷50년÷300일 | V83: LAMINATE SEAT | W83: Ø169.5 * Ø233 * 15T(316L 3T 4EA+G/P 1T 3EA) | X83: 1EA | Y83: SUS 소재비 | Z83: 제작비
C84: ⓓ 전력비 = 산업전력단가(70원)×전력용량×24HR | Y84: 27200 | Z84: 41000 | AF84: 1SET 분
C85: ⓔ 용수비 = 냉각수유량×단가(￦30/ton)×24HR | V85: SEAT GASKET | W85: Ø189 * Ø177 * 1.5T | X85: TH4000T | Y85: 9000 | AF85: 택 1
C86: ⓕ OIL비 = (￦193,300/200L×2회/년÷300일)×OIL탱크용량 | W86: Ø189 * Ø177 * 3.2T | X86: 316L+G/P | Y86: 8000
C87: ⓖ 공통비 = 기계가격×6%÷300일 | V87: END GASKET | W87: Ø82 * Ø69 * 3.2T | X87: 316L+G/P | Y87: 2670
C88: ⓗ 인건비 = 시급당 ￦4,370 시급기준[4대보험,식대,기타 포함/12년03월29일 기준] | V88: ASS'Y BOLT | Y88: B8 | Z88: B8M | AA88: B7(다크로)
V89: GEARBOX BOLT | W89: M16 * 70L, STUD/N/SW | X89: 8EA | Y89: 2000 | Z89: 2500 | AA89: 1500 | AF89: 단가*수량
V90: TOP COVER BOLT | W90: M24 * 120L, STUD/2N/2SW | X90: 4EA | Y90: 7000 | Z90: 7800 | AA90: 4300 | AF90: 단가*수량
C91: 【 생산량 산출근거 】 | V91: SEAT GLAND BOLT | W91: M10 * 16L, WRENCH | X91: 4EA | Y91: 300 | Z91: 500 | AA91: 300 | AF91: 단가*수량
C92: ⓐ 생산량 = 최적생산량×(1-저하요인) | V92: SEAT GLAND BOLT | W92: M10 * 20L, WRENCH | X92: 12EA | Y92: 300 | Z92: 500 | AA92: 300 | AF92: 단가*수량
C93: ⓑ 최적생산량 = 1일 생산 수량 | V93: PACKING GLAND BOLT | W93: M16 * 105L, STUD/N/SW | X93: 6EA | Y93: 2500 | Z93: 3500 | AA93: 1500 | AF93: 단가*수량
V94: END COVER BOLT | W94: M16 * 45L, HEX/SW | X94: 6EA | Y94: 1500 | Z94: 2000 | AA94: 1500 | AF94: 단가*수량
V95: PACKING(6617+6710) | W95: Ø50 * Ø69 * 47.5H(5단) | X95: 1EA | Y95: 24000
V96: BUSH/BEARING | Y96: 316+NICKEL | Z96: B148 C95400
V97: MAIN BUSH | W97: Ø50 * Ø60 * 89.5L | X97: 2EA | Y97: 81200 | Z97: 61200 | AF97: SET 단가
W98: Ø50 * Ø60 * 39L | X98: 1EA | Y98: 25600 | Z98: 16600 | AF98: SET 단가
V99: STUB BUSH | W99: Ø50 * Ø60 * 89.5L | X99: 1EA | Y99: 40600 | Z99: 30600 | AF99: SET 단가
W100: Ø50 * Ø60 * 83L | X100: 1EA | Y100: 38800 | Z100: 29600 | AF100: SET 단가
V101: PACKING GLAND | W101: Ø50.5 * Ø68.8 * Ø138(15+25) | X101: 1EA | Y101: 45700 | Z101: 88600 | AF101: SET 단가
V102: COLLAR | W102: Ø32.1 * Ø59.9 * 10T | X102: 1EA | Y102: 9700 | Z102: 8900 | AF102: SET 단가
...

Sheet 300-300LB
A1: TREIPLE VALVE 원가분석 ( 300# FLANGE SHORT)
T2: 단위 : 원
A3: SIZE | C3: DN 300 | D3: CLASS | E3: 300LB | F3: TYPE | G3: =COVER!B9 -> FLANGE | H3: TRIPLE 가공공정 | R3: F TO F | S3: API 609 CAT'- B SHROT PATTERN | T3: REMARK
A5: NO. | C5: DESCRIPTION | D5: MATERIAL | E5: 재료비 | H5: ST | I5: 세부 가공비 | R5: 가공비 | S5: 소 계 ( 재료비 + 가공비 )
I6: A | J6: B | K6: C | L6: D | M6: E | N6: F | O6: G | P6: H | Q6: I
E7: 중량 | F7: 단가 | G7: 소재비 | I7: 터닝/선반 | J7: 레디알 | K7: 보링 | L7: 터닝/선반 | M7: 동시보링 | N7: 레이알 | O7: 선반 | P7: 밀링 | Q7: 기타
A8: S T A N D A R D | B8: 1 | C8: =COVER!A14 -> BODY(LUG) | D8: =COVER!B14 -> 0 | E8: =102*1.2 -> 122.4 | F8: =COVER!C14 -> 0 | G8: =F8*E8 -> 0 | I8: =I10*I9 -> 3.6001489e+13 | J8: =J10*J9 -> 4.3341753e+13 | K8: =K10*K9 -> 1.6833509e+14 | L8: =L10*L9 -> 5.0670662e+14 | M8: =M10*M9 -> 6.3241734e+14 | N8: =N10*N9 -> 4.6528628e+13 | O8: =O10*O9 -> 0 | P8: =P10*P9 -> 0 | Q8: =Q10*Q9 -> 10000000000000 | R8: =IF(COVER!C14>0,290000*1.2,0) -> 0 | S8: =G8+R8 -> 0 | T8: LUG
B9: 1-1 | C9: =COVER!A15 -> BODY(FLANGE) | D9: =COVER!B15 -> A216 WCB | E9: 206 | F9: =COVER!C15 -> 4300 | G9: =F9*E9 -> 885800 | I9: =I11*I10 -> 2.3489854e+09 | J9: =J11*J10 -> 2.658302e+09 | K9: =K11*K10 -> 6.5682514e+09 | L9: =L11*L10 -> 1.3693182e+10 | M9: =M11*M10 -> 1.5873372e+10 | N9: =N11*N10 -> 2.7870633e+09 | O9: =O11*O10 -> 0 | P9: =P11*P10 -> 0 | Q9: =Q11*Q10 -> 1000000000 | R9: =IF(COVER!C15>0,300000*1.2,0) -> 360000 | S9: =G9+R9 -> 1245800 | T9: FLANGE | V9: =R9 -> 360000
H10: 기계임률 / H | I10: =I11/10 -> 15326.4 | J10: =J11/10 -> 16304.3 | K10: =K11/10 -> 25628.6 | L10: =L11/10 -> 37004.3 | M10: =M11/10 -> 39841.4 | N10: =N11/10 -> 16694.5 | O10: =O11/10 -> 0 | P10: =P11/10 -> 0 | Q10: =Q11/10 -> 10000 | S10: =G10+R10 -> 0
H11: 기계임률 / DAY (10시간) | I11: 153264 | J11: 163043 | K11: 256286 | L11: 370043 | M11: 398414 | N11: 166945 | O11: 0 | P11: 0 | Q11: 100000 | S11: =G11+R11 -> 0
B12: 2 | C12: DISC | D12: =COVER!B16 -> A216 WCB | E12: 33 | F12: =COVER!C16 -> 4300 | G12: =F12*E12 -> 141900 | I12: =I13*I14 -> 15326.4 | J12: =J13*J14 -> 0 | K12: =K13*K14 -> 16304.3 | L12: =L13*L14 -> 22970 | M12: =M13*M14 -> 0 | N12: =N13*N14 -> 0 | O12: =O13*O14 -> 0 | P12: =P13*P14 -> 0 | Q12: =Q13*Q14 -> 4000 | R12: 207000 | S12: =G12+R12 -> 348900
H13: 표준가공 ( S/T : EA/H) | I13: 1 | J13: 0 | K13: 1 | L13: 1 | M13: 0 | N13: 0 | Q13: 0.4 | S13: =G13+R13 -> 0
H14: 기계임률 / H | I14: =I15/10 -> 15326.4 | J14: =J15/10 -> 16304.3 | K14: =K15/10 -> 16304.3 | L14: =L15/10 -> 22970 | M14: =M15/10 -> 39841.4 | N14: =N15/10 -> 16694.5 | O14: =O15/10 -> 0 | P14: =P15/10 -> 0 | Q14: =Q15/10 -> 10000 | S14: =G14+R14 -> 0
H15: 기계임률 / DAY | I15: 153264 | J15: 163043 | K15: 163043 | L15: 229700 | M15: 398414 | N15: 166945 | O15: 0 | P15: 0 | Q15: 100000 | S15: =G15+R15 -> 0
B16: 3 | C16: STELLITE on BODY | D16: =COVER!B19 -> WCB+309+#6 | E16: 1 | F16: =IF(D16="SUS+#6",X76,IF(D16="WCB+309+#6",X77)) -> 224200 | G16: =F16*E16 -> 224200 | I16: 0 | J16: 0 | K16: 0 | L16: 0 | M16: 0 | N16: 0 | O16: 0 | P16: 0 | Q16: 0 | R16: 0 | S16: =G16+R16 -> 224200
B17: 4 | C17: DISC SEAT | D17: =COVER!B18 -> A240T316L+GARPHITE | E17: 1 | F17: =IF(D17="A240T316L+GARPHITE",Y84+Z84) -> 72100 | G17: =F17*E17 -> 72100 | I17: 0 | J17: 0 | K17: 0 | L17: 0 | M17: 0 | N17: 0 | O17: 0 | P17: 0 | Q17: 0 | R17: =Z84*1.3 -> 52000 | S17: =G17+R17 -> 124100
B18: 5 | C18: SEAT GLAND | D18: =COVER!B20 -> SS316L | E18: 1 | F18: =IF(D18="SS304",Y82,IF(D18="SS316L",Z82)) -> 76000 | G18: =E18*F18 -> 76000 | I18: =I19*I20 -> 7663.2 | J18: =J19*J20 -> 8152.15 | K18: =K19*K20 -> 0 | L18: =L19*L20 -> 0 | M18: =M19*M20 -> 0 | N18: =N19*N20 -> 0 | O18: =O19*O20 -> 0 | P18: =P19*P20 -> 0 | Q18: =Q19*Q20 -> 2000 | R18: =AA82*1.5 -> 72000 | S18: =G18+R18 -> 148000
G19: =E19*F19 -> 0 | H19: 표준가공 ( S/T : EA/H) | I19: 0.5 | J19: 0.5 | Q19: 0.2 | S19: =G19+R19 -> 0
G20: =E20*F20 -> 0 | H20: 표준가공 ( S/T : EA/H) | I20: =I21/10 -> 15326.4 | J20: =J21/10 -> 16304.3 | K20: =K21/10 -> 0 | L20: =L21/10 -> 0 | M20: =M21/10 -> 0 | N20: =N21/10 -> 0 | O20: =O21/10 -> 0 | P20: =P21/10 -> 0 | Q20: =Q21/10 -> 10000 | S20: =G20+R20 -> 0
G21: =E21*F21 -> 0 | H21: 표준가공 ( S/T : EA/H) | I21: 153264 | J21: 163043 | Q21: 100000 | S21: =G21+R21 -> 0
B22: 6 | C22: DISC SEAT Ret-Gasket | D22: 316L+G/P | E22: 1 | F22: =Y85 -> 12000 | G22: =F22*E22 -> 12000 | I22: 0 | J22: 0 | K22: 0 | L22: 0 | M22: 0 | N22: 0 | O22: 0 | P22: 0 | Q22: 0 | R22: 0 | S22: =G22+R22 -> 12000
B23: 7 | C23: SEAT GLAND BOLT | D23: =COVER!B21 -> B7(다크로) | E23: 20 | F23: =IF(D23="B8",Y92,IF(D23="B8M",Z92,IF(D23="B7(다크로)",AA92))) -> 300 | G23: =F23*E23 -> 6000 | I23: 0 | J23: 0 | K23: 0 | L23: 0 | M23: 0 | N23: 0 | O23: 0 | P23: 0 | Q23: 0 | R23: 0 | S23: =G23+R23 -> 6000
B24: 8 | C24: STEM | D24: =COVER!B17 -> A564T630 | E24: 12 | F24: =COVER!C17 -> 8500 | G24: =F24*E24 -> 102000 | I24: =I25*I26 -> 7663.2 | J24: =J25*J26 -> 0 | K24: =K25*K26 -> 0 | L24: =L25*L26 -> 0 | M24: =M25*M26 -> 0 | N24: =N25*N26 -> 0 | O24: =O25*O26 -> 0 | P24: =P25*P26 -> 0 | Q24: =Q25*Q26 -> 1000 | R24: =R12*0.3 -> 62100 | S24: =G24+R24 -> 164100
H25: 표준가공 ( S/T : EA/H) | I25: 0.5 | Q25: 0.1 | S25: =G25+R25 -> 0
H26: 표준가공 ( S/T : EA/H) | I26: =I27/10 -> 15326.4 | Q26: =Q27/10 -> 10000 | S26: =G26+R26 -> 0
H27: 표준가공 ( S/T : EA/H) | I27: 153264 | Q27: 100000 | S27: =G27+R27 -> 0
B28: 9 | C28: PACKING | D28: PILLAR | E28: 1 | F28: 21900 | G28: =E28*F28 -> 21900 | R28: 0 | S28: =G28+R28 -> 21900
B29: 10 | C29: PACKING GLAND | D29: =COVER!B24 -> A351 CF8M | E29: 1 | F29: =IF(D29="A351 CF8M",Y99,IF(D29="B148 C95400",Z99)) -> 39500 | G29: =F29*E29 -> 39500 | I29: =I30*I31 -> 3065.28 | J29: =J30*J31 -> 3260.86 | K29: =K30*K31 -> 0 | L29: =L30*L31 -> 0 | M29: =M30*M31 -> 0 | N29: =N30*N31 -> 0 | O29: =O30*O31 -> 0 | P29: =P30*P31 -> 0 | Q29: =Q30*Q31 -> 0 | R29: 0 | S29: =G29+R29 -> 39500
H30: 표준가공 ( S/T : EA/H) | I30: 0.2 | J30: 0.2 | S30: =G30+R30 -> 0
H31: 표준가공 ( S/T : EA/H) | I31: =I32/10 -> 15326.4 | J31: =J32/10 -> 16304.3 | S31: =G31+R31 -> 0
H32: 표준가공 ( S/T : EA/H) | I32: 153264 | J32: 163043 | S32: =G32+R32 -> 0
B33: 11 | C33: PACKING PLATE | D33: =COVER!B26 -> 316+NICKEL | E33: 1 | F33: =IF(D33="316+NICKEL",Y102,IF(D33="B148 C95400",Z102)) -> 19000 | G33: =F33*E33 -> 19000 | I33: =I34*I35 -> 4597.92 | J33: =J34*J35 -> 0 | K33: =K34*K35 -> 0 | L33: =L34*L35 -> 0 | M33: =M34*M35 -> 0 | N33: =N34*N35 -> 0 | O33: =O34*O35 -> 0 | P33: =P34*P35 -> 0 | Q33: =Q34*Q35 -> 0 | R33: 0 | S33: =G33+R33 -> 19000 | T33: SET 단가
H34: 표준가공 ( S/T : EA/H) | I34: 0.3 | S34: =G34+R34 -> 0
H35: 표준가공 ( S/T : EA/H) | I35: =I36/10 -> 15326.4 | S35: =G35+R35 -> 0
H36: 표준가공 ( S/T : EA/H) | I36: 153264 | S36: =G36+R36 -> 0
B37: 12 | C37: PACKING GLAND BOLT / NUT | D37: =COVER!B22 -> B7(다크로) | E37: 6 | F37: =IF(D37="B8",Y93,IF(D37="B8M",Z93,IF(D37="B7(다크로)",AA93))) -> 1500 | G37: =E37*F37 -> 9000 | I37: 0 | J37: 0 | K37: 0 | L37: 0 | M37: 0 | N37: 0 | O37: 0 | P37: 0 | Q37: 0 | R37: 0 | S37: =G37+R37 -> 9000
B38: 13 | C38: LIVE LOADING SPRING | E38: 1 | F38: 3000 | G38: =E38*F38 -> 3000 | I38: 0 | J38: 0 | K38: 0 | L38: 0 | M38: 0 | N38: 0 | O38: 0 | P38: 0 | Q38: 0 | R38: 0 | S38: =G38+R38 -> 3000
B39: 14 | C39: BUSH(MAIN) | D39: =COVER!B23 -> 316+NICKEL | E39: 2 | F39: =IF(D39="316+NICKEL",Y97,IF(D39="B148 C95400",Z97)) -> 66800 | G39: =F39*1 -> 66800 | I39: =I40*I41 -> 0 | J39: =J40*J41 -> 0 | K39: =K40*K41 -> 0 | L39: =L40*L41 -> 0 | M39: =M40*M41 -> 0 | N39: =N40*N41 -> 0 | O39: =O40*O41 -> 0 | P39: =P40*P41 -> 0 | Q39: =Q40*Q41 -> 0 | R39: 0 | S39: =G39+R39 -> 66800 | T39: SET 단가
B40: 15 | C40: BUSH(STUB) | D40: =COVER!B23 -> 316+NICKEL | E40: 2 | F40: =IF(D40="316+NICKEL",Y98,IF(D40="B148 C95400",Z98)) -> 56000 | G40: =F40*1 -> 56000 | I40: =I41*I42 -> 0 | J40: =J41*J42 -> 0 | K40: =K41*K42 -> 0 | L40: =L41*L42 -> 0 | M40: =M41*M42 -> 0 | N40: =N41*N42 -> 0 | O40: =O41*O42 -> 0 | P40: =P41*P42 -> 0 | Q40: =Q41*Q42 -> 0 | R40: 0 | S40: =G40+R40 -> 56000 | T40: SET 단가
H41: 표준가공 ( S/T : EA/H) | S41: =G41+R41 -> 0
H42: 표준가공 ( S/T : EA/H) | S42: =G42+R42 -> 0
H43: 표준가공 ( S/T : EA/H) | S43: =G43+R43 -> 0
B44: 16 | C44: COLLAR ( STUB ) | D44: =COVER!B25 -> 316+NICKEL | E44: 1 | F44: =IF(D44="316+NICKEL",Y100,IF(D44="B148 C95400",Z100)) -> 8600 | G44: =F44*E44 -> 8600 | I44: 0 | J44: 0 | K44: 0 | L44: 0 | M44: 0 | N44: 0 | O44: 1000 | P44: 0 | Q44: 0 | R44: 0 | S44: =G44+R44 -> 8600 | T44: SET 단가
B45: 17 | C45: END COVER GASKET | D45: 316L+G/P | E45: 1 | F45: =Y87 -> 2520 | G45: =F45*E45 -> 2520 | H45: 0 | I45: 0 | J45: 0 | K45: 0 | L45: 0 | M45: 0 | N45: 0 | O45: 0 | P45: 0 | R45: 0 | S45: =G45+R45 -> 2520
B46: 18 | C46: END COVER | D46: =COVER!B29 -> SS400 | E46: 1 | F46: =IF(D46="SS400",Y105,IF(D46="SS316",Z105,IF(D46="SS304",AA105))) -> 6380 | G46: =F46*E46 -> 6380 | I46: =I47*I48 -> 4597.92 | J46: 0 | K46: 0 | L46: 0 | M46: 0 | N46: 0 | O46: 0 | P46: 0 | Q46: 0 | R46: 8000 | S46: =G46+R46 -> 14380
H47: 표준가공 ( S/T : EA/H) | I47: 0.3 | S47: =G47+R47 -> 0
H48: 표준가공 ( S/T : EA/H) | I48: =I49/10 -> 15326.4 | S48: =G48+R48 -> 0
H49: 표준가공 ( S/T : EA/H) | I49: 153264 | S49: =G49+R49 -> 0
B50: 19 | C50: END COVER BOLT | D50: =COVER!B22 -> B7(다크로) | E50: 6 | F50: =IF(D50="B8",Y94,IF(D50="B8M",Z94,IF(D50="B7(다크로)",AA94))) -> 1500 | G50: =E50*F50 -> 9000 | I50: 0 | J50: 0 | K50: 0 | L50: 0 | M50: 0 | N50: 0 | O50: 0 | P50: 0 | Q50: 0 | R50: 0 | S50: =G50+R50 -> 9000
B51: 20 | C51: DISC PIN | D51: =D24 -> A564T630 | E51: 3 | F51: =IF(D51="A276T316",Y80/E51,IF(D51="A276T316L",Y80/E51,IF(D51="A276T304",Z80/E51,IF(D51="A564T630",AA80/E51,IF(D51="A479T410",AB80/E51,IF(D51="UNS S31803",AC80/E51,IF(D51="UNS S32750",AD80/E51,IF(D51="MONEL K-400",AE80/E51,IF(D51="MONEL K-500",AE80/E51))))))))) -> 1125 | G51: =F51*E51 -> 3375 | I51: 0 | J51: 0 | K51: 0 | L51: 0 | M51: 0 | N51: 0 | O51: 1000 | P51: 0 | Q51: 0 | R51: =2400*E51 -> 7200 | S51: =G51+R51 -> 10575
B52: 21 | C52: TOP COVER BOLT | D52: =COVER!B22 -> B7(다크로) | E52: 4 | F52: =IF(D52="B8",Y90,IF(D52="B8M",Z90,IF(D52="B7(다크로)",AA90))) -> 4300 | G52: =F52*E52 -> 17200 | I52: 0 | J52: 0 | K52: 0 | L52: 0 | M52: 0 | N52: 1000 | O52: 1000 | P52: 1000 | Q52: 0 | R52: 0 | S52: =G52+R52 -> 17200
B53: 22 | C53: GEAR BOX PLATE | D53: =COVER!B26 -> 316+NICKEL | E53: 1 | F53: =IF(D53="316+NICKEL",Y101,IF(D53="B148 C95400",Z101)) -> 21000 | G53: =F53*E53 -> 21000 | R53: 0 | S53: =G53+R53 -> 21000
B54: 23 | C54: GEAR BOX KEY | E54: 1 | F54: 2000 | G54: =E54*F54 -> 2000 | I54: 0 | J54: 0 | K54: 0 | L54: 0 | M54: 0 | N54: 0 | O54: 0 | P54: 1000 | Q54: 0 | R54: 0 | S54: =G54+R54 -> 2000
B55: 24 | C55: GEAR BOX | D55: =COVER!B35 -> GEAR | E55: 1 | F55: =IF(D55="GEAR",262800,IF(D55="MOTOR",0,IF(D55="PNEUMATIC",0))) -> 262800 | G55: =F55 -> 262800 | I55: 0 | J55: 0 | K55: 0 | L55: 0 | M55: 0 | N55: 0 | O55: 0 | P55: 0 | Q55: 0 | R55: 0 | S55: =G55+R55 -> 262800
B56: 25 | C56: TOP COVER | D56: =COVER!B30 -> WCB | E56: 19 | F56: =IF(D56="WCB",4000,IF(D56="CF8M",9000)) -> 4000 | G56: =E56*F56 -> 76000 | R56: =IF(D56="WCB",AA107,IF(D56="CF8M",AB107)) -> 32400 | S56: =G56+R56 -> 108400
B57: 26 | C57: THRUST BEARING | D57: =COVER!B27 -> 316+NICKEL | E57: 2 | F57: =IF(D57="316+NICKEL",Y102,IF(D57="B148 C95400",Z102)) -> 19000 | G57: =F57 -> 19000 | R57: 0 | S57: =G57+R57 -> 19000 | T57: SET 단가
B58: 27 | C58: BEARING | D58: =COVER!B28 -> 316+NICKEL | E58: 2 | F58: =IF(D58="316+NICKEL",Y103,IF(D58="B148 C95400",Z103)) -> 2940 | G58: =F58 -> 2940 | R58: 0 | S58: =G58+R58 -> 2940 | T58: SET 단가
B59: 28 | C59: GEAR BOX BOLT | D59: =COVER!B22 -> B7(다크로) | E59: 4 | F59: =IF(D59="B8",Y89,IF(D59="B8M",Z89,IF(D59="B7(다크로)",AA89))) -> 2500 | G59: =E59*F59 -> 10000 | I59: 0 | J59: 0 | K59: 0 | L59: 0 | M59: 0 | N59: 0 | O59: 0 | P59: 0 | Q59: 0 | R59: 0 | S59: =G59+R59 -> 10000
B60: 29 | C60: PAINTING | D60: =COVER!B32 -> 외주 2COATING | E60: 1 | F60: =IF(COVER!B10="APPLICATION",0,IF(D60="기존 단가",Y116,IF(D60="외주 2COATING",Z116,IF(D60="외주 3COATING",AA116)))) -> 0 | G60: =E60*F60 -> 0 | I60: 0 | J60: 0 | K60: 0 | L60: 0 | M60: 0 | N60: 0 | O60: 0 | P60: 0 | Q60: 0 | R60: 0 | S60: =G60+R60 -> 0
B61: 30 | C61: ASSEMBLY | D61: =COVER!B33 -> 신규 | E61: 1 | F61: =IF(COVER!B10="APPLICATION",0,IF(D61="기존 단가",Y118,IF(D61="신규",Z118))) -> 0 | G61: =E61*F61 -> 0 | I61: 0 | J61: 0 | K61: 0 | L61: 0 | M61: 0 | N61: 0 | O61: 0 | P61: 0 | Q61: 0 | R61: 0 | S61: =G61+R61 -> 0
A62: 포 장 비 ( 실비 적용 ) | G62: =IF(COVER!B10="APPLICATION",0,IF(D55="GEAR",Y120,IF(D55="MOTOR",Z120,IF(D55="PNEUMATIC",AA120)))) -> 0 | S62: =G62+R62 -> 0
A63: 운 송 비 ( 실비 적용 ) | T63: DELETED
A64: 합 계 ( 제조원가 ) | S64: =SUM(S8:S63) -> 2976715 | T64: 제조원가
A65: 일반관리 ( 10 % ) | G65: 0.1 | S65: =S64*G65 -> 297671.5
A66: 영업이익 ( 10 % ) | G66: 0.1 | S66: =(S64+S65)*G66 -> 327438.65
A67: 표준원가 [재료비+가공비+일반관리비+영업이익(+포장비+운송비+후처리) ] | S67: =S64+S65+S66 -> 3601825.1 | T67: 표준원가
A68: FACTOR 적용 | G68: =COVER!B11 -> 1.5 | S68: =S67*G68 -> 5402737.7
A69: 견적 적용 금액 ( A or B ) | R69: A | S69: =S68 -> 5402737.7 | T69: 표준원가 X FACTOR 적용 | V69: DISC SEAT TYPE TRIPLE OFFSET BFV 원가 TABLE
R70: B | S70: =S64*G68 -> 4465072.5 | T70: 제조원가 X FACTOR 적용 | V70: DN300 300LB
C72: ▣ 표준원가 = 재료비 + 가공비 + 일반관리비 + 영업이익(+포장비+운반비+후가공비) | V72: PART | W72: 규격 | X72: 수량/단중 | Y72: 단가 | AF72: REAMRK
C73: ▣ 재료비 =[【 (NET+S/R) * (1+조건LOSS+가공LOSS) * 원자재가】- 회수재료비]+매입부품비 | V73: BODY | W73: FLANGE TYPE | X73: 190KG | Y73: 재질/업체별 단가 적용 | AF73: 재질별 단가표 참조
C74: ▣ 가공비 = 적용기계별 가공임률 적용 | W74: LUG TYPE | X74: - | Y74: 재질/업체별 단가 적용 | AF74: 재질별 단가표 참조
C75: ▣ 일반관리비 = [재료비*재료비 일반관리율]+[가공비* 가공비 일반관리율] | V75: DISC | W75: 공용 | X75: 23KG | Y75: 재질/업체별 단가 적용 | AF75: 재질별 단가표 참조
C76: ▣ 영업이익 = 가공비 * 이익율 | V76: BODY STELLITE | W76: SUS+#6 | X76: 160100
C77: ▣ 포장비 = 실비인정(포장재가÷회전수÷포장수량 | W77: WCB+309+#6 | X77: 224200
C78: ▣ 운반비 = [기준운반비÷적재수량]-[가공일반비율*80] | V78: STEM | W78: Ø44 * 934L | X78: 1EA | Y78: 316L | Z78: 304 | AA78: 630(H1150) | AB78: 410 C.2 | AC78: S31803 | AD78: S32750 | AE78: MONEL K-500
Y79: 72030 | Z79: 51830 | AA79: 118590 | AB79: 42185 | AC79: 97820 | AD79: 128037 | AE79: 704000 | AF79: 소재비/EA
C80: 【 임율산출근거】 | V80: DISC PIN | W80: Ø16 * 64L | X80: 3EA | Y80: 1500 | Z80: 1080 | AA80: 3375 | AB80: 1550 | AC80: 2040 | AD80: 3504 | AE80: 26400 | AF80: SET 단가
C81: ⓐ 가동율 = 24시간의 92%, 가동시간=22HR/일 | V81: SEAT GLAND | W81: Ø191.5 * Ø288 * 16.7T | X81: 1EA | Y81: 304 | Z81: 316L | AA81: 가공비
C82: ⓑ 기계감가상각비 = 기계취득가격÷5년÷300일 | Y82: 61000 | Z82: 76000 | AA82: 48000
C83: ⓒ 건물감가상각비 = 기계고유면적(3평)×5×100만원/평÷50년÷300일 | V83: LAMINATE SEAT | W83: Ø237 * Ø295 * 11T(316L 3T 3EA+G/P 1T 2EA) | X83: 1EA | Y83: SUS 소재비 | Z83: 제작비
C84: ⓓ 전력비 = 산업전력단가(70원)×전력용량×24HR | Y84: 32100 | Z84: 40000 | AF84: 1SET 분
C85: ⓔ 용수비 = 냉각수유량×단가(￦30/ton)×24HR | V85: SEAT GASKET | W85: Ø241 * Ø253 * 1.5T | X85: TH4000T | Y85: 12000 | AF85: 택 1
C86: ⓕ OIL비 = (￦193,300/200L×2회/년÷300일)×OIL탱크용량 | W86: Ø241 * Ø253 * 3.2T | X86: 316L+G/P | Y86: 9400
C87: ⓖ 공통비 = 기계가격×6%÷300일 | V87: END GASKET | W87: Ø76 * Ø63 * 3.2T | X87: 316L+G/P | Y87: 2520
C88: ⓗ 인건비 = 시급당 ￦4,370 시급기준[4대보험,식대,기타 포함/12년03월29일 기준] | V88: ASS'Y BOLT | Y88: B8 | Z88: B8M | AA88: B7(다크로)
V89: GEARBOX BOLT | W89: M20 * 75L, STUD/N/SW | X89: 4EA | Y89: 3800 | Z89: 4200 | AA89: 2500 | AF89: 단가*수량
V90: TOP COVER BOLT | W90: M24 * 120L, STUD/2N/2SW | X90: 4EA | Y90: 7000 | Z90: 7800 | AA90: 4300 | AF90: 단가*수량
C91: 【 생산량 산출근거 】 | V91: SEAT GLAND BOLT | W91: M10 * 15L, WRENCH | X91: 2EA | Y91: 300 | Z91: 500 | AA91: 300 | AF91: 단가*수량
C92: ⓐ 생산량 = 최적생산량×(1-저하요인) | V92: SEAT GLAND BOLT | W92: M10 * 20L, WRENCH | X92: 18EA | Y92: 300 | Z92: 500 | AA92: 300 | AF92: 단가*수량
C93: ⓑ 최적생산량 = 1일 생산 수량 | V93: PACKING GLAND BOLT | W93: M16 * 75L, STUD/N/SW | X93: 6EA | Y93: 2000 | Z93: 2500 | AA93: 1500 | AF93: 단가*수량
V94: END COVER BOLT | W94: M16 * 45L, HEX/SW | X94: 6EA | Y94: 1500 | Z94: 2000 | AA94: 1500 | AF94: 단가*수량
V95: PACKING(6617+6710) | W95: Ø44 * Ø63 * 47.5H(5단) | X95: 1EA | Y95: 21900
V96: BUSH/BEARING | Y96: 316+NICKEL | Z96: B148 C95400
V97: MAIN BUSH | W97: Ø44 * Ø51 * 87L | X97: 2EA | Y97: 66800 | Z97: 46800 | AF97: SET 단가
V98: STUB BUSH | W98: Ø44 * Ø51 * 65.5L | X98: 2EA | Y98: 56000 | Z98: 41000 | AF98: SET 단가
V99: PACKING GLAND | W99: Ø44.5 * Ø62.8 * Ø122(15+25) | X99: 1EA | Y99: 39500 | Z99: 51600 | AF99: SET 단가
V100: COLLAR | W100: Ø30.1 * Ø53.9 * 10T | X100: 1EA | Y100: 8600 | Z100: 9600 | AF100: SET 단가
V101: PACKING PLATE | W101: Ø44.1 * Ø63 * 13T | X101: 1EA | Y101: 21000 | Z101: 12600 | AF101: SET 단가
V102: THRUST BEARING | W102: Ø45 * Ø62.9 * 10T | X102: 2EA | Y102: 19000 | Z102: 20800 | AF102: SET 단가
...

Sheet 350-300LB
A1: TREIPLE VALVE 원가분석 ( 300# FLANGE SHORT)
T2: 단위 : 원
A3: SIZE | C3: DN 350 | D3: CLASS | E3: 300LB | F3: TYPE | G3: =COVER!B9 -> FLANGE | H3: TRIPLE 가공공정 | R3: F TO F | S3: API 609 CAT'- B SHROT PATTERN | T3: REMARK
A5: NO. | C5: DESCRIPTION | D5: MATERIAL | E5: 재료비 | H5: ST | I5: 세부 가공비 | R5: 가공비 | S5: 소 계 ( 재료비 + 가공비 )
I6: A | J6: B | K6: C | L6: D | M6: E | N6: F | O6: G | P6: H | Q6: I
E7: 중량 | F7: 단가 | G7: 소재비 | I7: 터닝/선반 | J7: 레디알 | K7: 보링 | L7: 터닝/선반 | M7: 동시보링 | N7: 레이알 | O7: 선반 | P7: 밀링 | Q7: 기타
A8: S T A N D A R D | B8: 1 | C8: =COVER!A14 -> BODY(LUG) | D8: =COVER!B14 -> 0 | E8: =160*1.2 -> 192 | F8: =COVER!C14 -> 0 | G8: =F8*E8 -> 0 | I8: =I10*I9 -> 3.6001489e+13 | J8: =J10*J9 -> 4.3341753e+13 | K8: =K10*K9 -> 1.6833509e+14 | L8: =L10*L9 -> 5.0670662e+14 | M8: =M10*M9 -> 6.3241734e+14 | N8: =N10*N9 -> 4.6528628e+13 | O8: =O10*O9 -> 0 | P8: =P10*P9 -> 0 | Q8: =Q10*Q9 -> 10000000000000 | R8: =IF(COVER!C14>0,340000*1.2,0) -> 0 | S8: =G8+R8 -> 0 | T8: LUG
B9: 1-1 | C9: =COVER!A15 -> BODY(FLANGE) | D9: =COVER!B15 -> A216 WCB | E9: 268 | F9: =COVER!C15 -> 4300 | G9: =F9*E9 -> 1152400 | I9: =I11*I10 -> 2.3489854e+09 | J9: =J11*J10 -> 2.658302e+09 | K9: =K11*K10 -> 6.5682514e+09 | L9: =L11*L10 -> 1.3693182e+10 | M9: =M11*M10 -> 1.5873372e+10 | N9: =N11*N10 -> 2.7870633e+09 | O9: =O11*O10 -> 0 | P9: =P11*P10 -> 0 | Q9: =Q11*Q10 -> 1000000000 | R9: =IF(COVER!C15>0,350000*1.2,0) -> 420000 | S9: =G9+R9 -> 1572400 | T9: FLANGE | V9: =R9 -> 420000
H10: 기계임률 / H | I10: =I11/10 -> 15326.4 | J10: =J11/10 -> 16304.3 | K10: =K11/10 -> 25628.6 | L10: =L11/10 -> 37004.3 | M10: =M11/10 -> 39841.4 | N10: =N11/10 -> 16694.5 | O10: =O11/10 -> 0 | P10: =P11/10 -> 0 | Q10: =Q11/10 -> 10000 | S10: =G10+R10 -> 0
H11: 기계임률 / DAY (10시간) | I11: 153264 | J11: 163043 | K11: 256286 | L11: 370043 | M11: 398414 | N11: 166945 | O11: 0 | P11: 0 | Q11: 100000 | S11: =G11+R11 -> 0
B12: 2 | C12: DISC | D12: =COVER!B16 -> A216 WCB | E12: 40 | F12: =COVER!C16 -> 4300 | G12: =F12*E12 -> 172000 | I12: =I13*I14 -> 15326.4 | J12: =J13*J14 -> 0 | K12: =K13*K14 -> 16304.3 | L12: =L13*L14 -> 45940 | M12: =M13*M14 -> 0 | N12: =N13*N14 -> 0 | O12: =O13*O14 -> 0 | P12: =P13*P14 -> 0 | Q12: =Q13*Q14 -> 4000 | R12: 241500 | S12: =G12+R12 -> 413500
H13: 표준가공 ( S/T : EA/H) | I13: 1 | J13: 0 | K13: 1 | L13: 2 | M13: 0 | N13: 0 | Q13: 0.4 | S13: =G13+R13 -> 0
H14: 기계임률 / H | I14: =I15/10 -> 15326.4 | J14: =J15/10 -> 16304.3 | K14: =K15/10 -> 16304.3 | L14: =L15/10 -> 22970 | M14: =M15/10 -> 39841.4 | N14: =N15/10 -> 16694.5 | O14: =O15/10 -> 0 | P14: =P15/10 -> 0 | Q14: =Q15/10 -> 10000 | S14: =G14+R14 -> 0
H15: 기계임률 / DAY | I15: 153264 | J15: 163043 | K15: 163043 | L15: 229700 | M15: 398414 | N15: 166945 | O15: 0 | P15: 0 | Q15: 100000 | S15: =G15+R15 -> 0
B16: 3 | C16: STELLITE on BODY | D16: =COVER!B19 -> WCB+309+#6 | E16: 1 | F16: =IF(D16="SUS+#6",X76,IF(D16="WCB+309+#6",X77)) -> 340700 | G16: =F16*E16 -> 340700 | I16: 0 | J16: 0 | K16: 0 | L16: 0 | M16: 0 | N16: 0 | O16: 0 | P16: 0 | Q16: 0 | R16: 0 | S16: =G16+R16 -> 340700
B17: 4 | C17: DISC SEAT | D17: =COVER!B18 -> A240T316L+GARPHITE | E17: 1 | F17: =IF(D17="A240T316L+GARPHITE",Y84+Z84) -> 111300 | G17: =F17*E17 -> 111300 | I17: 0 | J17: 0 | K17: 0 | L17: 0 | M17: 0 | N17: 0 | O17: 0 | P17: 0 | Q17: 0 | R17: =Z84*1.3 -> 78000 | S17: =G17+R17 -> 189300
B18: 5 | C18: SEAT GLAND | D18: =COVER!B20 -> SS316L | E18: 1 | F18: =IF(D18="SS304",Y82,IF(D18="SS316L",Z82)) -> 140000 | G18: =E18*F18 -> 140000 | I18: =I19*I20 -> 12261.12 | J18: =J19*J20 -> 13043.44 | K18: =K19*K20 -> 0 | L18: =L19*L20 -> 0 | M18: =M19*M20 -> 0 | N18: =N19*N20 -> 0 | O18: =O19*O20 -> 0 | P18: =P19*P20 -> 0 | Q18: =Q19*Q20 -> 2000 | R18: =AA82*1.5 -> 81000 | S18: =G18+R18 -> 221000
H19: 표준가공 ( S/T : EA/H) | I19: 0.8 | J19: 0.8 | Q19: 0.2 | S19: =G19+R19 -> 0
H20: 표준가공 ( S/T : EA/H) | I20: =I21/10 -> 15326.4 | J20: =J21/10 -> 16304.3 | K20: =K21/10 -> 0 | L20: =L21/10 -> 0 | M20: =M21/10 -> 0 | N20: =N21/10 -> 0 | O20: =O21/10 -> 0 | P20: =P21/10 -> 0 | Q20: =Q21/10 -> 10000 | S20: =G20+R20 -> 0
H21: 표준가공 ( S/T : EA/H) | I21: 153264 | J21: 163043 | Q21: 100000 | S21: =G21+R21 -> 0
B22: 6 | C22: DISC SEAT Ret-Gasket | D22: 316L+G/P | E22: 1 | F22: =Y85 -> 11000 | G22: =F22*E22 -> 11000 | I22: 0 | J22: 0 | K22: 0 | L22: 0 | M22: 0 | N22: 0 | O22: 0 | P22: 0 | Q22: 0 | R22: 0 | S22: =G22+R22 -> 11000
B23: 7 | C23: SEAT GLAND BOLT | D23: =COVER!B21 -> B7(다크로) | E23: 16 | F23: =IF(D23="B8",Y91,IF(D23="B8M",Z91,IF(D23="B7(다크로)",AA91))) -> 500 | G23: =F23*E23 -> 8000 | I23: 0 | J23: 0 | K23: 0 | L23: 0 | M23: 0 | N23: 0 | O23: 0 | P23: 0 | Q23: 0 | R23: 0 | S23: =G23+R23 -> 8000
B24: 8 | C24: STEM | D24: =COVER!B17 -> A564T630 | E24: 34 | F24: =COVER!C17 -> 8500 | G24: =F24*E24 -> 289000 | I24: =I25*I26 -> 7663.2 | J24: =J25*J26 -> 0 | K24: =K25*K26 -> 0 | L24: =L25*L26 -> 0 | M24: =M25*M26 -> 0 | N24: =N25*N26 -> 0 | O24: =O25*O26 -> 0 | P24: =P25*P26 -> 0 | Q24: =Q25*Q26 -> 1000 | R24: =R12*0.3 -> 72450 | S24: =G24+R24 -> 361450
H25: 표준가공 ( S/T : EA/H) | I25: 0.5 | Q25: 0.1 | S25: =G25+R25 -> 0
H26: 표준가공 ( S/T : EA/H) | I26: =I27/10 -> 15326.4 | Q26: =Q27/10 -> 10000 | S26: =G26+R26 -> 0
H27: 표준가공 ( S/T : EA/H) | I27: 153264 | Q27: 100000 | S27: =G27+R27 -> 0
B28: 9 | C28: PACKING | D28: PILLAR | E28: 1 | F28: 58900 | G28: =E28*F28 -> 58900 | R28: 0 | S28: =G28+R28 -> 58900
B29: 10 | C29: PACKING GLAND | D29: =COVER!B24 -> A351 CF8M | E29: 1 | F29: =IF(D29="A351 CF8M",Y100,IF(D29="B148 C95400",Z100)) -> 78100 | G29: =F29*E29 -> 78100 | I29: =I30*I31 -> 3065.28 | J29: =J30*J31 -> 3260.86 | K29: =K30*K31 -> 0 | L29: =L30*L31 -> 0 | M29: =M30*M31 -> 0 | N29: =N30*N31 -> 0 | O29: =O30*O31 -> 0 | P29: =P30*P31 -> 0 | Q29: =Q30*Q31 -> 0 | R29: 0 | S29: =G29+R29 -> 78100
H30: 표준가공 ( S/T : EA/H) | I30: 0.2 | J30: 0.2 | S30: =G30+R30 -> 0
H31: 표준가공 ( S/T : EA/H) | I31: =I32/10 -> 15326.4 | J31: =J32/10 -> 16304.3 | S31: =G31+R31 -> 0
H32: 표준가공 ( S/T : EA/H) | I32: 153264 | J32: 163043 | S32: =G32+R32 -> 0
B33: 11 | C33: PACKING PLATE | D33: =COVER!B26 -> 316+NICKEL | E33: 1 | F33: =IF(D33="316+NICKEL",Y102,IF(D33="B148 C95400",Z102)) -> 18700 | G33: =F33*E33 -> 18700 | I33: =I34*I35 -> 4597.92 | J33: =J34*J35 -> 0 | K33: =K34*K35 -> 0 | L33: =L34*L35 -> 0 | M33: =M34*M35 -> 0 | N33: =N34*N35 -> 0 | O33: =O34*O35 -> 0 | P33: =P34*P35 -> 0 | Q33: =Q34*Q35 -> 0 | R33: 0 | S33: =G33+R33 -> 18700 | T33: SET 단가
H34: 표준가공 ( S/T : EA/H) | I34: 0.3 | S34: =G34+R34 -> 0
H35: 표준가공 ( S/T : EA/H) | I35: =I36/10 -> 15326.4 | S35: =G35+R35 -> 0
H36: 표준가공 ( S/T : EA/H) | I36: 153264 | S36: =G36+R36 -> 0
B37: 12 | C37: PACKING GLAND BOLT / NUT | D37: =COVER!B22 -> B7(다크로) | E37: 6 | F37: =IF(D37="B8",Y92,IF(D37="B8M",Z92,IF(D37="B7(다크로)",AA92))) -> 2000 | G37: =E37*F37 -> 12000 | I37: 0 | J37: 0 | K37: 0 | L37: 0 | M37: 0 | N37: 0 | O37: 0 | P37: 0 | Q37: 0 | R37: 0 | S37: =G37+R37 -> 12000
B38: 13 | C38: LIVE LOADING SPRING | E38: 1 | F38: 3000 | G38: =E38*F38 -> 3000 | I38: 0 | J38: 0 | K38: 0 | L38: 0 | M38: 0 | N38: 0 | O38: 0 | P38: 0 | Q38: 0 | R38: 0 | S38: =G38+R38 -> 3000
B39: 14 | C39: BUSH(MAIN) | D39: =COVER!B23 -> 316+NICKEL | E39: 2 | F39: =IF(D39="316+NICKEL",Y96+Y97,IF(D39="B148 C95400",Z96+Z97)) -> 155800 | G39: =F39*1 -> 155800 | I39: =I40*I41 -> 0 | J39: =J40*J41 -> 0 | K39: =K40*K41 -> 0 | L39: =L40*L41 -> 0 | M39: =M40*M41 -> 0 | N39: =N40*N41 -> 0 | O39: =O40*O41 -> 0 | P39: =P40*P41 -> 0 | Q39: =Q40*Q41 -> 0 | R39: 0 | S39: =G39+R39 -> 155800 | T39: SET 단가
B40: 15 | C40: BUSH(STUB) | D40: =COVER!B23 -> 316+NICKEL | E40: 2 | F40: =IF(D40="316+NICKEL",Y98+Y99,IF(D40="B148 C95400",Z98+Z99)) -> 128900 | G40: =F40*1 -> 128900 | I40: =I41*I42 -> 0 | J40: =J41*J42 -> 0 | K40: =K41*K42 -> 0 | L40: =L41*L42 -> 0 | M40: =M41*M42 -> 0 | N40: =N41*N42 -> 0 | O40: =O41*O42 -> 0 | P40: =P41*P42 -> 0 | Q40: =Q41*Q42 -> 0 | R40: 0 | S40: =G40+R40 -> 128900 | T40: SET 단가
H41: 표준가공 ( S/T : EA/H) | S41: =G41+R41 -> 0
H42: 표준가공 ( S/T : EA/H) | S42: =G42+R42 -> 0
H43: 표준가공 ( S/T : EA/H) | S43: =G43+R43 -> 0
B44: 16 | C44: COLLAR ( STUB ) | D44: =COVER!B25 -> 316+NICKEL | E44: 1 | F44: =IF(D44="316+NICKEL",Y101,IF(D44="B148 C95400",Z101)) -> 16900 | G44: =F44*E44 -> 16900 | I44: 0 | J44: 0 | K44: 0 | L44: 0 | M44: 0 | N44: 0 | O44: 1000 | P44: 0 | Q44: 0 | R44: 0 | S44: =G44+R44 -> 16900 | T44: SET 단가
B45: 17 | C45: END COVER GASKET | D45: 316L+G/P | E45: 1 | F45: =Y87 -> 4000 | G45: =F45*E45 -> 4000 | H45: 0 | I45: 0 | J45: 0 | K45: 0 | L45: 0 | M45: 0 | N45: 0 | O45: 0 | P45: 0 | R45: 0 | S45: =G45+R45 -> 4000 | V45: =G24/9500 -> 30.421053
B46: 18 | C46: END COVER | D46: =COVER!B29 -> SS400 | E46: 1 | F46: =IF(D46="SS400",Y106,IF(D46="SS316",Z106,IF(D46="SS304",AA106))) -> 14080 | G46: =F46*E46 -> 14080 | I46: =I47*I48 -> 4597.92 | J46: 0 | K46: 0 | L46: 0 | M46: 0 | N46: 0 | O46: 0 | P46: 0 | Q46: 0 | R46: 8500 | S46: =G46+R46 -> 22580
H47: 표준가공 ( S/T : EA/H) | I47: 0.3 | S47: =G47+R47 -> 0
H48: 표준가공 ( S/T : EA/H) | I48: =I49/10 -> 15326.4 | S48: =G48+R48 -> 0
H49: 표준가공 ( S/T : EA/H) | I49: 153264 | S49: =G49+R49 -> 0
B50: 19 | C50: END COVER BOLT | D50: =COVER!B22 -> B7(다크로) | E50: 6 | F50: =IF(D50="B8",Y93,IF(D50="B8M",Z93,IF(D50="B7(다크로)",AA93))) -> 2000 | G50: =E50*F50 -> 12000 | I50: 0 | J50: 0 | K50: 0 | L50: 0 | M50: 0 | N50: 0 | O50: 0 | P50: 0 | Q50: 0 | R50: 0 | S50: =G50+R50 -> 12000
B51: 20 | C51: DISC PIN | D51: =D24 -> A564T630 | E51: 4 | F51: =IF(D51="A276T316",Y80/E51,IF(D51="A276T316L",Y80/E51,IF(D51="A276T304",Z80/E51,IF(D51="A564T630",AA80/E51,IF(D51="A479T410",AB80/E51,IF(D51="UNS S31803",AC80/E51,IF(D51="UNS S32750",AD80/E51,IF(D51="MONEL K-400",AE80/E51,IF(D51="MONEL K-500",AE80/E51))))))))) -> 2025 | G51: =F51*E51 -> 8100 | I51: 0 | J51: 0 | K51: 0 | L51: 0 | M51: 0 | N51: 0 | O51: 1000 | P51: 0 | Q51: 0 | R51: =2400*E51 -> 9600 | S51: =G51+R51 -> 17700
B52: 21 | C52: TOP COVER BOLT | D52: =COVER!B22 -> B7(다크로) | E52: 4 | F52: =IF(D52="B8",Y90,IF(D52="B8M",Z90,IF(D52="B7(다크로)",AA90))) -> 4300 | G52: =F52*E52 -> 17200 | I52: 0 | J52: 0 | K52: 0 | L52: 0 | M52: 0 | N52: 1000 | O52: 1000 | P52: 1000 | Q52: 0 | R52: 0 | S52: =G52+R52 -> 17200
B53: 22 | C53: GEAR BOX PLATE | D53: =COVER!B26 -> 316+NICKEL | E53: 1 | F53: =IF(D53="316+NICKEL",Y102,IF(D53="B148 C95400",Z102)) -> 18700 | G53: =F53*E53 -> 18700 | R53: 0 | S53: =G53+R53 -> 18700
B54: 23 | C54: GEAR BOX KEY | E54: 1 | F54: 2000 | G54: =E54*F54 -> 2000 | I54: 0 | J54: 0 | K54: 0 | L54: 0 | M54: 0 | N54: 0 | O54: 0 | P54: 1000 | Q54: 0 | R54: 0 | S54: =G54+R54 -> 2000
B55: 24 | C55: GEAR BOX | D55: =COVER!B35 -> GEAR | E55: 1 | F55: =IF(D55="GEAR",304200,IF(D55="MOTOR",0,IF(D55="PNEUMATIC",0))) -> 304200 | G55: =F55 -> 304200 | I55: 0 | J55: 0 | K55: 0 | L55: 0 | M55: 0 | N55: 0 | O55: 0 | P55: 0 | Q55: 0 | R55: 0 | S55: =G55+R55 -> 304200
B56: 25 | C56: TOP COVER | D56: =COVER!B30 -> WCB | E56: 30 | F56: =IF(D56="WCB",4000,IF(D56="CF8M",9000)) -> 4000 | G56: =E56*F56 -> 120000 | R56: =IF(D56="WCB",AA108,IF(D56="CF8M",AB108)) -> 46000 | S56: =G56+R56 -> 166000
B57: 26 | C57: THRUST BEARING | D57: =COVER!B27 -> 316+NICKEL | E57: 2 | F57: =IF(D57="316+NICKEL",Y103,IF(D57="B148 C95400",Z103)) -> 27200 | G57: =F57 -> 27200 | R57: 0 | S57: =G57+R57 -> 27200 | T57: SET 단가
B58: 27 | C58: BEARING | D58: =COVER!B28 -> 316+NICKEL | E58: 2 | F58: =IF(D58="316+NICKEL",Y104,IF(D58="B148 C95400",Z104)) -> 6370 | G58: =F58 -> 6370 | R58: 0 | S58: =G58+R58 -> 6370 | T58: SET 단가
B59: 28 | C59: GEAR BOX BOLT | D59: =COVER!B22 -> B7(다크로) | E59: 8 | F59: =IF(D59="B8",Y89,IF(D59="B8M",Z89,IF(D59="B7(다크로)",AA89))) -> 1500 | G59: =E59*F59 -> 12000 | I59: 0 | J59: 0 | K59: 0 | L59: 0 | M59: 0 | N59: 0 | O59: 0 | P59: 0 | Q59: 0 | R59: 0 | S59: =G59+R59 -> 12000
B60: 29 | C60: PAINTING | D60: =COVER!B32 -> 외주 2COATING | E60: 1 | F60: =IF(COVER!B10="APPLICATION",0,IF(D60="기존 단가",Y116,IF(D60="외주 2COATING",Z116,IF(D60="외주 3COATING",AA116)))) -> 0 | G60: =E60*F60 -> 0 | I60: 0 | J60: 0 | K60: 0 | L60: 0 | M60: 0 | N60: 0 | O60: 0 | P60: 0 | Q60: 0 | R60: 0 | S60: =G60+R60 -> 0
B61: 30 | C61: ASSEMBLY | D61: =COVER!B33 -> 신규 | E61: 1 | F61: =IF(COVER!B10="APPLICATION",0,IF(D61="기존 단가",Y118,IF(D61="신규",Z118))) -> 0 | G61: =E61*F61 -> 0 | I61: 0 | J61: 0 | K61: 0 | L61: 0 | M61: 0 | N61: 0 | O61: 0 | P61: 0 | Q61: 0 | R61: 0 | S61: =G61+R61 -> 0
A62: 포 장 비 ( 실비 적용 ) | G62: =IF(COVER!B10="APPLICATION",0,IF(D55="GEAR",Y120,IF(D55="MOTOR",Z120,IF(D55="PNEUMATIC",AA120)))) -> 0 | S62: =G62+R62 -> 0
A63: 운 송 비 ( 실비 적용 ) | T63: DELETED
A64: 합 계 ( 제조원가 ) | S64: =SUM(S8:S63) -> 4199600 | T64: 제조원가
A65: 일반관리 ( 10 % ) | G65: 0.1 | S65: =S64*G65 -> 419960
A66: 영업이익 ( 10 % ) | G66: 0.1 | S66: =(S64+S65)*G66 -> 461956
A67: 표준원가 [재료비+가공비+일반관리비+영업이익(+포장비+운송비+후처리) ] | S67: =S64+S65+S66 -> 5081516 | T67: 표준원가
A68: FACTOR 적용 | G68: =COVER!B11 -> 1.5 | S68: =S67*G68 -> 7622274
A69: 견적 적용 금액 ( A or B ) | R69: A | S69: =S68 -> 7622274 | T69: 표준원가 X FACTOR 적용 | V69: DISC SEAT TYPE TRIPLE OFFSET BFV 원가 TABLE
R70: B | S70: =S64*G68 -> 6299400 | T70: 제조원가 X FACTOR 적용 | V70: DN350 300LB
C72: ▣ 표준원가 = 재료비 + 가공비 + 일반관리비 + 영업이익(+포장비+운반비+후가공비) | V72: PART | W72: 규격 | X72: 수량/단중 | Y72: 단가 | AF72: REAMRK
C73: ▣ 재료비 =[【 (NET+S/R) * (1+조건LOSS+가공LOSS) * 원자재가】- 회수재료비]+매입부품비 | V73: BODY | W73: FLANGE TYPE | X73: 264KG | Y73: 재질/업체별 단가 적용 | AF73: 재질별 단가표 참조
C74: ▣ 가공비 = 적용기계별 가공임률 적용 | W74: LUG TYPE | X74: - | Y74: 재질/업체별 단가 적용 | AF74: 재질별 단가표 참조
C75: ▣ 일반관리비 = [재료비*재료비 일반관리율]+[가공비* 가공비 일반관리율] | V75: DISC | W75: 공용 | X75: 40KG | Y75: 재질/업체별 단가 적용 | AF75: 재질별 단가표 참조
C76: ▣ 영업이익 = 가공비 * 이익율 | V76: BODY STELLITE | W76: SUS+#6 | X76: 243400
C77: ▣ 포장비 = 실비인정(포장재가÷회전수÷포장수량 | W77: WCB+309+#6 | X77: 340700
C78: ▣ 운반비 = [기준운반비÷적재수량]-[가공일반비율*80] | V78: STEM | W78: Ø70 * 1035L | X78: 1EA | Y78: 316L | Z78: 304 | AA78: 630(H1150) | AB78: 410 C.2 | AC78: S31803 | AD78: S32750 | AE78: MONEL K-500
Y79: 179830 | Z79: 129220 | AA79: 243880 | AB79: 105020 | AC79: 243880 | AD79: 319657 | AE79: 1024000 | AF79: 소재비/EA
C80: 【 임율산출근거】 | V80: DISC PIN | W80: Ø24 * 106L | X80: 3EA | Y80: 6000 | Z80: 4320 | AA80: 8100 | AB80: 3720 | AC80: 8840 | AD80: 10512 | AE80: 79200 | AF80: SET 단가
C81: ⓐ 가동율 = 24시간의 92%, 가동시간=22HR/일 | V81: SEAT GLAND | W81: Ø245.5 * Ø334 * 25T | X81: 1EA | Y81: 304 | Z81: 316L | AA81: 가공비
C82: ⓑ 기계감가상각비 = 기계취득가격÷5년÷300일 | Y82: 111000 | Z82: 140000 | AA82: 54000
C83: ⓒ 건물감가상각비 = 기계고유면적(3평)×5×100만원/평÷50년÷300일 | V83: LAMINATE SEAT | W83: Ø222.5 * Ø324 * 15T(316L 3T 4EA+G/P 1T 3EA) | X83: 1EA | Y83: SUS 소재비 | Z83: 제작비
C84: ⓓ 전력비 = 산업전력단가(70원)×전력용량×24HR | Y84: 51300 | Z84: 60000 | AF84: 1SET 분
C85: ⓔ 용수비 = 냉각수유량×단가(￦30/ton)×24HR | V85: SEAT GASKET | W85: Ø247 * Ø231 * 1.5T | X85: TH4000T | Y85: 11000 | AF85: 택 1
C86: ⓕ OIL비 = (￦193,300/200L×2회/년÷300일)×OIL탱크용량 | W86: Ø247 * Ø231 * 3.2T | X86: 316L+G/P | Y86: 9200
C87: ⓖ 공통비 = 기계가격×6%÷300일 | V87: END GASKET | W87: Ø112 * Ø96 * 3.2T | X87: 316L+G/P | Y87: 4000
C88: ⓗ 인건비 = 시급당 ￦4,370 시급기준[4대보험,식대,기타 포함/12년03월29일 기준] | V88: ASS'Y BOLT | Y88: B8 | Z88: B8M | AA88: B7(다크로)
V89: GEARBOX BOLT | W89: M16 * 70L, STUD/N/SW | X89: 8EA | Y89: 2000 | Z89: 2500 | AA89: 1500 | AF89: 단가*수량
V90: TOP COVER BOLT | W90: M24 * 120L, STUD/2N/2SW | X90: 4EA | Y90: 7000 | Z90: 7800 | AA90: 4300 | AF90: 단가*수량
C91: 【 생산량 산출근거 】 | V91: SEAT GLAND BOLT | W91: M12 * 30L, WRENCH | X91: 16EA | Y91: 600 | Z91: 1200 | AA91: 500 | AF91: 단가*수량
C92: ⓐ 생산량 = 최적생산량×(1-저하요인) | V92: PACKING GLAND BOLT | W92: M16 * 120L, STUD/N/SW | X92: 6EA | Y92: 3000 | Z92: 4500 | AA92: 2000 | AF92: 단가*수량
C93: ⓑ 최적생산량 = 1일 생산 수량 | V93: END COVER BOLT | W93: M16 * 55L, HEX/SW | X93: 6EA | Y93: 2000 | Z93: 2800 | AA93: 2000 | AF93: 단가*수량
V94: PACKING(6617+6710) | W94: Ø70 * Ø96 * 63.5H(5단) | X94: 1EA | Y94: 58900
V95: BUSH/BEARING | Y95: 316+NICKEL | Z95: B148 C95400
V96: MAIN BUSH | W96: Ø70 * Ø80 * 80L | X96: 2EA | Y96: 106900 | Z96: 75000 | AF96: SET 단가
W97: Ø70 * Ø80 * 69L | X97: 1EA | Y97: 48900 | Z97: 34600 | AF97: SET 단가
V98: STUB BUSH | W98: Ø70 * Ø80 * 80L | X98: 1EA | Y98: 53200 | Z98: 37500 | AF98: SET 단가
W99: Ø70 * Ø80 * 128.5L | X99: 1EA | Y99: 75700 | Z99: 54800 | AF99: SET 단가
V100: PACKING GLAND | W100: Ø70.5 * Ø95.8 * Ø167(20+30) | X100: 1EA | Y100: 78100 | Z100: 106000 | AF100: SET 단가
V101: COLLAR | W101: Ø50.1 * Ø82.9 * 15T | X101: 1EA | Y101: 16900 | Z101: 18400 | AF101: SET 단가
V102: PACKING PLATE | W102: Ø70 * Ø96 * 20T | X102: 1EA | Y102: 18700 | Z102: 19600 | AF102: SET 단가
...

Sheet 400-300LB
A1: TREIPLE VALVE 원가분석 ( 300# FLANGE SHORT)
T2: 단위 : 원
A3: SIZE | C3: DN 400 | D3: CLASS | E3: 300LB | F3: TYPE | G3: =COVER!B9 -> FLANGE | H3: TRIPLE 가공공정 | R3: F TO F | S3: API 609 CAT'- B SHROT PATTERN | T3: REMARK
A5: NO. | C5: DESCRIPTION | D5: MATERIAL | E5: 재료비 | H5: ST | I5: 세부 가공비 | R5: 가공비 | S5: 소 계 ( 재료비 + 가공비 )
I6: A | J6: B | K6: C | L6: D | M6: E | N6: F | O6: G | P6: H | Q6: I
E7: 중량 | F7: 단가 | G7: 소재비 | I7: 터닝/선반 | J7: 레디알 | K7: 보링 | L7: 터닝/선반 | M7: 동시보링 | N7: 레이알 | O7: 선반 | P7: 밀링 | Q7: 기타
A8: S T A N D A R D | B8: 1 | C8: =COVER!A14 -> BODY(LUG) | D8: =COVER!B14 -> 0 | E8: 135 | F8: =COVER!C14 -> 0 | G8: =F8*E8 -> 0 | I8: =I10*I9 -> 3.6001489e+13 | J8: =J10*J9 -> 4.3341753e+13 | K8: =K10*K9 -> 1.6833509e+14 | L8: =L10*L9 -> 5.0670662e+14 | M8: =M10*M9 -> 6.3241734e+14 | N8: =N10*N9 -> 4.6528628e+13 | O8: =O10*O9 -> 0 | P8: =P10*P9 -> 0 | Q8: =Q10*Q9 -> 10000000000000 | R8: =IF(COVER!C14>0,390000*1.2,0) -> 0 | S8: =G8+R8 -> 0 | T8: LUG
B9: 1-1 | C9: =COVER!A15 -> BODY(FLANGE) | D9: =COVER!B15 -> A216 WCB | E9: 198 | F9: =COVER!C15 -> 4300 | G9: =F9*E9 -> 851400 | I9: =I11*I10 -> 2.3489854e+09 | J9: =J11*J10 -> 2.658302e+09 | K9: =K11*K10 -> 6.5682514e+09 | L9: =L11*L10 -> 1.3693182e+10 | M9: =M11*M10 -> 1.5873372e+10 | N9: =N11*N10 -> 2.7870633e+09 | O9: =O11*O10 -> 0 | P9: =P11*P10 -> 0 | Q9: =Q11*Q10 -> 1000000000 | R9: =IF(COVER!C15>0,400000*1.2,0) -> 480000 | S9: =G9+R9 -> 1331400 | T9: FLANGE | V9: =R9 -> 480000
H10: 기계임률 / H | I10: =I11/10 -> 15326.4 | J10: =J11/10 -> 16304.3 | K10: =K11/10 -> 25628.6 | L10: =L11/10 -> 37004.3 | M10: =M11/10 -> 39841.4 | N10: =N11/10 -> 16694.5 | O10: =O11/10 -> 0 | P10: =P11/10 -> 0 | Q10: =Q11/10 -> 10000 | S10: =G10+R10 -> 0
H11: 기계임률 / DAY (10시간) | I11: 153264 | J11: 163043 | K11: 256286 | L11: 370043 | M11: 398414 | N11: 166945 | O11: 0 | P11: 0 | Q11: 100000 | S11: =G11+R11 -> 0
B12: 2 | C12: DISC | D12: =COVER!B16 -> A216 WCB | E12: 34 | F12: =COVER!C16 -> 4300 | G12: =F12*E12 -> 146200 | I12: =I13*I14 -> 15326.4 | J12: =J13*J14 -> 0 | K12: =K13*K14 -> 16304.3 | L12: =L13*L14 -> 45940 | M12: =M13*M14 -> 0 | N12: =N13*N14 -> 0 | O12: =O13*O14 -> 0 | P12: =P13*P14 -> 0 | Q12: =Q13*Q14 -> 4000 | R12: 240000 | S12: =G12+R12 -> 386200
H13: 표준가공 ( S/T : EA/H) | I13: 1 | J13: 0 | K13: 1 | L13: 2 | M13: 0 | N13: 0 | Q13: 0.4 | S13: =G13+R13 -> 0
H14: 기계임률 / H | I14: =I15/10 -> 15326.4 | J14: =J15/10 -> 16304.3 | K14: =K15/10 -> 16304.3 | L14: =L15/10 -> 22970 | M14: =M15/10 -> 39841.4 | N14: =N15/10 -> 16694.5 | O14: =O15/10 -> 0 | P14: =P15/10 -> 0 | Q14: =Q15/10 -> 10000 | S14: =G14+R14 -> 0
H15: 기계임률 / DAY | I15: 153264 | J15: 163043 | K15: 163043 | L15: 229700 | M15: 398414 | N15: 166945 | O15: 0 | P15: 0 | Q15: 100000 | S15: =G15+R15 -> 0
B16: 3 | C16: STELLITE on BODY | D16: =COVER!B19 -> WCB+309+#6 | E16: 1 | F16: =IF(D16="SUS+#6",X76,IF(D16="WCB+309+#6",X77)) -> 334100 | G16: =F16*E16 -> 334100 | I16: 0 | J16: 0 | K16: 0 | L16: 0 | M16: 0 | N16: 0 | O16: 0 | P16: 0 | Q16: 0 | R16: 0 | S16: =G16+R16 -> 334100
B17: 4 | C17: DISC SEAT | D17: =COVER!B18 -> A240T316L+GARPHITE | E17: 1 | F17: =IF(D17="A240T316L+GARPHITE",Y84+Z84) -> 154300 | G17: =F17*E17 -> 154300 | I17: 0 | J17: 0 | K17: 0 | L17: 0 | M17: 0 | N17: 0 | O17: 0 | P17: 0 | Q17: 0 | R17: =Z84*1.3 -> 130000 | S17: =G17+R17 -> 284300
B18: 5 | C18: SEAT GLAND | D18: =COVER!B20 -> SS316L | E18: 1 | F18: =IF(D18="SS304",Y82,IF(D18="SS316L",Z82)) -> 101760 | G18: =E18*F18 -> 101760 | I18: =I19*I20 -> 12261.12 | J18: =J19*J20 -> 13043.44 | K18: =K19*K20 -> 0 | L18: =L19*L20 -> 0 | M18: =M19*M20 -> 0 | N18: =N19*N20 -> 0 | O18: =O19*O20 -> 0 | P18: =P19*P20 -> 0 | Q18: =Q19*Q20 -> 2000 | R18: =AA82*1.5 -> 66000 | S18: =G18+R18 -> 167760
H19: 표준가공 ( S/T : EA/H) | I19: 0.8 | J19: 0.8 | Q19: 0.2 | S19: =G19+R19 -> 0
H20: 표준가공 ( S/T : EA/H) | I20: =I21/10 -> 15326.4 | J20: =J21/10 -> 16304.3 | K20: =K21/10 -> 0 | L20: =L21/10 -> 0 | M20: =M21/10 -> 0 | N20: =N21/10 -> 0 | O20: =O21/10 -> 0 | P20: =P21/10 -> 0 | Q20: =Q21/10 -> 10000 | S20: =G20+R20 -> 0
H21: 표준가공 ( S/T : EA/H) | I21: 153264 | J21: 163043 | Q21: 100000 | S21: =G21+R21 -> 0
B22: 6 | C22: DISC SEAT Ret-Gasket | D22: 316L+G/P | E22: 1 | F22: =Y85 -> 23000 | G22: =F22*E22 -> 23000 | I22: 0 | J22: 0 | K22: 0 | L22: 0 | M22: 0 | N22: 0 | O22: 0 | P22: 0 | Q22: 0 | R22: 0 | S22: =G22+R22 -> 23000
B23: 7 | C23: SEAT GLAND BOLT | D23: =COVER!B21 -> B7(다크로) | E23: 20 | F23: =IF(D23="B8",Y91,IF(D23="B8M",Z91,IF(D23="B7(다크로)",AA91))) -> 400 | G23: =F23*E23 -> 8000 | I23: 0 | J23: 0 | K23: 0 | L23: 0 | M23: 0 | N23: 0 | O23: 0 | P23: 0 | Q23: 0 | R23: 0 | S23: =G23+R23 -> 8000
B24: 8 | C24: STEM | D24: =COVER!B17 -> A564T630 | E24: =V24*1.1 -> 17.908 | F24: =COVER!C17 -> 8500 | G24: =F24*E24 -> 152218 | I24: =I25*I26 -> 7663.2 | J24: =J25*J26 -> 0 | K24: =K25*K26 -> 0 | L24: =L25*L26 -> 0 | M24: =M25*M26 -> 0 | N24: =N25*N26 -> 0 | O24: =O25*O26 -> 0 | P24: =P25*P26 -> 0 | Q24: =Q25*Q26 -> 1000 | R24: =R12*0.3 -> 72000 | S24: =G24+R24 -> 224218 | V24: 16.28
H25: 표준가공 ( S/T : EA/H) | I25: 0.5 | Q25: 0.1 | S25: =G25+R25 -> 0
H26: 표준가공 ( S/T : EA/H) | I26: =I27/10 -> 15326.4 | Q26: =Q27/10 -> 10000 | S26: =G26+R26 -> 0
H27: 표준가공 ( S/T : EA/H) | I27: 153264 | Q27: 100000 | S27: =G27+R27 -> 0
B28: 9 | C28: PACKING | D28: PILLAR | E28: 1 | F28: 47100 | G28: =E28*F28 -> 47100 | R28: 0 | S28: =G28+R28 -> 47100
B29: 10 | C29: PACKING GLAND | D29: =COVER!B24 -> A351 CF8M | E29: 1 | F29: =IF(D29="A351 CF8M",Y98,IF(D29="B148 C95400",Z98)) -> 66000 | G29: =F29*E29 -> 66000 | I29: =I30*I31 -> 3065.28 | J29: =J30*J31 -> 3260.86 | K29: =K30*K31 -> 0 | L29: =L30*L31 -> 0 | M29: =M30*M31 -> 0 | N29: =N30*N31 -> 0 | O29: =O30*O31 -> 0 | P29: =P30*P31 -> 0 | Q29: =Q30*Q31 -> 0 | R29: 0 | S29: =G29+R29 -> 66000
H30: 표준가공 ( S/T : EA/H) | I30: 0.2 | J30: 0.2 | S30: =G30+R30 -> 0
H31: 표준가공 ( S/T : EA/H) | I31: =I32/10 -> 15326.4 | J31: =J32/10 -> 16304.3 | S31: =G31+R31 -> 0
H32: 표준가공 ( S/T : EA/H) | I32: 153264 | J32: 163043 | S32: =G32+R32 -> 0
B33: 11 | C33: PACKING PLATE | D33: =COVER!B26 -> 316+NICKEL | E33: 1 | F33: =IF(D33="316+NICKEL",Y101,IF(D33="B148 C95400",Z101)) -> 16500 | G33: =F33*E33 -> 16500 | I33: =I34*I35 -> 4597.92 | J33: =J34*J35 -> 0 | K33: =K34*K35 -> 0 | L33: =L34*L35 -> 0 | M33: =M34*M35 -> 0 | N33: =N34*N35 -> 0 | O33: =O34*O35 -> 0 | P33: =P34*P35 -> 0 | Q33: =Q34*Q35 -> 0 | R33: 0 | S33: =G33+R33 -> 16500 | T33: SET 단가
H34: 표준가공 ( S/T : EA/H) | I34: 0.3 | S34: =G34+R34 -> 0
H35: 표준가공 ( S/T : EA/H) | I35: =I36/10 -> 15326.4 | S35: =G35+R35 -> 0
H36: 표준가공 ( S/T : EA/H) | I36: 153264 | S36: =G36+R36 -> 0
B37: 12 | C37: PACKING GLAND BOLT / NUT | D37: =COVER!B22 -> B7(다크로) | E37: 6 | F37: =IF(D37="B8",Y93,IF(D37="B8M",Z93,IF(D37="B7(다크로)",AA93))) -> 1500 | G37: =E37*F37 -> 9000 | I37: 0 | J37: 0 | K37: 0 | L37: 0 | M37: 0 | N37: 0 | O37: 0 | P37: 0 | Q37: 0 | R37: 0 | S37: =G37+R37 -> 9000
B38: 13 | C38: LIVE LOADING SPRING | E38: 1 | F38: 3000 | G38: =E38*F38 -> 3000 | I38: 0 | J38: 0 | K38: 0 | L38: 0 | M38: 0 | N38: 0 | O38: 0 | P38: 0 | Q38: 0 | R38: 0 | S38: =G38+R38 -> 3000
B39: 14 | C39: BUSH(MAIN) | D39: =COVER!B23 -> 316+NICKEL | E39: 2 | F39: =IF(D39="316+NICKEL",Y97,IF(D39="B148 C95400",Z97)) -> 77500 | G39: =F39*1 -> 77500 | I39: =I40*I41 -> 0 | J39: =J40*J41 -> 0 | K39: =K40*K41 -> 0 | L39: =L40*L41 -> 0 | M39: =M40*M41 -> 0 | N39: =N40*N41 -> 0 | O39: =O40*O41 -> 0 | P39: =P40*P41 -> 0 | Q39: =Q40*Q41 -> 0 | R39: 0 | S39: =G39+R39 -> 77500 | T39: SET 단가
B40: 15 | C40: BUSH(STUB) | D40: =COVER!B23 -> 316+NICKEL | E40: 2 | F40: =IF(D40="316+NICKEL",Y98,IF(D40="B148 C95400",Z97)) -> 66000 | G40: =F40*1 -> 66000 | I40: =I41*I42 -> 0 | J40: =J41*J42 -> 0 | K40: =K41*K42 -> 0 | L40: =L41*L42 -> 0 | M40: =M41*M42 -> 0 | N40: =N41*N42 -> 0 | O40: =O41*O42 -> 0 | P40: =P41*P42 -> 0 | Q40: =Q41*Q42 -> 0 | R40: 0 | S40: =G40+R40 -> 66000 | T40: SET 단가
H41: 표준가공 ( S/T : EA/H) | S41: =G41+R41 -> 0
H42: 표준가공 ( S/T : EA/H) | S42: =G42+R42 -> 0
H43: 표준가공 ( S/T : EA/H) | S43: =G43+R43 -> 0
B44: 16 | C44: COLLAR ( STUB ) | D44: =COVER!B25 -> 316+NICKEL | E44: 1 | F44: =IF(D44="316+NICKEL",Y100,IF(D44="B148 C95400",Z100)) -> 10000 | G44: =F44*E44 -> 10000 | I44: 0 | J44: 0 | K44: 0 | L44: 0 | M44: 0 | N44: 0 | O44: 1000 | P44: 0 | Q44: 0 | R44: 0 | S44: =G44+R44 -> 10000 | T44: SET 단가
B45: 17 | C45: END COVER GASKET | D45: 316L+G/P | E45: 1 | F45: =Y87 -> 2670 | G45: =F45*E45 -> 2670 | H45: 0 | I45: 0 | J45: 0 | K45: 0 | L45: 0 | M45: 0 | N45: 0 | O45: 0 | P45: 0 | R45: 0 | S45: =G45+R45 -> 2670
B46: 18 | C46: END COVER | D46: =COVER!B29 -> SS400 | E46: 1 | F46: =IF(D46="SS400",Y105,IF(D46="SS316",Z105,IF(D46="SS304",AA105))) -> 7370 | G46: =F46*E46 -> 7370 | I46: =I47*I48 -> 4597.92 | J46: 0 | K46: 0 | L46: 0 | M46: 0 | N46: 0 | O46: 0 | P46: 0 | Q46: 0 | R46: 8500 | S46: =G46+R46 -> 15870
H47: 표준가공 ( S/T : EA/H) | I47: 0.3 | S47: =G47+R47 -> 0
H48: 표준가공 ( S/T : EA/H) | I48: =I49/10 -> 15326.4 | S48: =G48+R48 -> 0
H49: 표준가공 ( S/T : EA/H) | I49: 153264 | S49: =G49+R49 -> 0
B50: 19 | C50: END COVER BOLT | D50: =COVER!B22 -> B7(다크로) | E50: 6 | F50: =IF(D50="B8",Y94,IF(D50="B8M",Z94,IF(D50="B7(다크로)",AA94))) -> 1500 | G50: =E50*F50 -> 9000 | I50: 0 | J50: 0 | K50: 0 | L50: 0 | M50: 0 | N50: 0 | O50: 0 | P50: 0 | Q50: 0 | R50: 0 | S50: =G50+R50 -> 9000
B51: 20 | C51: DISC PIN | D51: =D24 -> A564T630 | E51: 4 | F51: =IF(D51="A276T316L",Y80/E51,IF(D51="A276T304",Z80/E51,IF(D51="A564T630",AA80/E51,IF(D51="A479T410",AB80/E51,IF(D51="UNS S31803",AC80/E51,IF(D51="UNS S32750",AD80/E51,IF(D51="MONEL K-500",AE80/E51))))))) -> 1181.25 | G51: =F51*E51 -> 4725 | I51: 0 | J51: 0 | K51: 0 | L51: 0 | M51: 0 | N51: 0 | O51: 1000 | P51: 0 | Q51: 0 | R51: =3500*E51 -> 14000 | S51: =G51+R51 -> 18725
B52: 21 | C52: TOP COVER BOLT | D52: =COVER!B22 -> B7(다크로) | E52: 4 | F52: =IF(D52="B8",Y90,IF(D52="B8M",Z90,IF(D52="B7(다크로)",AA90))) -> 5000 | G52: =F52*E52 -> 20000 | I52: 0 | J52: 0 | K52: 0 | L52: 0 | M52: 0 | N52: 1000 | O52: 1000 | P52: 1000 | Q52: 0 | R52: 0 | S52: =G52+R52 -> 20000
B53: 22 | C53: GEAR BOX PLATE | D53: =COVER!B26 -> 316+NICKEL | E53: 1 | F53: =IF(D53="316+NICKEL",Y101,IF(D53="B148 C95400",Z101)) -> 16500 | G53: =F53*E53 -> 16500 | R53: 0 | S53: =G53+R53 -> 16500
B54: 23 | C54: GEAR BOX KEY | E54: 1 | F54: 2000 | G54: =E54*F54 -> 2000 | I54: 0 | J54: 0 | K54: 0 | L54: 0 | M54: 0 | N54: 0 | O54: 0 | P54: 1000 | Q54: 0 | R54: 0 | S54: =G54+R54 -> 2000
B55: 24 | C55: GEAR BOX | D55: =COVER!B35 -> GEAR | E55: 1 | F55: =IF(D55="GEAR",262800,IF(D55="MOTOR",0,IF(D55="PNEUMATIC",0))) -> 262800 | G55: =F55 -> 262800 | I55: 0 | J55: 0 | K55: 0 | L55: 0 | M55: 0 | N55: 0 | O55: 0 | P55: 0 | Q55: 0 | R55: 0 | S55: =G55+R55 -> 262800
B56: 25 | C56: TOP COVER | D56: =COVER!B30 -> WCB | E56: 19 | F56: =IF(D56="WCB",4000,IF(D56="CF8M",9000)) -> 4000 | G56: =E56*F56 -> 76000 | R56: =IF(D56="WCB",AA107,IF(D56="CF8M",AB107)) -> 32400 | S56: =G56+R56 -> 108400
B57: 26 | C57: THRUST BEARING | D57: =COVER!B27 -> 316+NICKEL | E57: 2 | F57: =IF(D57="316+NICKEL",Y102,IF(D57="B148 C95400",Z102)) -> 24000 | G57: =F57 -> 24000 | R57: 0 | S57: =G57+R57 -> 24000 | T57: SET 단가
B58: 27 | C58: BEARING | D58: =COVER!B28 -> 316+NICKEL | E58: 2 | F58: =IF(D58="316+NICKEL",Y103,IF(D58="B148 C95400",Z103)) -> 3100 | G58: =F58 -> 3100 | R58: 0 | S58: =G58+R58 -> 3100 | T58: SET 단가
B59: 28 | C59: GEAR BOX BOLT | D59: =COVER!B22 -> B7(다크로) | E59: 4 | F59: =IF(D59="B8",Y89,IF(D59="B8M",Z89,IF(D59="B7(다크로)",AA89))) -> 2500 | G59: =E59*F59 -> 10000 | I59: 0 | J59: 0 | K59: 0 | L59: 0 | M59: 0 | N59: 0 | O59: 0 | P59: 0 | Q59: 0 | R59: 0 | S59: =G59+R59 -> 10000
B60: 29 | C60: PAINTING | D60: =COVER!B32 -> 외주 2COATING | E60: 1 | F60: =IF(COVER!B10="APPLICATION",0,IF(D60="기존 단가",Y116,IF(D60="외주 2COATING",Z116,IF(D60="외주 3COATING",AA116)))) -> 0 | G60: =E60*F60 -> 0 | I60: 0 | J60: 0 | K60: 0 | L60: 0 | M60: 0 | N60: 0 | O60: 0 | P60: 0 | Q60: 0 | R60: 0 | S60: =G60+R60 -> 0
B61: 30 | C61: ASSEMBLY | D61: =COVER!B33 -> 신규 | E61: 1 | F61: =IF(COVER!B10="APPLICATION",0,IF(D61="기존 단가",Y118,IF(D61="신규",Z118))) -> 0 | G61: =E61*F61 -> 0 | I61: 0 | J61: 0 | K61: 0 | L61: 0 | M61: 0 | N61: 0 | O61: 0 | P61: 0 | Q61: 0 | R61: 0 | S61: =G61+R61 -> 0
A62: 포 장 비 ( 실비 적용 ) | G62: =IF(COVER!B10="APPLICATION",0,IF(D55="GEAR",Y120,IF(D55="MOTOR",Z120,IF(D55="PNEUMATIC",AA120)))) -> 0 | S62: =G62+R62 -> 0
A63: 운 송 비 ( 실비 적용 ) | T63: DELETED
A64: 합 계 ( 제조원가 ) | S64: =SUM(S8:S63) -> 3547143 | T64: 제조원가
A65: 일반관리 ( 10 % ) | G65: 0.1 | S65: =S64*G65 -> 354714.3
A66: 영업이익 ( 10 % ) | G66: 0.1 | S66: =(S64+S65)*G66 -> 390185.73
A67: 표준원가 [재료비+가공비+일반관리비+영업이익(+포장비+운송비+후처리) ] | S67: =S64+S65+S66 -> 4292043 | T67: 표준원가
A68: FACTOR 적용 | G68: =COVER!B11 -> 1.5 | S68: =S67*G68 -> 6438064.5
A69: 견적 적용 금액 ( A or B ) | R69: A | S69: =S68 -> 6438064.5 | T69: 표준원가 X FACTOR 적용 | V69: DISC SEAT TYPE TRIPLE OFFSET BFV 원가 TABLE
R70: B | S70: =S64*G68 -> 5320714.5 | T70: 제조원가 X FACTOR 적용 | V70: DN400 150LB
C72: ▣ 표준원가 = 재료비 + 가공비 + 일반관리비 + 영업이익(+포장비+운반비+후가공비) | V72: PART | W72: 규격 | X72: 수량/단중 | Y72: 단가 | AF72: REAMRK
C73: ▣ 재료비 =[【 (NET+S/R) * (1+조건LOSS+가공LOSS) * 원자재가】- 회수재료비]+매입부품비 | V73: BODY | W73: FLANGE TYPE | X73: 198KG | Y73: 재질/업체별 단가 적용 | AF73: 재질별 단가표 참조
C74: ▣ 가공비 = 적용기계별 가공임률 적용 | W74: LUG TYPE | X74: 135KG | Y74: 재질/업체별 단가 적용 | AF74: 재질별 단가표 참조
C75: ▣ 일반관리비 = [재료비*재료비 일반관리율]+[가공비* 가공비 일반관리율] | V75: DISC | W75: 공용 | X75: 34KG | Y75: 재질/업체별 단가 적용 | AF75: 재질별 단가표 참조
C76: ▣ 영업이익 = 가공비 * 이익율 | V76: BODY STELLITE | W76: SUS+#6 | X76: 238600
C77: ▣ 포장비 = 실비인정(포장재가÷회전수÷포장수량 | W77: WCB+309+#6 | X77: 334100
C78: ▣ 운반비 = [기준운반비÷적재수량]-[가공일반비율*80] | V78: STEM | W78: Ø50 * 1039L | X78: 1EA | Y78: 316L | Z78: 304 | AA78: 630(H1150) | AB78: 410 C.2 | AC78: S31803 | AD78: S32750 | AE78: MONEL K-500
Y79: 97020 | Z79: 69935 | AA79: 131990 | AB79: 56640 | AC79: 131990 | AD79: 172458 | AE79: 950400 | AF79: 소재비/EA
C80: 【 임율산출근거】 | V80: DISC PIN | W80: Ø16 * 69L | X80: 4EA | Y80: 2500 | Z80: 1800 | AA80: 4725 | AB80: 2170 | AC80: 3400 | AD80: 5256 | AE80: 24000 | AF80: SET 단가
C81: ⓐ 가동율 = 24시간의 92%, 가동시간=22HR/일 | V81: SEAT GLAND | W81: Ø276.5 * Ø383 * 18.8T | X81: 1EA | Y81: 304 | Z81: 316L | AA81: 가공비
C82: ⓑ 기계감가상각비 = 기계취득가격÷5년÷300일 | Y82: 80560 | Z82: 101760 | AA82: 44000
C83: ⓒ 건물감가상각비 = 기계고유면적(3평)×5×100만원/평÷50년÷300일 | V83: LAMINATE SEAT | W83: Ø326 * Ø389 * 11T(316L 3T 3EA+G/P 1T 2EA) | X83: 1EA | Y83: SUS 소재비 | Z83: 제작비
C84: ⓓ 전력비 = 산업전력단가(70원)×전력용량×24HR | Y84: 54300 | Z84: 100000 | AF84: 1SET 분
C85: ⓔ 용수비 = 냉각수유량×단가(￦30/ton)×24HR | V85: SEAT GASKET | W85: Ø330 * Ø354 * 1.5T | X85: TH4000T | Y85: 23000 | AF85: 택 1
C86: ⓕ OIL비 = (￦193,300/200L×2회/년÷300일)×OIL탱크용량 | W86: Ø330 * Ø354 * 3.2T | X86: 316L+G/P | Y86: 12000
C87: ⓖ 공통비 = 기계가격×6%÷300일 | V87: END GASKET | W87: Ø69 * Ø82 * 3.2T | X87: 316L+G/P | Y87: 2670
C88: ⓗ 인건비 = 시급당 ￦4,370 시급기준[4대보험,식대,기타 포함/12년03월29일 기준] | V88: ASS'Y BOLT | Y88: B8 | Z88: B8M | AA88: B7(다크로)
V89: GEARBOX BOLT | W89: M20 * 75L, HEX/SW | X89: 4EA | Y89: 4500 | Z89: 5000 | AA89: 2500 | AF89: 단가*수량
V90: TOP COVER BOLT | W90: M24 * 120L, STUD/2N/2SW | X90: 4EA | Y90: 6800 | Z90: 10100 | AA90: 5000 | AF90: 단가*수량
C91: 【 생산량 산출근거 】 | V91: SEAT GLAND BOLT | W91: M12 * 16L, WRENCH | X91: 2EA | Y91: 500 | Z91: 1000 | AA91: 400 | AF91: 단가*수량
C92: ⓐ 생산량 = 최적생산량×(1-저하요인) | V92: SEAT GLAND BOLT | W92: M12 * 20L, WRENCH | X92: 18EA | Y92: 500 | Z92: 1000 | AA92: 400 | AF92: 단가*수량
C93: ⓑ 최적생산량 = 1일 생산 수량 | V93: PACKING GLAND BOLT | W93: M16 * 75L, STUD/N/SW | X93: 6EA | Y93: 2000 | Z93: 3000 | AA93: 1500 | AF93: 단가*수량
V94: END COVER BOLT | W94: M16 * 45L, HEX/SW | X94: 6EA | Y94: 1500 | Z94: 2000 | AA94: 1500 | AF94: 단가*수량
V95: PACKING(6617+6710) | W95: Ø44 * Ø63 * 47.5H(5단) | X95: 1EA | Y95: 21900
V96: BUSH/BEARING | Y96: 316+NICKEL | Z96: B148 C95400
V97: MAIN BUSH | W97: Ø50 * Ø60 * 81.5L | X97: 2EA | Y97: 77500 | Z97: 52400 | AF97: SET 단가
V98: STUB BUSH | W98: Ø50 * Ø60 * 62.5L | X98: 2EA | Y98: 66000 | Z98: 45200 | AF98: SET 단가
V99: PACKING GLAND | W99: Ø50.5 * Ø68.8 * Ø138(15+25) | X99: 1EA | Y99: 51500 | Z99: 88600 | AF99: SET 단가
V100: COLLAR | W100: Ø32.1 * Ø59.9 * 10T | X100: 1EA | Y100: 10000 | Z100: 8900 | AF100: SET 단가
V101: PACKING PLATE | W101: Ø50.1 * Ø69 * 13T | X101: 1EA | Y101: 16500 | Z101: 13000 | AF101: SET 단가
V102: THRUST BEARING | W102: Ø51 * Ø68.9 * 10T | X102: 2EA | Y102: 24000 | Z102: 15200 | AF102: SET 단가
...

Sheet 450-300LB
A1: TREIPLE VALVE 원가분석 ( 300# FLANGE SHORT)
T2: 단위 : 원
A3: SIZE | C3: DN 450 | D3: CLASS | E3: 300LB | F3: TYPE | G3: =COVER!B9 -> FLANGE | H3: TRIPLE 가공공정 | R3: F TO F | S3: API 609 CAT'- B SHROT PATTERN | T3: REMARK
A5: NO. | C5: DESCRIPTION | D5: MATERIAL | E5: 재료비 | H5: ST | I5: 세부 가공비 | R5: 가공비 | S5: 소 계 ( 재료비 + 가공비 )
I6: A | J6: B | K6: C | L6: D | M6: E | N6: F | O6: G | P6: H | Q6: I
E7: 중량 | F7: 단가 | G7: 소재비 | I7: 터닝/선반 | J7: 레디알 | K7: 보링 | L7: 터닝/선반 | M7: 동시보링 | N7: 레이알 | O7: 선반 | P7: 밀링 | Q7: 기타
A8: S T A N D A R D | B8: 1 | C8: =COVER!A14 -> BODY(LUG) | D8: =COVER!B14 -> 0 | E8: 155 | F8: =COVER!C14 -> 0 | G8: =F8*E8 -> 0 | I8: =I10*I9 -> 5.0670662e+14 | J8: =J10*J9 -> 4.3341753e+13 | K8: =K10*K9 -> 2.7047007e+14 | L8: =L10*L9 -> 5.0670662e+14 | M8: =M10*M9 -> 6.3241734e+14 | N8: =N10*N9 -> 4.6528628e+13 | O8: =O10*O9 -> 0 | P8: =P10*P9 -> 0 | Q8: =Q10*Q9 -> 10000000000000 | R8: =IF(COVER!C14>0,440000*1.2,0) -> 0 | S8: =G8+R8 -> 0 | T8: LUG
B9: 1-1 | C9: =COVER!A15 -> BODY(FLANGE) | D9: =COVER!B15 -> A216 WCB | E9: 227 | F9: =COVER!C15 -> 4300 | G9: =F9*E9 -> 976100 | I9: =I11*I10 -> 1.3693182e+10 | J9: =J11*J10 -> 2.658302e+09 | K9: =K11*K10 -> 9.010443e+09 | L9: =L11*L10 -> 1.3693182e+10 | M9: =M11*M10 -> 1.5873372e+10 | N9: =N11*N10 -> 2.7870633e+09 | O9: =O11*O10 -> 0 | P9: =P11*P10 -> 0 | Q9: =Q11*Q10 -> 1000000000 | R9: =IF(COVER!C15>0,450000*1.2,0) -> 540000 | S9: =G9+R9 -> 1516100 | T9: FLANGE
H10: 기계임률 / H | I10: =I11/10 -> 37004.3 | J10: =J11/10 -> 16304.3 | K10: =K11/10 -> 30017.4 | L10: =L11/10 -> 37004.3 | M10: =M11/10 -> 39841.4 | N10: =N11/10 -> 16694.5 | O10: =O11/10 -> 0 | P10: =P11/10 -> 0 | Q10: =Q11/10 -> 10000 | S10: =G10+R10 -> 0
H11: 기계임률 / DAY (10시간) | I11: 370043 | J11: 163043 | K11: 300174 | L11: 370043 | M11: 398414 | N11: 166945 | O11: 0 | P11: 0 | Q11: 100000 | S11: =G11+R11 -> 0
B12: 2 | C12: DISC | D12: =COVER!B16 -> A216 WCB | E12: 49 | F12: =COVER!C16 -> 4300 | G12: =F12*E12 -> 210700 | I12: =I13*I14 -> 111012.9 | J12: =J13*J14 -> 0 | K12: =K13*K14 -> 60034.8 | L12: =L13*L14 -> 111012.9 | M12: =M13*M14 -> 0 | N12: =N13*N14 -> 0 | O12: =O13*O14 -> 0 | P12: =P13*P14 -> 0 | Q12: =Q13*Q14 -> 4000 | R12: 270000 | S12: =G12+R12 -> 480700
H13: 표준가공 ( S/T : EA/H) | I13: 3 | J13: 0 | K13: 2 | L13: 3 | M13: 0 | N13: 0 | Q13: 0.4 | S13: =G13+R13 -> 0
H14: 기계임률 / H | I14: =I15/10 -> 37004.3 | J14: =J15/10 -> 16304.3 | K14: =K15/10 -> 30017.4 | L14: =L15/10 -> 37004.3 | M14: =M15/10 -> 39841.4 | N14: =N15/10 -> 16694.5 | O14: =O15/10 -> 0 | P14: =P15/10 -> 0 | Q14: =Q15/10 -> 10000 | S14: =G14+R14 -> 0
H15: 기계임률 / DAY | I15: 370043 | J15: 163043 | K15: 300174 | L15: 370043 | M15: 398414 | N15: 166945 | O15: 0 | P15: 0 | Q15: 100000 | S15: =G15+R15 -> 0
B16: 3 | C16: STELLITE on BODY | D16: =COVER!B19 -> WCB+309+#6 | E16: 1 | F16: =IF(D16="SUS+#6",X76,IF(D16="WCB+309+#6",X77)) -> 395600 | G16: =F16*E16 -> 395600 | I16: 0 | J16: 0 | K16: 0 | L16: 0 | M16: 0 | N16: 0 | O16: 0 | P16: 0 | Q16: 0 | R16: 0 | S16: =G16+R16 -> 395600
B17: 4 | C17: DISC SEAT | D17: =COVER!B18 -> A240T316L+GARPHITE | E17: 1 | F17: =IF(D17="A240T316L+GARPHITE",Y84+Z84) -> 188500 | G17: =F17*E17 -> 188500 | I17: 0 | J17: 0 | K17: 0 | L17: 0 | M17: 0 | N17: 0 | O17: 0 | P17: 0 | Q17: 0 | R17: =Z84*1.3 -> 156000 | S17: =G17+R17 -> 344500
B18: 5 | C18: SEAT GLAND | D18: =COVER!B20 -> SS316L | E18: 1 | F18: =IF(D18="SS304",Y82,IF(D18="SS316L",Z82)) -> 166080 | G18: =E18*F18 -> 166080 | I18: =I19*I20 -> 74008.6 | J18: =J19*J20 -> 32608.6 | K18: =K19*K20 -> 0 | L18: =L19*L20 -> 0 | M18: =M19*M20 -> 0 | N18: =N19*N20 -> 0 | O18: =O19*O20 -> 0 | P18: =P19*P20 -> 0 | Q18: =Q19*Q20 -> 2000 | R18: =AA82*1.5 -> 90750 | S18: =G18+R18 -> 256830
H19: 표준가공 ( S/T : EA/H) | I19: 2 | J19: 2 | Q19: 0.2 | S19: =G19+R19 -> 0
H20: 표준가공 ( S/T : EA/H) | I20: =I21/10 -> 37004.3 | J20: =J21/10 -> 16304.3 | K20: =K21/10 -> 0 | L20: =L21/10 -> 0 | M20: =M21/10 -> 0 | N20: =N21/10 -> 0 | O20: =O21/10 -> 0 | P20: =P21/10 -> 0 | Q20: =Q21/10 -> 10000 | S20: =G20+R20 -> 0
H21: 표준가공 ( S/T : EA/H) | I21: 370043 | J21: 163043 | Q21: 100000 | S21: =G21+R21 -> 0
B22: 6 | C22: DISC SEAT Ret-Gasket | D22: 316L+G/P | E22: 1 | F22: =Y85 -> 25000 | G22: =F22*E22 -> 25000 | I22: 0 | J22: 0 | K22: 0 | L22: 0 | M22: 0 | N22: 0 | O22: 0 | P22: 0 | Q22: 0 | R22: 0 | S22: =G22+R22 -> 25000
B23: 7 | C23: SEAT GLAND BOLT | D23: =COVER!B21 -> B7(다크로) | E23: 20 | F23: =IF(D23="B8",Y91,IF(D23="B8M",Z91,IF(D23="B7(다크로)",AA91))) -> 400 | G23: =F23*E23 -> 8000 | I23: 0 | J23: 0 | K23: 0 | L23: 0 | M23: 0 | N23: 0 | O23: 0 | P23: 0 | Q23: 0 | R23: 0 | S23: =G23+R23 -> 8000
B24: 8 | C24: STEM | D24: =COVER!B17 -> A564T630 | E24: =V24*1.1 -> 22.539 | F24: =COVER!C17 -> 8500 | G24: =F24*E24 -> 191581.5 | I24: =I25*I26 -> 74008.6 | J24: =J25*J26 -> 0 | K24: =K25*K26 -> 0 | L24: =L25*L26 -> 0 | M24: =M25*M26 -> 0 | N24: =N25*N26 -> 0 | O24: =O25*O26 -> 0 | P24: =P25*P26 -> 0 | Q24: =Q25*Q26 -> 1000 | R24: =R12*0.3 -> 81000 | S24: =G24+R24 -> 272581.5 | V24: 20.49
H25: 표준가공 ( S/T : EA/H) | I25: 2 | Q25: 0.1 | S25: =G25+R25 -> 0
H26: 표준가공 ( S/T : EA/H) | I26: =I27/10 -> 37004.3 | Q26: =Q27/10 -> 10000 | S26: =G26+R26 -> 0
H27: 표준가공 ( S/T : EA/H) | I27: 370043 | Q27: 100000 | S27: =G27+R27 -> 0
B28: 9 | C28: PACKING | D28: PILLAR | E28: 1 | F28: 49900 | G28: =E28*F28 -> 49900 | R28: 0 | S28: =G28+R28 -> 49900
B29: 10 | C29: PACKING GLAND | D29: =COVER!B24 -> A351 CF8M | E29: 1 | F29: =IF(D29="A351 CF8M",Y98,IF(D29="B148 C95400",Z98)) -> 58500 | G29: =F29*E29 -> 58500 | I29: =I30*I31 -> 3065.28 | J29: =J30*J31 -> 3260.86 | K29: =K30*K31 -> 0 | L29: =L30*L31 -> 0 | M29: =M30*M31 -> 0 | N29: =N30*N31 -> 0 | O29: =O30*O31 -> 0 | P29: =P30*P31 -> 0 | Q29: =Q30*Q31 -> 0 | R29: 0 | S29: =G29+R29 -> 58500
H30: 표준가공 ( S/T : EA/H) | I30: 0.2 | J30: 0.2 | S30: =G30+R30 -> 0
H31: 표준가공 ( S/T : EA/H) | I31: =I32/10 -> 15326.4 | J31: =J32/10 -> 16304.3 | S31: =G31+R31 -> 0
H32: 표준가공 ( S/T : EA/H) | I32: 153264 | J32: 163043 | S32: =G32+R32 -> 0
B33: 11 | C33: PACKING PLATE | D33: =COVER!B26 -> 316+NICKEL | E33: 1 | F33: =IF(D33="316+NICKEL",Y100,IF(D33="B148 C95400",Z100)) -> 17000 | G33: =F33*E33 -> 17000 | I33: =I34*I35 -> 4597.92 | J33: =J34*J35 -> 0 | K33: =K34*K35 -> 0 | L33: =L34*L35 -> 0 | M33: =M34*M35 -> 0 | N33: =N34*N35 -> 0 | O33: =O34*O35 -> 0 | P33: =P34*P35 -> 0 | Q33: =Q34*Q35 -> 0 | R33: 0 | S33: =G33+R33 -> 17000 | T33: SET 단가
H34: 표준가공 ( S/T : EA/H) | I34: 0.3 | S34: =G34+R34 -> 0
H35: 표준가공 ( S/T : EA/H) | I35: =I36/10 -> 15326.4 | S35: =G35+R35 -> 0
H36: 표준가공 ( S/T : EA/H) | I36: 153264 | S36: =G36+R36 -> 0
B37: 12 | C37: PACKING GLAND BOLT / NUT | D37: =COVER!B22 -> B7(다크로) | E37: 6 | F37: =IF(D37="B8",Y92,IF(D37="B8M",Z92,IF(D37="B7(다크로)",AA92))) -> 1500 | G37: =E37*F37 -> 9000 | I37: 0 | J37: 0 | K37: 0 | L37: 0 | M37: 0 | N37: 0 | O37: 0 | P37: 0 | Q37: 0 | R37: 0 | S37: =G37+R37 -> 9000
B38: 13 | C38: LIVE LOADING SPRING | E38: 1 | F38: 10000 | G38: =E38*F38 -> 10000 | I38: 0 | J38: 0 | K38: 0 | L38: 0 | M38: 0 | N38: 0 | O38: 0 | P38: 0 | Q38: 0 | R38: 0 | S38: =G38+R38 -> 10000
B39: 14 | C39: BUSH(MAIN) | D39: =COVER!B23 -> 316+NICKEL | E39: 2 | F39: =IF(D39="316+NICKEL",Y96,IF(D39="B148 C95400",Z96)) -> 85000 | G39: =F39*1 -> 85000 | I39: =I40*I41 -> 0 | J39: =J40*J41 -> 0 | K39: =K40*K41 -> 0 | L39: =L40*L41 -> 0 | M39: =M40*M41 -> 0 | N39: =N40*N41 -> 0 | O39: =O40*O41 -> 0 | P39: =P40*P41 -> 0 | Q39: =Q40*Q41 -> 0 | R39: 0 | S39: =G39+R39 -> 85000 | T39: SET 단가
B40: 15 | C40: BUSH(STUB) | D40: =COVER!B23 -> 316+NICKEL | E40: 2 | F40: =IF(D40="316+NICKEL",Y97,IF(D40="B148 C95400",Z97)) -> 72000 | G40: =F40*1 -> 72000 | I40: =I41*I42 -> 0 | J40: =J41*J42 -> 0 | K40: =K41*K42 -> 0 | L40: =L41*L42 -> 0 | M40: =M41*M42 -> 0 | N40: =N41*N42 -> 0 | O40: =O41*O42 -> 0 | P40: =P41*P42 -> 0 | Q40: =Q41*Q42 -> 0 | R40: 0 | S40: =G40+R40 -> 72000 | T40: SET 단가
H41: 표준가공 ( S/T : EA/H) | S41: =G41+R41 -> 0
H42: 표준가공 ( S/T : EA/H) | S42: =G42+R42 -> 0
H43: 표준가공 ( S/T : EA/H) | S43: =G43+R43 -> 0
B44: 16 | C44: COLLAR ( STUB ) | D44: =COVER!B25 -> 316+NICKEL | E44: 1 | F44: =IF(D44="316+NICKEL",Y99,IF(D44="B148 C95400",Z99)) -> 12500 | G44: =F44*E44 -> 12500 | I44: 0 | J44: 0 | K44: 0 | L44: 0 | M44: 0 | N44: 0 | O44: 1000 | P44: 0 | Q44: 0 | R44: 0 | S44: =G44+R44 -> 12500 | T44: SET 단가
B45: 17 | C45: END COVER GASKET | D45: 316L+G/P | E45: 1 | F45: =Y87 -> 2670 | G45: =F45*E45 -> 2670 | H45: 0 | I45: 0 | J45: 0 | K45: 0 | L45: 0 | M45: 0 | N45: 0 | O45: 0 | P45: 0 | R45: 0 | S45: =G45+R45 -> 2670
B46: 18 | C46: END COVER | D46: =COVER!B29 -> SS400 | E46: 1 | F46: =IF(D46="SS400",Y104,IF(D46="SS316",Z104,IF(D46="SS304",AA104))) -> 8910 | G46: =F46*E46 -> 8910 | I46: =I47*I48 -> 4597.92 | J46: 0 | K46: 0 | L46: 0 | M46: 0 | N46: 0 | O46: 0 | P46: 0 | Q46: 0 | R46: 9000 | S46: =G46+R46 -> 17910
H47: 표준가공 ( S/T : EA/H) | I47: 0.3 | S47: =G47+R47 -> 0
H48: 표준가공 ( S/T : EA/H) | I48: =I49/10 -> 15326.4 | S48: =G48+R48 -> 0
H49: 표준가공 ( S/T : EA/H) | I49: 153264 | S49: =G49+R49 -> 0
B50: 19 | C50: END COVER BOLT | D50: =COVER!B22 -> B7(다크로) | E50: 6 | F50: =IF(D50="B8",Y93,IF(D50="B8M",Z93,IF(D50="B7(다크로)",AA93))) -> 2000 | G50: =E50*F50 -> 12000 | I50: 0 | J50: 0 | K50: 0 | L50: 0 | M50: 0 | N50: 0 | O50: 0 | P50: 0 | Q50: 0 | R50: 0 | S50: =G50+R50 -> 12000
B51: 20 | C51: DISC PIN | D51: =D24 -> A564T630 | E51: 4 | F51: =IF(D51="A276T316L",Y80/E51,IF(D51="A276T304",Z80/E51,IF(D51="A564T630",AA80/E51,IF(D51="A479T410",AB80/E51,IF(D51="UNS S31803",AC80/E51,IF(D51="UNS S32750",AD80/E51,IF(D51="MONEL K-500",AE80/E51))))))) -> 1181.25 | G51: =F51*E51 -> 4725 | I51: 0 | J51: 0 | K51: 0 | L51: 0 | M51: 0 | N51: 0 | O51: 1000 | P51: 0 | Q51: 0 | R51: =3500*E51 -> 14000 | S51: =G51+R51 -> 18725
B52: 21 | C52: TOP COVER BOLT | D52: =COVER!B22 -> B7(다크로) | E52: 4 | F52: =IF(D52="B8",Y90,IF(D52="B8M",Z90,IF(D52="B7(다크로)",AA90))) -> 5000 | G52: =F52*E52 -> 20000 | I52: 0 | J52: 0 | K52: 0 | L52: 0 | M52: 0 | N52: 1000 | O52: 1000 | P52: 1000 | Q52: 0 | R52: 0 | S52: =G52+R52 -> 20000
B53: 22 | C53: GEAR BOX PLATE | D53: =COVER!B26 -> 316+NICKEL | E53: 1 | F53: =IF(D53="316+NICKEL",Y100,IF(D53="B148 C95400",Z100)) -> 17000 | G53: =F53*E53 -> 17000 | R53: 0 | S53: =G53+R53 -> 17000
B54: 23 | C54: GEAR BOX KEY | E54: 1 | F54: 3000 | G54: =E54*F54 -> 3000 | I54: 0 | J54: 0 | K54: 0 | L54: 0 | M54: 0 | N54: 0 | O54: 0 | P54: 1000 | Q54: 0 | R54: 0 | S54: =G54+R54 -> 3000
B55: 24 | C55: GEAR BOX | D55: =COVER!B35 -> GEAR | E55: 1 | F55: =IF(D55="GEAR",304200,IF(D55="MOTOR",0,IF(D55="PNEUMATIC",0))) -> 304200 | G55: =F55 -> 304200 | I55: 0 | J55: 0 | K55: 0 | L55: 0 | M55: 0 | N55: 0 | O55: 0 | P55: 0 | Q55: 0 | R55: 0 | S55: =G55+R55 -> 304200
B56: 25 | C56: TOP COVER | D56: =COVER!B30 -> WCB | E56: 19 | F56: =IF(D56="WCB",4000,IF(D56="CF8M",9000)) -> 4000 | G56: =E56*F56 -> 76000 | R56: =IF(D56="WCB",AA106,IF(D56="CF8M",AB106)) -> 32400 | S56: =G56+R56 -> 108400
B57: 26 | C57: THRUST BEARING | D57: =COVER!B27 -> 316+NICKEL | E57: 2 | F57: =IF(D57="316+NICKEL",Y101,IF(D57="B148 C95400",Z101)) -> 26000 | G57: =F57 -> 26000 | R57: 0 | S57: =G57+R57 -> 26000 | T57: SET 단가
B58: 27 | C58: BEARING | D58: =COVER!B28 -> 316+NICKEL | E58: 2 | F58: =IF(D58="316+NICKEL",Y102,IF(D58="B148 C95400",Z102)) -> 3300 | G58: =F58 -> 3300 | R58: 0 | S58: =G58+R58 -> 3300 | T58: SET 단가
B59: 28 | C59: GEAR BOX BOLT | D59: =COVER!B22 -> B7(다크로) | E59: 4 | F59: =IF(D59="B8",Y89,IF(D59="B8M",Z89,IF(D59="B7(다크로)",AA89))) -> 2500 | G59: =E59*F59 -> 10000 | I59: 0 | J59: 0 | K59: 0 | L59: 0 | M59: 0 | N59: 0 | O59: 0 | P59: 0 | Q59: 0 | R59: 0 | S59: =G59+R59 -> 10000
B60: 29 | C60: PAINTING | D60: =COVER!B32 -> 외주 2COATING | E60: 1 | F60: =IF(COVER!B10="APPLICATION",0,IF(D60="기존 단가",Y116,IF(D60="외주 2COATING",Z116,IF(D60="외주 3COATING",AA116)))) -> 0 | G60: =E60*F60 -> 0 | I60: 0 | J60: 0 | K60: 0 | L60: 0 | M60: 0 | N60: 0 | O60: 0 | P60: 0 | Q60: 0 | R60: 0 | S60: =G60+R60 -> 0
B61: 30 | C61: ASSEMBLY | D61: =COVER!B33 -> 신규 | E61: 1 | F61: =IF(COVER!B10="APPLICATION",0,IF(D61="기존 단가",Y118,IF(D61="신규",Z118))) -> 0 | G61: =E61*F61 -> 0 | I61: 0 | J61: 0 | K61: 0 | L61: 0 | M61: 0 | N61: 0 | O61: 0 | P61: 0 | Q61: 0 | R61: 0 | S61: =G61+R61 -> 0
A62: 포 장 비 ( 실비 적용 ) | G62: =IF(COVER!B10="APPLICATION",0,IF(D55="GEAR",Y120,IF(D55="MOTOR",Z120,IF(D55="PNEUMATIC",AA120)))) -> 0 | S62: =G62+R62 -> 0
A63: 운 송 비 ( 실비 적용 ) | T63: DELETED
A64: 합 계 ( 제조원가 ) | S64: =SUM(S8:S63) -> 4156416.5 | T64: 제조원가
A65: 일반관리 ( 10 % ) | G65: 0.1 | S65: =S64*G65 -> 415641.65
A66: 영업이익 ( 10 % ) | G66: 0.1 | S66: =(S64+S65)*G66 -> 457205.82
A67: 표준원가 [재료비+가공비+일반관리비+영업이익(+포장비+운송비+후처리) ] | S67: =S64+S65+S66 -> 5029264 | T67: 표준원가
A68: FACTOR 적용 | G68: =COVER!B11 -> 1.5 | S68: =S67*G68 -> 7543895.9
A69: 견적 적용 금액 ( A or B ) | R69: A | S69: =S68 -> 7543895.9 | T69: 표준원가 X FACTOR 적용 | V69: DISC SEAT TYPE TRIPLE OFFSET BFV 원가 TABLE
R70: B | S70: =S64*G68 -> 6234624.8 | T70: 제조원가 X FACTOR 적용 | V70: DN450 150LB
C72: ▣ 표준원가 = 재료비 + 가공비 + 일반관리비 + 영업이익(+포장비+운반비+후가공비) | V72: PART | W72: 규격 | X72: 수량/단중 | Y72: 단가 | AF72: REAMRK
C73: ▣ 재료비 =[【 (NET+S/R) * (1+조건LOSS+가공LOSS) * 원자재가】- 회수재료비]+매입부품비 | V73: BODY | W73: FLANGE TYPE | X73: 227KG | Y73: 재질/업체별 단가 적용 | AF73: 재질별 단가표 참조
C74: ▣ 가공비 = 적용기계별 가공임률 적용 | W74: LUG TYPE | X74: 155KG | Y74: 재질/업체별 단가 적용 | AF74: 재질별 단가표 참조
C75: ▣ 일반관리비 = [재료비*재료비 일반관리율]+[가공비* 가공비 일반관리율] | V75: DISC | W75: 공용 | X75: 49KG | Y75: 재질/업체별 단가 적용 | AF75: 재질별 단가표 참조
C76: ▣ 영업이익 = 가공비 * 이익율 | V76: BODY STELLITE | W76: SUS+#6 | X76: 282600
C77: ▣ 포장비 = 실비인정(포장재가÷회전수÷포장수량 | W77: WCB+309+#6 | X77: 395600
C78: ▣ 운반비 = [기준운반비÷적재수량]-[가공일반비율*80] | V78: STEM | W78: Ø55 * 1081L | X78: 1EA | Y78: 316L | Z78: 304 | AA78: 630(H1150) | AB78: 410 C.2 | AC78: S31803 | AD78: S32750 | AE78: MONEL K-500
Y79: 120050 | Z79: 86265 | AA79: 162810 | AB79: 70210 | AC79: 162810 | AD79: 213395 | AE79: 742000 | AF79: 소재비/EA
C80: 【 임율산출근거】 | V80: DISC PIN | W80: Ø16 * 78L | X80: 4EA | Y80: 2500 | Z80: 1800 | AA80: 4725 | AB80: 2480 | AC80: 3400 | AD80: 6132 | AE80: 28800 | AF80: SET 단가
C81: ⓐ 가동율 = 24시간의 92%, 가동시간=22HR/일 | V81: SEAT GLAND | W81: Ø322.5 * Ø430 * 18.8T | X81: 1EA | Y81: 304 | Z81: 316L | AA81: 가공비
C82: ⓑ 기계감가상각비 = 기계취득가격÷5년÷300일 | Y82: 131480 | Z82: 166080 | AA82: 60500
C83: ⓒ 건물감가상각비 = 기계고유면적(3평)×5×100만원/평÷50년÷300일 | V83: LAMINATE SEAT | W83: Ø376 * Ø438 * 11T(316L 3T 3EA+G/P 1T 2EA) | X83: 1EA | Y83: SUS 소재비 | Z83: 제작비
C84: ⓓ 전력비 = 산업전력단가(70원)×전력용량×24HR | Y84: 68500 | Z84: 120000 | AF84: 1SET 분
C85: ⓔ 용수비 = 냉각수유량×단가(￦30/ton)×24HR | V85: SEAT GASKET | W85: Ø381 * Ø395 * 1.5T | X85: TH4000T | Y85: 25000 | AF85: 택 1
C86: ⓕ OIL비 = (￦193,300/200L×2회/년÷300일)×OIL탱크용량 | W86: Ø381 * Ø395 * 3.2T | X86: 316L+G/P | Y86: 15900
C87: ⓖ 공통비 = 기계가격×6%÷300일 | V87: END GASKET | W87: Ø93 * Ø81 * 3.2T | X87: 316L+G/P | Y87: 2670
C88: ⓗ 인건비 = 시급당 ￦4,370 시급기준[4대보험,식대,기타 포함/12년03월29일 기준] | V88: ASS'Y BOLT | Y88: B8 | Z88: B8M | AA88: B7(다크로)
V89: GEARBOX BOLT | W89: M20 * 50L, HEX/SW | X89: 4EA | Y89: 4500 | Z89: 5000 | AA89: 2500 | AF89: 단가*수량
V90: TOP COVER BOLT | W90: M24 * 120L, STUD/2N/2SW | X90: 4EA | Y90: 6800 | Z90: 10100 | AA90: 5000 | AF90: 단가*수량
C91: 【 생산량 산출근거 】 | V91: SEAT GLAND BOLT | W91: M12 * 20L, WRENCH | X91: 20EA | Y91: 500 | Z91: 1000 | AA91: 400 | AF91: 단가*수량
C92: ⓐ 생산량 = 최적생산량×(1-저하요인) | V92: PACKING GLAND BOLT | W92: M16 * 90L, STUD/N/SW | X92: 6EA | Y92: 2200 | Z92: 3000 | AA92: 1500 | AF92: 단가*수량
C93: ⓑ 최적생산량 = 1일 생산 수량 | V93: END COVER BOLT | W93: M16 * 50L, HEX/SW | X93: 6EA | Y93: 2000 | Z93: 2500 | AA93: 2000 | AF93: 단가*수량
V94: PACKING(6617+6710) | W94: Ø55 * Ø81 * 63.5H(5단) | X94: 1EA | Y94: 47100
V95: BUSH/BEARING | Y95: 316+NICKEL | Z95: B148 C95400
V96: MAIN BUSH | W96: Ø55 * Ø65 * 72.5L | X96: 2EA | Y96: 85000 | Z96: 55600 | AF96: SET 단가
V97: STUB BUSH | W97: Ø55 * Ø65 * 56.5L | X97: 2EA | Y97: 72000 | Z97: 49600 | AF97: SET 단가
V98: PACKING GLAND | W98: Ø55.5 * Ø80.8 * Ø145(20+30) | X98: 1EA | Y98: 58500 | Z98: 76000 | AF98: SET 단가
V99: COLLAR | W99: Ø37.1 * Ø66.9 * 15T | X99: 1EA | Y99: 12500 | Z99: 14200 | AF99: SET 단가
V100: PACKING PLATE | W100: Ø55.1 * Ø81 * 20T | X100: 1EA | Y100: 17000 | Z100: 19600 | AF100: SET 단가
V101: THRUST BEARING | W101: Ø56 * Ø80.8 * 10T | X101: 2EA | Y101: 26000 | Z101: 26000 | AF101: SET 단가
V102: BEARING | W102: Ø21 * Ø55 * 4T | X102: 2EA | Y102: 3300 | Z102: 14200 | AF102: SET 단가
...

Sheet 500-300LB
A1: TREIPLE VALVE 원가분석 ( 300# FLANGE SHORT)
T2: 단위 : 원
A3: SIZE | C3: DN 500 | D3: CLASS | E3: 300LB | F3: TYPE | G3: =COVER!B9 -> FLANGE | H3: TRIPLE 가공공정 | R3: F TO F | S3: API 609 CAT'- B SHROT PATTERN | T3: REMARK
A5: NO. | C5: DESCRIPTION | D5: MATERIAL | E5: 재료비 | H5: ST | I5: 세부 가공비 | R5: 가공비 | S5: 소 계 ( 재료비 + 가공비 )
I6: A | J6: B | K6: C | L6: D | M6: E | N6: F | O6: G | P6: H | Q6: I
E7: 중량 | F7: 단가 | G7: 소재비 | I7: 터닝/선반 | J7: 레디알 | K7: 보링 | L7: 터닝/선반 | M7: 동시보링 | N7: 레이알 | O7: 선반 | P7: 밀링 | Q7: 기타
A8: S T A N D A R D | B8: 1 | C8: =COVER!A14 -> BODY(LUG) | D8: =COVER!B14 -> 0 | E8: 210 | F8: =COVER!C14 -> 0 | G8: =F8*E8 -> 0 | I8: =I10*I9 -> 5.0670662e+14 | J8: =J10*J9 -> 4.3341753e+13 | K8: =K10*K9 -> 2.7047007e+14 | L8: =L10*L9 -> 5.0670662e+14 | M8: =M10*M9 -> 6.3241734e+14 | N8: =N10*N9 -> 4.6528628e+13 | O8: =O10*O9 -> 0 | P8: =P10*P9 -> 0 | Q8: =Q10*Q9 -> 10000000000000 | R8: =IF(COVER!C14>0,490000*1.2,0) -> 0 | S8: =G8+R8 -> 0 | T8: LUG
B9: 1-1 | C9: =COVER!A15 -> BODY(FLANGE) | D9: =COVER!B15 -> A216 WCB | E9: 300 | F9: =COVER!C15 -> 4300 | G9: =F9*E9 -> 1290000 | I9: =I11*I10 -> 1.3693182e+10 | J9: =J11*J10 -> 2.658302e+09 | K9: =K11*K10 -> 9.010443e+09 | L9: =L11*L10 -> 1.3693182e+10 | M9: =M11*M10 -> 1.5873372e+10 | N9: =N11*N10 -> 2.7870633e+09 | O9: =O11*O10 -> 0 | P9: =P11*P10 -> 0 | Q9: =Q11*Q10 -> 1000000000 | R9: =IF(COVER!C15>0,500000*1.2,0) -> 600000 | S9: =G9+R9 -> 1890000 | T9: FLANGE | V9: =R9 -> 600000
H10: 기계임률 / H | I10: =I11/10 -> 37004.3 | J10: =J11/10 -> 16304.3 | K10: =K11/10 -> 30017.4 | L10: =L11/10 -> 37004.3 | M10: =M11/10 -> 39841.4 | N10: =N11/10 -> 16694.5 | O10: =O11/10 -> 0 | P10: =P11/10 -> 0 | Q10: =Q11/10 -> 10000 | S10: =G10+R10 -> 0
H11: 기계임률 / DAY (10시간) | I11: 370043 | J11: 163043 | K11: 300174 | L11: 370043 | M11: 398414 | N11: 166945 | O11: 0 | P11: 0 | Q11: 100000 | S11: =G11+R11 -> 0
B12: 2 | C12: DISC | D12: =COVER!B16 -> A216 WCB | E12: 71 | F12: =COVER!C16 -> 4300 | G12: =F12*E12 -> 305300 | I12: =I13*I14 -> 111012.9 | J12: =J13*J14 -> 0 | K12: =K13*K14 -> 60034.8 | L12: =L13*L14 -> 111012.9 | M12: =M13*M14 -> 0 | N12: =N13*N14 -> 0 | O12: =O13*O14 -> 0 | P12: =P13*P14 -> 0 | Q12: =Q13*Q14 -> 4000 | R12: 300000 | S12: =G12+R12 -> 605300
H13: 표준가공 ( S/T : EA/H) | I13: 3 | J13: 0 | K13: 2 | L13: 3 | M13: 0 | N13: 0 | Q13: 0.4 | S13: =G13+R13 -> 0
H14: 기계임률 / H | I14: =I15/10 -> 37004.3 | J14: =J15/10 -> 16304.3 | K14: =K15/10 -> 30017.4 | L14: =L15/10 -> 37004.3 | M14: =M15/10 -> 39841.4 | N14: =N15/10 -> 16694.5 | O14: =O15/10 -> 0 | P14: =P15/10 -> 0 | Q14: =Q15/10 -> 10000 | S14: =G14+R14 -> 0
H15: 기계임률 / DAY | I15: 370043 | J15: 163043 | K15: 300174 | L15: 370043 | M15: 398414 | N15: 166945 | O15: 0 | P15: 0 | Q15: 100000 | S15: =G15+R15 -> 0
B16: 3 | C16: STELLITE on BODY | D16: =COVER!B19 -> WCB+309+#6 | E16: 1 | F16: =IF(D16="SUS+#6",X76,IF(D16="WCB+309+#6",X77)) -> 439600 | G16: =F16*E16 -> 439600 | I16: 0 | J16: 0 | K16: 0 | L16: 0 | M16: 0 | N16: 0 | O16: 0 | P16: 0 | Q16: 0 | R16: 0 | S16: =G16+R16 -> 439600
B17: 4 | C17: DISC SEAT | D17: =COVER!B18 -> A240T316L+GARPHITE | E17: 1 | F17: =IF(D17="A240T316L+GARPHITE",Y84+Z84) -> 214500 | G17: =F17*E17 -> 214500 | I17: 0 | J17: 0 | K17: 0 | L17: 0 | M17: 0 | N17: 0 | O17: 0 | P17: 0 | Q17: 0 | R17: =Z84*1.3 -> 169000 | S17: =G17+R17 -> 383500
B18: 5 | C18: SEAT GLAND | D18: =COVER!B20 -> SS316L | E18: 1 | F18: =IF(D18="SS304",Y82,IF(D18="SS316L",Z82)) -> 279840 | G18: =E18*F18 -> 279840 | I18: =I19*I20 -> 74008.6 | J18: =J19*J20 -> 32608.6 | K18: =K19*K20 -> 0 | L18: =L19*L20 -> 0 | M18: =M19*M20 -> 0 | N18: =N19*N20 -> 0 | O18: =O19*O20 -> 0 | P18: =P19*P20 -> 0 | Q18: =Q19*Q20 -> 2000 | R18: =AA82*1.5 -> 99000 | S18: =G18+R18 -> 378840
H19: 표준가공 ( S/T : EA/H) | I19: 2 | J19: 2 | Q19: 0.2 | S19: =G19+R19 -> 0
H20: 표준가공 ( S/T : EA/H) | I20: =I21/10 -> 37004.3 | J20: =J21/10 -> 16304.3 | K20: =K21/10 -> 0 | L20: =L21/10 -> 0 | M20: =M21/10 -> 0 | N20: =N21/10 -> 0 | O20: =O21/10 -> 0 | P20: =P21/10 -> 0 | Q20: =Q21/10 -> 10000 | S20: =G20+R20 -> 0
H21: 표준가공 ( S/T : EA/H) | I21: 370043 | J21: 163043 | Q21: 100000 | S21: =G21+R21 -> 0
B22: 6 | C22: DISC SEAT Ret-Gasket | D22: 316L+G/P | E22: 1 | F22: =Y85 -> 28000 | G22: =F22*E22 -> 28000 | I22: 0 | J22: 0 | K22: 0 | L22: 0 | M22: 0 | N22: 0 | O22: 0 | P22: 0 | Q22: 0 | R22: 0 | S22: =G22+R22 -> 28000
B23: 7 | C23: SEAT GLAND BOLT | D23: =COVER!B21 -> B7(다크로) | E23: 24 | F23: =IF(D23="B8",Y91,IF(D23="B8M",Z91,IF(D23="B7(다크로)",AA91))) -> 1000 | G23: =F23*E23 -> 24000 | I23: 0 | J23: 0 | K23: 0 | L23: 0 | M23: 0 | N23: 0 | O23: 0 | P23: 0 | Q23: 0 | R23: 0 | S23: =G23+R23 -> 24000
B24: 8 | C24: STEM | D24: =COVER!B17 -> A564T630 | E24: =V24*1.1 -> 28.567 | F24: =COVER!C17 -> 8500 | G24: =F24*E24 -> 242819.5 | I24: =I25*I26 -> 74008.6 | J24: =J25*J26 -> 0 | K24: =K25*K26 -> 0 | L24: =L25*L26 -> 0 | M24: =M25*M26 -> 0 | N24: =N25*N26 -> 0 | O24: =O25*O26 -> 0 | P24: =P25*P26 -> 0 | Q24: =Q25*Q26 -> 1000 | R24: =R12*0.3 -> 90000 | S24: =G24+R24 -> 332819.5 | V24: 25.97
H25: 표준가공 ( S/T : EA/H) | I25: 2 | Q25: 0.1 | S25: =G25+R25 -> 0
H26: 표준가공 ( S/T : EA/H) | I26: =I27/10 -> 37004.3 | Q26: =Q27/10 -> 10000 | S26: =G26+R26 -> 0
H27: 표준가공 ( S/T : EA/H) | I27: 370043 | Q27: 100000 | S27: =G27+R27 -> 0
B28: 9 | C28: PACKING | D28: PILLAR | E28: 1 | F28: 49900 | G28: =E28*F28 -> 49900 | R28: 0 | S28: =G28+R28 -> 49900
B29: 10 | C29: PACKING GLAND | D29: =COVER!B24 -> A351 CF8M | E29: 1 | F29: =IF(D29="A351 CF8M",Y98,IF(D29="B148 C95400",Z98)) -> 75000 | G29: =F29*E29 -> 75000 | I29: =I30*I31 -> 3065.28 | J29: =J30*J31 -> 3260.86 | K29: =K30*K31 -> 0 | L29: =L30*L31 -> 0 | M29: =M30*M31 -> 0 | N29: =N30*N31 -> 0 | O29: =O30*O31 -> 0 | P29: =P30*P31 -> 0 | Q29: =Q30*Q31 -> 0 | R29: 0 | S29: =G29+R29 -> 75000
H30: 표준가공 ( S/T : EA/H) | I30: 0.2 | J30: 0.2 | S30: =G30+R30 -> 0
H31: 표준가공 ( S/T : EA/H) | I31: =I32/10 -> 15326.4 | J31: =J32/10 -> 16304.3 | S31: =G31+R31 -> 0
H32: 표준가공 ( S/T : EA/H) | I32: 153264 | J32: 163043 | S32: =G32+R32 -> 0
B33: 11 | C33: PACKING PLATE | D33: =COVER!B26 -> 316+NICKEL | E33: 1 | F33: =IF(D33="316+NICKEL",Y101,IF(D33="B148 C95400",Z101)) -> 22000 | G33: =F33*E33 -> 22000 | I33: =I34*I35 -> 4597.92 | J33: =J34*J35 -> 0 | K33: =K34*K35 -> 0 | L33: =L34*L35 -> 0 | M33: =M34*M35 -> 0 | N33: =N34*N35 -> 0 | O33: =O34*O35 -> 0 | P33: =P34*P35 -> 0 | Q33: =Q34*Q35 -> 0 | R33: 0 | S33: =G33+R33 -> 22000 | T33: SET 단가
H34: 표준가공 ( S/T : EA/H) | I34: 0.3 | S34: =G34+R34 -> 0
H35: 표준가공 ( S/T : EA/H) | I35: =I36/10 -> 15326.4 | S35: =G35+R35 -> 0
H36: 표준가공 ( S/T : EA/H) | I36: 153264 | S36: =G36+R36 -> 0
B37: 12 | C37: PACKING GLAND BOLT / NUT | D37: =COVER!B22 -> B7(다크로) | E37: 6 | F37: =IF(D37="B8",Y93,IF(D37="B8M",Z93,IF(D37="B7(다크로)",AA93))) -> 1500 | G37: =E37*F37 -> 9000 | I37: 0 | J37: 0 | K37: 0 | L37: 0 | M37: 0 | N37: 0 | O37: 0 | P37: 0 | Q37: 0 | R37: 0 | S37: =G37+R37 -> 9000
B38: 13 | C38: LIVE LOADING SPRING | E38: 1 | F38: 10000 | G38: =E38*F38 -> 10000 | I38: 0 | J38: 0 | K38: 0 | L38: 0 | M38: 0 | N38: 0 | O38: 0 | P38: 0 | Q38: 0 | R38: 0 | S38: =G38+R38 -> 10000
B39: 14 | C39: BUSH(MAIN) | D39: =COVER!B23 -> 316+NICKEL | E39: 2 | F39: =IF(D39="316+NICKEL",Y97,IF(D39="B148 C95400",Z97)) -> 86000 | G39: =F39*1 -> 86000 | I39: =I40*I41 -> 0 | J39: =J40*J41 -> 0 | K39: =K40*K41 -> 0 | L39: =L40*L41 -> 0 | M39: =M40*M41 -> 0 | N39: =N40*N41 -> 0 | O39: =O40*O41 -> 0 | P39: =P40*P41 -> 0 | Q39: =Q40*Q41 -> 0 | R39: 0 | S39: =G39+R39 -> 86000 | T39: SET 단가
B40: 15 | C40: BUSH(STUB) | D40: =COVER!B23 -> 316+NICKEL | E40: 2 | F40: =IF(D40="316+NICKEL",Y98,IF(D40="B148 C95400",Z98)) -> 75000 | G40: =F40*1 -> 75000 | I40: =I41*I42 -> 0 | J40: =J41*J42 -> 0 | K40: =K41*K42 -> 0 | L40: =L41*L42 -> 0 | M40: =M41*M42 -> 0 | N40: =N41*N42 -> 0 | O40: =O41*O42 -> 0 | P40: =P41*P42 -> 0 | Q40: =Q41*Q42 -> 0 | R40: 0 | S40: =G40+R40 -> 75000 | T40: SET 단가
H41: 표준가공 ( S/T : EA/H) | S41: =G41+R41 -> 0
H42: 표준가공 ( S/T : EA/H) | S42: =G42+R42 -> 0
H43: 표준가공 ( S/T : EA/H) | S43: =G43+R43 -> 0
B44: 16 | C44: COLLAR ( STUB ) | D44: =COVER!B25 -> 316+NICKEL | E44: 1 | F44: =IF(D44="316+NICKEL",Y100,IF(D44="B148 C95400",Z100)) -> 13500 | G44: =F44*E44 -> 13500 | I44: 0 | J44: 0 | K44: 0 | L44: 0 | M44: 0 | N44: 0 | O44: 1000 | P44: 0 | Q44: 0 | R44: 0 | S44: =G44+R44 -> 13500 | T44: SET 단가
B45: 17 | C45: END COVER GASKET | D45: 316L+G/P | E45: 1 | F45: =Y87 -> 3660 | G45: =F45*E45 -> 3660 | H45: 0 | I45: 0 | J45: 0 | K45: 0 | L45: 0 | M45: 0 | N45: 0 | O45: 0 | P45: 0 | R45: 0 | S45: =G45+R45 -> 3660
B46: 18 | C46: END COVER | D46: =COVER!B29 -> SS400 | E46: 1 | F46: =IF(D46="SS400",Y105,IF(D46="SS316",Z105,IF(D46="SS304",AA105))) -> 8910 | G46: =F46*E46 -> 8910 | I46: =I47*I48 -> 4597.92 | J46: 0 | K46: 0 | L46: 0 | M46: 0 | N46: 0 | O46: 0 | P46: 0 | Q46: 0 | R46: 9500 | S46: =G46+R46 -> 18410
H47: 표준가공 ( S/T : EA/H) | I47: 0.3 | S47: =G47+R47 -> 0
H48: 표준가공 ( S/T : EA/H) | I48: =I49/10 -> 15326.4 | S48: =G48+R48 -> 0
H49: 표준가공 ( S/T : EA/H) | I49: 153264 | S49: =G49+R49 -> 0
B50: 19 | C50: END COVER BOLT | D50: =COVER!B22 -> B7(다크로) | E50: 6 | F50: =IF(D50="B8",Y94,IF(D50="B8M",Z94,IF(D50="B7(다크로)",AA94))) -> 2000 | G50: =E50*F50 -> 12000 | I50: 0 | J50: 0 | K50: 0 | L50: 0 | M50: 0 | N50: 0 | O50: 0 | P50: 0 | Q50: 0 | R50: 0 | S50: =G50+R50 -> 12000
B51: 20 | C51: DISC PIN | D51: =D24 -> A564T630 | E51: 4 | F51: =IF(D51="A276T316L",Y80/E51,IF(D51="A276T304",Z80/E51,IF(D51="A564T630",AA80/E51,IF(D51="A479T410",AB80/E51,IF(D51="UNS S31803",AC80/E51,IF(D51="UNS S32750",AD80/E51,IF(D51="MONEL K-500",AE80/E51))))))) -> 1350 | G51: =F51*E51 -> 5400 | I51: 0 | J51: 0 | K51: 0 | L51: 0 | M51: 0 | N51: 0 | O51: 1000 | P51: 0 | Q51: 0 | R51: =E51*4000 -> 16000 | S51: =G51+R51 -> 21400
B52: 21 | C52: TOP COVER BOLT | D52: =COVER!B22 -> B7(다크로) | E52: 4 | F52: =IF(D52="B8",Y90,IF(D52="B8M",Z90,IF(D52="B7(다크로)",AA90))) -> 5000 | G52: =F52*E52 -> 20000 | I52: 0 | J52: 0 | K52: 0 | L52: 0 | M52: 0 | N52: 1000 | O52: 1000 | P52: 1000 | Q52: 0 | R52: 0 | S52: =G52+R52 -> 20000
B53: 22 | C53: GEAR BOX PLATE | D53: =COVER!B26 -> 316+NICKEL | E53: 1 | F53: =IF(D53="316+NICKEL",Y101,IF(D53="B148 C95400",Z101)) -> 22000 | G53: =F53*E53 -> 22000 | R53: 0 | S53: =G53+R53 -> 22000
B54: 23 | C54: GEAR BOX KEY | E54: 1 | F54: 3000 | G54: =E54*F54 -> 3000 | I54: 0 | J54: 0 | K54: 0 | L54: 0 | M54: 0 | N54: 0 | O54: 0 | P54: 1000 | Q54: 0 | R54: 0 | S54: =G54+R54 -> 3000
B55: 24 | C55: GEAR BOX | D55: =COVER!B35 -> GEAR | E55: 1 | F55: =IF(D55="GEAR",304200,IF(D55="MOTOR",0,IF(D55="PNEUMATIC",0))) -> 304200 | G55: =F55 -> 304200 | I55: 0 | J55: 0 | K55: 0 | L55: 0 | M55: 0 | N55: 0 | O55: 0 | P55: 0 | Q55: 0 | R55: 0 | S55: =G55+R55 -> 304200
B56: 25 | C56: TOP COVER | D56: =COVER!B30 -> WCB | E56: 19 | F56: =IF(D56="WCB",4000,IF(D56="CF8M",9000)) -> 4000 | G56: =E56*F56 -> 76000 | R56: =IF(D56="WCB",AA107,IF(D56="CF8M",AB107)) -> 32400 | S56: =G56+R56 -> 108400
B57: 26 | C57: THRUST BEARING | D57: =COVER!B27 -> 316+NICKEL | E57: 2 | F57: =IF(D57="316+NICKEL",Y102,IF(D57="B148 C95400",Z102)) -> 30500 | G57: =F57 -> 30500 | R57: 0 | S57: =G57+R57 -> 30500 | T57: SET 단가
B58: 27 | C58: BEARING | D58: =COVER!B28 -> 316+NICKEL | E58: 2 | F58: =IF(D58="316+NICKEL",Y103,IF(D58="B148 C95400",Z103)) -> 3500 | G58: =F58 -> 3500 | R58: 0 | S58: =G58+R58 -> 3500 | T58: SET 단가
B59: 28 | C59: GEAR BOX BOLT | D59: =COVER!B22 -> B7(다크로) | E59: 4 | F59: =IF(D59="B8",Y89,IF(D59="B8M",Z89,IF(D59="B7(다크로)",AA89))) -> 1800 | G59: =E59*F59 -> 7200 | I59: 0 | J59: 0 | K59: 0 | L59: 0 | M59: 0 | N59: 0 | O59: 0 | P59: 0 | Q59: 0 | R59: 0 | S59: =G59+R59 -> 7200
B60: 29 | C60: PAINTING | D60: =COVER!B32 -> 외주 2COATING | E60: 1 | F60: =IF(COVER!B10="APPLICATION",0,IF(D60="기존 단가",Y116,IF(D60="외주 2COATING",Z116,IF(D60="외주 3COATING",AA116)))) -> 0 | G60: =E60*F60 -> 0 | I60: 0 | J60: 0 | K60: 0 | L60: 0 | M60: 0 | N60: 0 | O60: 0 | P60: 0 | Q60: 0 | R60: 0 | S60: =G60+R60 -> 0
B61: 30 | C61: ASSEMBLY | D61: =COVER!B33 -> 신규 | E61: 1 | F61: =IF(COVER!B10="APPLICATION",0,IF(D61="기존 단가",Y118,IF(D61="신규",Z118))) -> 0 | G61: =E61*F61 -> 0 | I61: 0 | J61: 0 | K61: 0 | L61: 0 | M61: 0 | N61: 0 | O61: 0 | P61: 0 | Q61: 0 | R61: 0 | S61: =G61+R61 -> 0
A62: 포 장 비 ( 실비 적용 ) | G62: =IF(COVER!B10="APPLICATION",0,IF(D55="GEAR",Y120,IF(D55="MOTOR",Z120,IF(D55="PNEUMATIC",AA120)))) -> 0 | S62: =G62+R62 -> 0
A63: 운 송 비 ( 실비 적용 ) | T63: DELETED
A64: 합 계 ( 제조원가 ) | S64: =SUM(S8:S63) -> 4976729.5 | T64: 제조원가
A65: 일반관리 ( 10 % ) | G65: 0.1 | S65: =S64*G65 -> 497672.95
A66: 영업이익 ( 10 % ) | G66: 0.1 | S66: =(S64+S65)*G66 -> 547440.24
A67: 표준원가 [재료비+가공비+일반관리비+영업이익(+포장비+운송비+후처리) ] | S67: =S64+S65+S66 -> 6021842.7 | T67: 표준원가
A68: FACTOR 적용 | G68: =COVER!B11 -> 1.5 | S68: =S67*G68 -> 9032764
A69: 견적 적용 금액 ( A or B ) | R69: A | S69: =S68 -> 9032764 | T69: 표준원가 X FACTOR 적용 | V69: DISC SEAT TYPE TRIPLE OFFSET BFV 원가 TABLE
R70: B | S70: =S64*G68 -> 7465094.2 | T70: 제조원가 X FACTOR 적용 | V70: DN500 150LB
C72: ▣ 표준원가 = 재료비 + 가공비 + 일반관리비 + 영업이익(+포장비+운반비+후가공비) | V72: PART | W72: 규격 | X72: 수량/단중 | Y72: 단가 | AF72: REAMRK
C73: ▣ 재료비 =[【 (NET+S/R) * (1+조건LOSS+가공LOSS) * 원자재가】- 회수재료비]+매입부품비 | V73: BODY | W73: FLANGE TYPE | X73: 270KG | Y73: 재질/업체별 단가 적용 | AF73: 재질별 단가표 참조
C74: ▣ 가공비 = 적용기계별 가공임률 적용 | W74: LUG TYPE | X74: 210KG | Y74: 재질/업체별 단가 적용 | AF74: 재질별 단가표 참조
C75: ▣ 일반관리비 = [재료비*재료비 일반관리율]+[가공비* 가공비 일반관리율] | V75: DISC | W75: 공용 | X75: 71KG | Y75: 재질/업체별 단가 적용 | AF75: 재질별 단가표 참조
C76: ▣ 영업이익 = 가공비 * 이익율 | V76: BODY STELLITE | W76: SUS+#6 | X76: 314000
C77: ▣ 포장비 = 실비인정(포장재가÷회전수÷포장수량 | W77: WCB+309+#6 | X77: 439600
C78: ▣ 운반비 = [기준운반비÷적재수량]-[가공일반비율*80] | V78: STEM | W78: Ø60 * 1151L | X78: 1EA | Y78: 316L | Z78: 304 | AA78: 630(H1150) | AB78: 410 C.2 | AC78: S31803 | AD78: S32750 | AE78: MONEL K-500
Y79: 149940 | Z79: 107920 | AA79: 203680 | AB79: 87615 | AC79: 203680 | AD79: 266526 | AE79: 906000 | AF79: 소재비/EA
C80: 【 임율산출근거】 | V80: DISC PIN | W80: Ø16 * 87L | X80: 4EA | Y80: 3000 | Z80: 2160 | AA80: 5400 | AB80: 2790 | AC80: 4080 | AD80: 6132 | AE80: 28800 | AF80: SET 단가
C81: ⓐ 가동율 = 24시간의 92%, 가동시간=22HR/일 | V81: SEAT GLAND | W81: Ø358.5 * Ø480 * 24.7T | X81: 1EA | Y81: 304 | Z81: 316L | AA81: 가공비
C82: ⓑ 기계감가상각비 = 기계취득가격÷5년÷300일 | Y82: 221540 | Z82: 279840 | AA82: 66000
C83: ⓒ 건물감가상각비 = 기계고유면적(3평)×5×100만원/평÷50년÷300일 | V83: LAMINATE SEAT | W83: Ø426 * Ø488 * 11T(316L 3T 3EA+G/P 1T 2EA) | X83: 1EA | Y83: SUS 소재비 | Z83: 제작비
C84: ⓓ 전력비 = 산업전력단가(70원)×전력용량×24HR | Y84: 84500 | Z84: 130000 | AF84: 1SET 분
C85: ⓔ 용수비 = 냉각수유량×단가(￦30/ton)×24HR | V85: SEAT GASKET | W85: Ø430 * Ø454 * 1.5T | X85: TH4000T | Y85: 28000 | AF85: 택 1
C86: ⓕ OIL비 = (￦193,300/200L×2회/년÷300일)×OIL탱크용량 | W86: Ø430 * Ø454 * 3.2T | X86: 316L+G/P | Y86: 18000
C87: ⓖ 공통비 = 기계가격×6%÷300일 | V87: END GASKET | W87: Ø86 * Ø98 * 3.2T | X87: 316L+G/P | Y87: 3660
C88: ⓗ 인건비 = 시급당 ￦4,370 시급기준[4대보험,식대,기타 포함/12년03월29일 기준] | V88: ASS'Y BOLT | Y88: B8 | Z88: B8M | AA88: B7(다크로)
V89: GEARBOX BOLT | W89: M20 * 75L, STUD/N/SW | X89: 4EA | Y89: 3000 | Z89: 4000 | AA89: 1800 | AF89: 단가*수량
V90: TOP COVER BOLT | W90: M24 * 120L, STUD/2N/2SW | X90: 4EA | Y90: 6800 | Z90: 10100 | AA90: 5000 | AF90: 단가*수량
C91: 【 생산량 산출근거 】 | V91: SEAT GLAND BOLT | W91: M16 * 20L, WRENCH | X91: 2EA | Y91: 1200 | Z91: 2500 | AA91: 1000 | AF91: 단가*수량
C92: ⓐ 생산량 = 최적생산량×(1-저하요인) | V92: SEAT GLAND BOLT | W92: M16 * 25L, WRENCH | X92: 22EA | Y92: 1200 | Z92: 2500 | AA92: 1000 | AF92: 단가*수량
C93: ⓑ 최적생산량 = 1일 생산 수량 | V93: PACKING GLAND BOLT | W93: M16 * 80L, STUD/N/SW | X93: 6EA | Y93: 2000 | Z93: 3000 | AA93: 1500 | AF93: 단가*수량
V94: END COVER BOLT | W94: M16 * 50L, HEX/SW | X94: 6EA | Y94: 2000 | Z94: 2500 | AA94: 2000 | AF94: 단가*수량
V95: PACKING(6617+6710) | W95: Ø60 * Ø86 * 63.5H(5단) | X95: 1EA | Y95: 49900
V96: BUSH/BEARING | Y96: 316+NICKEL | Z96: B148 C95400
V97: MAIN BUSH | W97: Ø60 * Ø70 * 74L | X97: 2EA | Y97: 86000 | Z97: 61600 | AF97: SET 단가
V98: STUB BUSH | W98: Ø60 * Ø70 * 60.5L | X98: 2EA | Y98: 75000 | Z98: 55200 | AF98: SET 단가
V99: PACKING GLAND | W99: Ø60.5 * Ø85.8 * Ø155(20+30) | X99: 1EA | Y99: 67000 | Z99: 86000 | AF99: SET 단가
V100: COLLAR | W100: Ø42 * Ø72.9 * 15T | X100: 1EA | Y100: 13500 | Z100: 14600 | AF100: SET 단가
V101: PACKING PLATE | W101: Ø60.1 * Ø86 * 20T | X101: 1EA | Y101: 22000 | Z101: 20800 | AF101: SET 단가
V102: THRUST BEARING | W102: Ø61 * Ø85.8 * 10T | X102: 2EA | Y102: 30500 | Z102: 27200 | AF102: SET 단가
...

Sheet 600-300LB
A1: TREIPLE VALVE 원가분석 ( 300# FLANGE SHORT)
T2: 단위 : 원
A3: SIZE | C3: DN 600 | D3: CLASS | E3: 300LB | F3: TYPE | G3: =COVER!B9 -> FLANGE | H3: TRIPLE 가공공정 | R3: F TO F | S3: API 609 CAT'- B SHROT PATTERN | T3: REMARK
A5: NO. | C5: DESCRIPTION | D5: MATERIAL | E5: 재료비 | H5: ST | I5: 세부 가공비 | R5: 가공비 | S5: 소 계 ( 재료비 + 가공비 )
I6: A | J6: B | K6: C | L6: D | M6: E | N6: F | O6: G | P6: H | Q6: I
E7: 중량/개수 | F7: 단가 | G7: 소재비 | I7: 터닝/선반 | J7: 레디알 | K7: 보링 | L7: 터닝/선반 | M7: 동시보링 | N7: 레이알 | O7: 선반 | P7: 밀링 | Q7: 기타
A8: S T A N D A R D | B8: 1 | C8: =COVER!A14 -> BODY(LUG) | D8: =COVER!B14 -> 0 | E8: =560*1.2 -> 672 | F8: =COVER!C14 -> 0 | G8: 0 | I8: =I10*I9 -> 5.0670662e+14 | J8: =J10*J9 -> 4.3341753e+13 | K8: =K10*K9 -> 2.7047007e+14 | L8: =L10*L9 -> 5.0670662e+14 | M8: =M10*M9 -> 6.3241734e+14 | N8: =N10*N9 -> 4.6528628e+13 | O8: =O10*O9 -> 0 | P8: =P10*P9 -> 0 | Q8: =Q10*Q9 -> 10000000000000 | R8: =IF(COVER!C14>0,590000*1.2,0) -> 0 | S8: =G8+R8 -> 0 | T8: LUG
B9: 1-1 | C9: =COVER!A15 -> BODY(FLANGE) | D9: =COVER!B15 -> A216 WCB | E9: 730 | F9: =COVER!C15 -> 4300 | G9: =F9*E9 -> 3139000 | I9: =I11*I10 -> 1.3693182e+10 | J9: =J11*J10 -> 2.658302e+09 | K9: =K11*K10 -> 9.010443e+09 | L9: =L11*L10 -> 1.3693182e+10 | M9: =M11*M10 -> 1.5873372e+10 | N9: =N11*N10 -> 2.7870633e+09 | O9: =O11*O10 -> 0 | P9: =P11*P10 -> 0 | Q9: =Q11*Q10 -> 1000000000 | R9: =IF(COVER!C15>0,600000*1.2,0) -> 720000 | S9: =G9+R9 -> 3859000 | T9: FLANGE
H10: 기계임률 / H | I10: =I11/10 -> 37004.3 | J10: =J11/10 -> 16304.3 | K10: =K11/10 -> 30017.4 | L10: =L11/10 -> 37004.3 | M10: =M11/10 -> 39841.4 | N10: =N11/10 -> 16694.5 | O10: =O11/10 -> 0 | P10: =P11/10 -> 0 | Q10: =Q11/10 -> 10000 | S10: =G10+R10 -> 0
H11: 기계임률 / DAY (10시간) | I11: 370043 | J11: 163043 | K11: 300174 | L11: 370043 | M11: 398414 | N11: 166945 | O11: 0 | P11: 0 | Q11: 100000 | S11: =G11+R11 -> 0
B12: 2 | C12: DISC | D12: =COVER!B16 -> A216 WCB | E12: 190 | F12: =COVER!C16 -> 4300 | G12: =F12*E12 -> 817000 | I12: =I13*I14 -> 111012.9 | J12: =J13*J14 -> 0 | K12: =K13*K14 -> 60034.8 | L12: =L13*L14 -> 111012.9 | M12: =M13*M14 -> 0 | N12: =N13*N14 -> 0 | O12: =O13*O14 -> 0 | P12: =P13*P14 -> 0 | Q12: =Q13*Q14 -> 4000 | R12: 414000 | S12: =G12+R12 -> 1231000
H13: 표준가공 ( S/T : EA/H) | I13: 3 | J13: 0 | K13: 2 | L13: 3 | M13: 0 | N13: 0 | Q13: 0.4 | S13: =G13+R13 -> 0
H14: 기계임률 / H | I14: =I15/10 -> 37004.3 | J14: =J15/10 -> 16304.3 | K14: =K15/10 -> 30017.4 | L14: =L15/10 -> 37004.3 | M14: =M15/10 -> 39841.4 | N14: =N15/10 -> 16694.5 | O14: =O15/10 -> 0 | P14: =P15/10 -> 0 | Q14: =Q15/10 -> 10000 | S14: =G14+R14 -> 0
H15: 기계임률 / DAY | I15: 370043 | J15: 163043 | K15: 300174 | L15: 370043 | M15: 398414 | N15: 166945 | O15: 0 | P15: 0 | Q15: 100000 | S15: =G15+R15 -> 0
B16: 3 | C16: STELLITE on BODY | D16: =COVER!B19 -> WCB+309+#6 | E16: 1 | F16: =IF(D16="SUS+#6",X76,IF(D16="WCB+309+#6",X77)) -> 686800 | G16: =F16*E16 -> 686800 | I16: 0 | J16: 0 | K16: 0 | L16: 0 | M16: 0 | N16: 0 | O16: 0 | P16: 0 | Q16: 0 | R16: 0 | S16: =G16+R16 -> 686800
B17: 4 | C17: DISC SEAT | D17: =COVER!B18 -> A240T316L+GARPHITE | E17: 1 | F17: =IF(D17="A240T316L+GARPHITE",Y84+Z84) -> 303600 | G17: =F17*E17 -> 303600 | I17: 0 | J17: 0 | K17: 0 | L17: 0 | M17: 0 | N17: 0 | O17: 0 | P17: 0 | Q17: 0 | R17: =Z84*1.3 -> 195000 | S17: =G17+R17 -> 498600
B18: 5 | C18: SEAT GLAND | D18: =COVER!B20 -> SS316L | E18: 1 | F18: =IF(D18="SS304",Y82,IF(D18="SS316L",Z82)) -> 290000 | G18: =E18*F18 -> 290000 | I18: =I19*I20 -> 74008.6 | J18: =J19*J20 -> 32608.6 | K18: =K19*K20 -> 0 | L18: =L19*L20 -> 0 | M18: =M19*M20 -> 0 | N18: =N19*N20 -> 0 | O18: =O19*O20 -> 0 | P18: =P19*P20 -> 0 | Q18: =Q19*Q20 -> 2000 | R18: =AA82*1.5 -> 126000 | S18: =G18+R18 -> 416000
H19: 표준가공 ( S/T : EA/H) | I19: 2 | J19: 2 | Q19: 0.2 | S19: =G19+R19 -> 0
H20: 표준가공 ( S/T : EA/H) | I20: =I21/10 -> 37004.3 | J20: =J21/10 -> 16304.3 | K20: =K21/10 -> 0 | L20: =L21/10 -> 0 | M20: =M21/10 -> 0 | N20: =N21/10 -> 0 | O20: =O21/10 -> 0 | P20: =P21/10 -> 0 | Q20: =Q21/10 -> 10000 | S20: =G20+R20 -> 0
H21: 표준가공 ( S/T : EA/H) | I21: 370043 | J21: 163043 | Q21: 100000 | S21: =G21+R21 -> 0
B22: 6 | C22: DISC SEAT Ret-Gasket | D22: 316L+G/P | E22: 1 | F22: =Y85 -> 30000 | G22: =F22*E22 -> 30000 | I22: 0 | J22: 0 | K22: 0 | L22: 0 | M22: 0 | N22: 0 | O22: 0 | P22: 0 | Q22: 0 | R22: 0 | S22: =G22+R22 -> 30000
B23: 7 | C23: SEAT GLAND BOLT | D23: =COVER!B21 -> B7(다크로) | E23: 28 | F23: =IF(D23="B8",Y91,IF(D23="B8M",Z91,IF(D23="B7(다크로)",AA91))) -> 2000 | G23: =F23*E23 -> 56000 | I23: 0 | J23: 0 | K23: 0 | L23: 0 | M23: 0 | N23: 0 | O23: 0 | P23: 0 | Q23: 0 | R23: 0 | S23: =G23+R23 -> 56000
B24: 8 | C24: STEM | D24: =COVER!B17 -> A564T630 | E24: 142 | F24: =COVER!C17 -> 8500 | G24: =F24*E24 -> 1207000 | I24: =I25*I26 -> 74008.6 | J24: =J25*J26 -> 0 | K24: =K25*K26 -> 0 | L24: =L25*L26 -> 0 | M24: =M25*M26 -> 0 | N24: =N25*N26 -> 0 | O24: =O25*O26 -> 0 | P24: =P25*P26 -> 0 | Q24: =Q25*Q26 -> 1000 | R24: =R12*0.3 -> 124200 | S24: =G24+R24 -> 1331200
H25: 표준가공 ( S/T : EA/H) | I25: 2 | Q25: 0.1 | S25: =G25+R25 -> 0
H26: 표준가공 ( S/T : EA/H) | I26: =I27/10 -> 37004.3 | Q26: =Q27/10 -> 10000 | S26: =G26+R26 -> 0
H27: 표준가공 ( S/T : EA/H) | I27: 370043 | Q27: 100000 | S27: =G27+R27 -> 0
B28: 9 | C28: PACKING | D28: PILLAR | E28: 1 | F28: 234500 | G28: =E28*F28 -> 234500 | R28: 0 | S28: =G28+R28 -> 234500
B29: 10 | C29: PACKING GLAND | D29: =COVER!B24 -> A351 CF8M | E29: 1 | F29: =IF(D29="A351 CF8M",Y101,IF(D29="B148 C95400",Z101)) -> 242000 | G29: =F29*E29 -> 242000 | I29: =I30*I31 -> 3065.28 | J29: =J30*J31 -> 3260.86 | K29: =K30*K31 -> 0 | L29: =L30*L31 -> 0 | M29: =M30*M31 -> 0 | N29: =N30*N31 -> 0 | O29: =O30*O31 -> 0 | P29: =P30*P31 -> 0 | Q29: =Q30*Q31 -> 0 | R29: 0 | S29: =G29+R29 -> 242000
H30: 표준가공 ( S/T : EA/H) | I30: 0.2 | J30: 0.2 | S30: =G30+R30 -> 0
H31: 표준가공 ( S/T : EA/H) | I31: =I32/10 -> 15326.4 | J31: =J32/10 -> 16304.3 | S31: =G31+R31 -> 0
H32: 표준가공 ( S/T : EA/H) | I32: 153264 | J32: 163043 | S32: =G32+R32 -> 0
B33: 11 | C33: PACKING PLATE | D33: =COVER!B26 -> 316+NICKEL | E33: 1 | F33: =IF(D33="316+NICKEL",Y103,IF(D33="B148 C95400",Z103)) -> 42600 | G33: =F33*E33 -> 42600 | I33: =I34*I35 -> 4597.92 | J33: =J34*J35 -> 0 | K33: =K34*K35 -> 0 | L33: =L34*L35 -> 0 | M33: =M34*M35 -> 0 | N33: =N34*N35 -> 0 | O33: =O34*O35 -> 0 | P33: =P34*P35 -> 0 | Q33: =Q34*Q35 -> 0 | R33: 0 | S33: =G33+R33 -> 42600 | T33: SET 단가
H34: 표준가공 ( S/T : EA/H) | I34: 0.3 | S34: =G34+R34 -> 0
H35: 표준가공 ( S/T : EA/H) | I35: =I36/10 -> 15326.4 | S35: =G35+R35 -> 0
H36: 표준가공 ( S/T : EA/H) | I36: 153264 | S36: =G36+R36 -> 0
B37: 12 | C37: PACKING GLAND BOLT / NUT | D37: =COVER!B22 -> B7(다크로) | E37: 6 | F37: =IF(D37="B8",Y93,IF(D37="B8M",Z93,IF(D37="B7(다크로)",AA93))) -> 3000 | G37: =E37*F37 -> 18000 | I37: 0 | J37: 0 | K37: 0 | L37: 0 | M37: 0 | N37: 0 | O37: 0 | P37: 0 | Q37: 0 | R37: 0 | S37: =G37+R37 -> 18000
B38: 13 | C38: LIVE LOADING SPRING | E38: 1 | F38: 10000 | G38: =E38*F38 -> 10000 | I38: 0 | J38: 0 | K38: 0 | L38: 0 | M38: 0 | N38: 0 | O38: 0 | P38: 0 | Q38: 0 | R38: 0 | S38: =G38+R38 -> 10000
B39: 14 | C39: BUSH(MAIN) | D39: =COVER!B23 -> 316+NICKEL | E39: 2 | F39: =IF(D39="316+NICKEL",Y97+Y98,IF(D39="B148 C95400",Z97+Z98)) -> 358500 | G39: =F39*1 -> 358500 | I39: =I40*I41 -> 0 | J39: =J40*J41 -> 0 | K39: =K40*K41 -> 0 | L39: =L40*L41 -> 0 | M39: =M40*M41 -> 0 | N39: =N40*N41 -> 0 | O39: =O40*O41 -> 0 | P39: =P40*P41 -> 0 | Q39: =Q40*Q41 -> 0 | R39: 0 | S39: =G39+R39 -> 358500 | T39: SET 단가
B40: 15 | C40: BUSH(STUB) | D40: =COVER!B23 -> 316+NICKEL | E40: 2 | F40: =IF(D40="316+NICKEL",Y99+Y100,IF(D40="B148 C95400",Z99+Z100)) -> 343000 | G40: =F40*1 -> 343000 | I40: =I41*I42 -> 0 | J40: =J41*J42 -> 0 | K40: =K41*K42 -> 0 | L40: =L41*L42 -> 0 | M40: =M41*M42 -> 0 | N40: =N41*N42 -> 0 | O40: =O41*O42 -> 0 | P40: =P41*P42 -> 0 | Q40: =Q41*Q42 -> 0 | R40: 0 | S40: =G40+R40 -> 343000 | T40: SET 단가
H41: 표준가공 ( S/T : EA/H) | S41: =G41+R41 -> 0
H42: 표준가공 ( S/T : EA/H) | S42: =G42+R42 -> 0
H43: 표준가공 ( S/T : EA/H) | S43: =G43+R43 -> 0
B44: 16 | C44: COLLAR ( STUB ) | D44: =COVER!B25 -> 316+NICKEL | E44: 1 | F44: =IF(D44="316+NICKEL",Y102,IF(D44="B148 C95400",Z102)) -> 27100 | G44: =F44*E44 -> 27100 | I44: 0 | J44: 0 | K44: 0 | L44: 0 | M44: 0 | N44: 0 | O44: 1000 | P44: 0 | Q44: 0 | R44: 0 | S44: =G44+R44 -> 27100 | T44: SET 단가
B45: 17 | C45: END COVER GASKET | D45: 316L+G/P | E45: 1 | F45: =Y87 -> 6000 | G45: =F45*E45 -> 6000 | I45: 0 | J45: 0 | K45: 0 | L45: 0 | M45: 0 | N45: 0 | O45: 0 | P45: 0 | Q45: 0 | R45: 0 | S45: =G45+R45 -> 6000
B46: 18 | C46: END COVER | D46: =COVER!B29 -> SS400 | E46: 1 | F46: =IF(D46="SS400",Y107,IF(D46="SS316",Z107,IF(D46="SS304",AA107))) -> 30475 | G46: =F46*E46 -> 30475 | I46: =I47*I48 -> 4597.92 | J46: 0 | K46: 0 | L46: 0 | M46: 0 | N46: 0 | O46: 0 | P46: 0 | Q46: 0 | R46: 10000 | S46: =G46+R46 -> 40475
H47: 표준가공 ( S/T : EA/H) | I47: 0.3 | S47: =G47+R47 -> 0
H48: 표준가공 ( S/T : EA/H) | I48: =I49/10 -> 15326.4 | S48: =G48+R48 -> 0
H49: 표준가공 ( S/T : EA/H) | I49: 153264 | S49: =G49+R49 -> 0
B50: 19 | C50: END COVER BOLT | D50: =COVER!B22 -> B7(다크로) | E50: 8 | F50: =IF(D50="B8",Y94,IF(D50="B8M",Z94,IF(D50="B7(다크로)",AA94))) -> 2500 | G50: =E50*F50 -> 20000 | I50: 0 | J50: 0 | K50: 0 | L50: 0 | M50: 0 | N50: 0 | O50: 0 | P50: 0 | Q50: 0 | R50: 0 | S50: =G50+R50 -> 20000
B51: 20 | C51: DISC PIN | D51: =D24 -> A564T630 | E51: 4 | F51: =IF(D51="A276T316L",Y80/E51,IF(D51="A276T304",Z80/E51,IF(D51="A564T630",AA80/E51,IF(D51="A479T410",AB80/E51,IF(D51="UNS S31803",AC80/E51,IF(D51="UNS S32750",AD80/E51,IF(D51="MONEL K-500",AE80/E51))))))) -> 10552.5 | G51: =F51*E51 -> 42210 | I51: 0 | J51: 0 | K51: 0 | L51: 0 | M51: 0 | N51: 0 | O51: 1000 | P51: 0 | Q51: 0 | R51: =E51*4000 -> 16000 | S51: =G51+R51 -> 58210
B52: 21 | C52: TOP COVER BOLT | D52: =COVER!B22 -> B7(다크로) | E52: 6 | F52: =IF(D52="B8",Y90,IF(D52="B8M",Z90,IF(D52="B7(다크로)",AA90))) -> 6500 | G52: =F52*E52 -> 39000 | I52: 0 | J52: 0 | K52: 0 | L52: 0 | M52: 0 | N52: 1000 | O52: 1000 | P52: 1000 | Q52: 0 | R52: 0 | S52: =G52+R52 -> 39000
B53: 22 | C53: GEAR BOX PLATE | D53: =COVER!B26 -> 316+NICKEL | E53: 1 | F53: =IF(D53="316+NICKEL",Y103,IF(D53="B148 C95400",Z103)) -> 42600 | G53: =F53*E53 -> 42600 | R53: 0 | S53: =G53+R53 -> 42600
B54: 23 | C54: GEAR BOX KEY | E54: 1 | F54: 3000 | G54: =E54*F54 -> 3000 | I54: 0 | J54: 0 | K54: 0 | L54: 0 | M54: 0 | N54: 0 | O54: 0 | P54: 1000 | Q54: 0 | R54: 0 | S54: =G54+R54 -> 3000
B55: 24 | C55: GEAR BOX | D55: =COVER!B35 -> GEAR | E55: 1 | F55: =IF(D55="GEAR",1089000,IF(D55="MOTOR",0,IF(D55="PNEUMATIC",0))) -> 1089000 | G55: =F55 -> 1089000 | I55: 0 | J55: 0 | K55: 0 | L55: 0 | M55: 0 | N55: 0 | O55: 0 | P55: 0 | Q55: 0 | R55: 0 | S55: =G55+R55 -> 1089000
B56: 25 | C56: TOP COVER | D56: =COVER!B30 -> WCB | E56: 67 | F56: =IF(D56="WCB",4000,IF(D56="CF8M",9000)) -> 4000 | G56: =E56*F56 -> 268000 | R56: =IF(D56="WCB",AA109,IF(D56="CF8M",AB109)) -> 56000 | S56: =G56+R56 -> 324000
B57: 26 | C57: THRUST BEARING | D57: =COVER!B27 -> 316+NICKEL | E57: 2 | F57: =IF(D57="316+NICKEL",Y104,IF(D57="B148 C95400",Z104)) -> 55100 | G57: =F57 -> 55100 | R57: 0 | S57: =G57+R57 -> 55100 | T57: SET 단가
B58: 27 | C58: BEARING | D58: =COVER!B28 -> 316+NICKEL | E58: 2 | F58: =IF(D58="316+NICKEL",Y105,IF(D58="B148 C95400",Z105)) -> 19500 | G58: =F58 -> 19500 | R58: 0 | S58: =G58+R58 -> 19500 | T58: SET 단가
B59: 28 | C59: GEAR BOX BOLT | D59: =COVER!B22 -> B7(다크로) | E59: 8 | F59: =IF(D59="B8",Y89,IF(D59="B8M",Z89,IF(D59="B7(다크로)",AA89))) -> 4500 | G59: =E59*F59 -> 36000 | I59: 0 | J59: 0 | K59: 0 | L59: 0 | M59: 0 | N59: 0 | O59: 0 | P59: 0 | Q59: 0 | R59: 0 | S59: =G59+R59 -> 36000
B60: 29 | C60: PAINTING | D60: =COVER!B32 -> 외주 2COATING | E60: 1 | F60: =IF(COVER!B10="APPLICATION",0,IF(D60="기존 단가",Y116,IF(D60="외주 2COATING",Z116,IF(D60="외주 3COATING",AA116)))) -> 0 | G60: =E60*F60 -> 0 | I60: 0 | J60: 0 | K60: 0 | L60: 0 | M60: 0 | N60: 0 | O60: 0 | P60: 0 | Q60: 0 | R60: 0 | S60: =G60+R60 -> 0
B61: 30 | C61: ASSEMBLY | D61: =COVER!B33 -> 신규 | E61: 1 | F61: =IF(COVER!B10="APPLICATION",0,IF(D61="기존 단가",Y118,IF(D61="신규",Z118))) -> 0 | G61: =E61*F61 -> 0 | I61: 0 | J61: 0 | K61: 0 | L61: 0 | M61: 0 | N61: 0 | O61: 0 | P61: 0 | Q61: 0 | R61: 0 | S61: =G61+R61 -> 0
A62: 포 장 비 ( 실비 적용 ) | G62: =IF(COVER!B10="APPLICATION",0,IF(D55="GEAR",Y120,IF(D55="MOTOR",Z120,IF(D55="PNEUMATIC",AA120)))) -> 0 | S62: =G62+R62 -> 0
A63: 운 송 비 ( 실비 적용 ) | T63: DELETED
A64: 합 계 ( 제조원가 ) | S64: =SUM(S8:S63) -> 11117185 | T64: 제조원가
A65: 일반관리 ( 10 % ) | G65: 0.1 | S65: =S64*G65 -> 1111718.5
A66: 영업이익 ( 10 % ) | G66: 0.1 | S66: =(S64+S65)*G66 -> 1222890.4
A67: 표준원가 [재료비+가공비+일반관리비+영업이익(+포장비+운송비+후처리) ] | S67: =S64+S65+S66 -> 13451794 | T67: 표준원가
A68: FACTOR 적용 | G68: =COVER!B11 -> 1.5 | S68: =S67*G68 -> 20177691
A69: 견적 적용 금액 ( A or B ) | R69: A | S69: =S68 -> 20177691 | T69: 표준원가 X FACTOR 적용 | V69: DISC SEAT TYPE TRIPLE OFFSET BFV 원가 TABLE
R70: B | S70: =S64*G68 -> 16675778 | T70: 제조원가 X FACTOR 적용 | V70: DN600 300LB
C72: ▣ 표준원가 = 재료비 + 가공비 + 일반관리비 + 영업이익(+포장비+운반비+후가공비) | V72: PART | W72: 규격 | X72: 수량/단중 | Y72: 단가 | AF72: REAMRK
C73: ▣ 재료비 =[【 (NET+S/R) * (1+조건LOSS+가공LOSS) * 원자재가】- 회수재료비]+매입부품비 | V73: BODY | W73: FLANGE TYPE | X73: 718KG | Y73: 재질/업체별 단가 적용 | AF73: 재질별 단가표 참조
C74: ▣ 가공비 = 적용기계별 가공임률 적용 | W74: LUG TYPE | X74: - | Y74: 재질/업체별 단가 적용 | AF74: 재질별 단가표 참조
C75: ▣ 일반관리비 = [재료비*재료비 일반관리율]+[가공비* 가공비 일반관리율] | V75: DISC | W75: 공용 | X75: 190KG | Y75: 재질/업체별 단가 적용 | AF75: 재질별 단가표 참조
C76: ▣ 영업이익 = 가공비 * 이익율 | V76: BODY STELLITE | W76: SUS+#6 | X76: 490600
C77: ▣ 포장비 = 실비인정(포장재가÷회전수÷포장수량 | W77: WCB+309+#6 | X77: 686800
C78: ▣ 운반비 = [기준운반비÷적재수량]-[가공일반비율*80] | V78: STEM | W78: Ø120 * 1491L | X78: 1EA | Y78: 316L | Z78: 304 | AA78: 630(H1150) | AB78: 410 C.2 | AC78: S31803 | AD78: S32750 | AE78: MONEL K-500
Y79: 802000 | Z79: 581810 | AA79: 1067980 | AB79: 460790 | AC79: 1055250 | AD79: 1600898 | AE79: 3699000 | AF79: 소재비/EA
C80: 【 임율산출근거】 | V80: DISC PIN | W80: Ø36 * 171L | X80: 4EA | Y80: 27930 | Z80: 20235 | AA80: 42210 | AB80: 16520 | AC80: 46900 | AD80: 55744 | AE80: 338800 | AF80: SET 단가
C81: ⓐ 가동율 = 24시간의 92%, 가동시간=22HR/일 | V81: SEAT GLAND | W81: Ø370 * Ø552 * 45T | X81: 1EA | Y81: 304 | Z81: 316L | AA81: 가공비
C82: ⓑ 기계감가상각비 = 기계취득가격÷5년÷300일 | Y82: 230000 | Z82: 290000 | AA82: 84000
C83: ⓒ 건물감가상각비 = 기계고유면적(3평)×5×100만원/평÷50년÷300일 | V83: LAMINATE SEAT | W83: Ø470 * Ø568 * 15T(316L 3T 4EA+G/P 1T 3EA) | X83: 1EA | Y83: SUS 소재비 | Z83: 제작비
C84: ⓓ 전력비 = 산업전력단가(70원)×전력용량×24HR | Y84: 153600 | Z84: 150000 | AF84: 1SET 분
C85: ⓔ 용수비 = 냉각수유량×단가(￦30/ton)×24HR | V85: SEAT GASKET | W85: Ø498 * Ø478 * 1.5T | X85: TH4000T | Y85: 30000 | AF85: 택 1
C86: ⓕ OIL비 = (￦193,300/200L×2회/년÷300일)×OIL탱크용량 | W86: Ø498 * Ø478 * 4.5T | X86: 316L+G/P | Y86: 22500
C87: ⓖ 공통비 = 기계가격×6%÷300일 | V87: END GASKET | W87: Ø178 * Ø158 * 3.2T | X87: 316L+G/P | Y87: 6000
C88: ⓗ 인건비 = 시급당 ￦4,370 시급기준[4대보험,식대,기타 포함/12년03월29일 기준] | V88: ASS'Y BOLT | Y88: B8 | Z88: B8M | AA88: B7(다크로)
V89: GEARBOX BOLT | W89: M30 * 130L, STUD/N/SW | X89: 8EA | Y89: 7500 | Z89: 8500 | AA89: 4500 | AF89: 단가*수량
V90: TOP COVER BOLT | W90: M30 * 165L, STUD/2N/2SW | X90: 6EA | Y90: 11000 | Z90: 14000 | AA90: 6500 | AF90: 단가*수량
C91: 【 생산량 산출근거 】 | V91: SEAT GLAND BOLT | W91: M20 * 40L, WRENCH | X91: 4EA | Y91: 3000 | Z91: 4500 | AA91: 2000 | AF91: 단가*수량
C92: ⓐ 생산량 = 최적생산량×(1-저하요인) | V92: SEAT GLAND BOLT | W92: M20 * 50L, WRENCH | X92: 24EA | Y92: 3000 | Z92: 4500 | AA92: 2000 | AF92: 단가*수량
C93: ⓑ 최적생산량 = 1일 생산 수량 | V93: PACKING GLAND BOLT | W93: M20 * 150L, STUD/N/SW | X93: 6EA | Y93: 4500 | Z93: 5000 | AA93: 3000 | AF93: 단가*수량
V94: END COVER BOLT | W94: M20 * 60L, HEX/SW | X94: 8EA | Y94: 5000 | Z94: 6000 | AA94: 2500 | AF94: 단가*수량
V95: PACKING(6617+6710) | W95: Ø120 * Ø158 * 95H(5단) | X95: 1EA | Y95: 234500
V96: BUSH/BEARING | Y96: 316+NICKEL | Z96: B148 C95400
V97: MAIN BUSH | W97: Ø120 * Ø140 * 110L | X97: 1EA | Y97: 160000 | Z97: 94400 | AF97: SET 단가
W98: Ø120 * Ø140 * 145L | X98: 1EA | Y98: 198500 | Z98: 121000 | AF98: SET 단가
V99: STUB BUSH | W99: Ø120 * Ø140 * 110L | X99: 1EA | Y99: 160000 | Z99: 94000 | AF99: SET 단가
W100: Ø120 * Ø140 * 131L | X100: 1EA | Y100: 183000 | Z100: 112000 | AF100: SET 단가
V101: PACKING GLAND | W101: Ø120.5 * Ø157.8 * Ø270(25+45) | X101: 1EA | Y101: 242000 | Z101: 282000 | AF101: SET 단가
V102: COLLAR | W102: Ø88.1 * Ø137.9 * 25T | X102: 1EA | Y102: 27100 | Z102: 54200 | AF102: SET 단가
...

Sheet 750-300LB
A1: TREIPLE VALVE 원가분석 ( 300# FLANGE SHORT)
T2: 단위 : 원
A3: SIZE | C3: DN 750 | D3: CLASS | E3: 300LB | F3: TYPE | G3: =COVER!B9 -> FLANGE | H3: TRIPLE 가공공정 | R3: F TO F | S3: API 609 CAT'- B SHROT PATTERN | T3: REMARK
A5: NO. | C5: DESCRIPTION | D5: MATERIAL | E5: 재료비 | H5: ST | I5: 세부 가공비 | R5: 가공비 | S5: 소 계 ( 재료비 + 가공비 )
I6: A | J6: B | K6: C | L6: D | M6: E | N6: F | O6: G | P6: H | Q6: I
E7: 중량 | F7: 단가 | G7: 소재비 | I7: 터닝/선반 | J7: 레디알 | K7: 보링 | L7: 터닝/선반 | M7: 동시보링 | N7: 레이알 | O7: 선반 | P7: 밀링 | Q7: 기타
A8: S T A N D A R D | B8: 1 | C8: =COVER!A14 -> BODY(LUG) | D8: =COVER!B14 -> 0 | E8: =860*1.2 -> 1032 | F8: =COVER!C14 -> 0 | G8: =F8*E8 -> 0 | I8: =I10*I9 -> 5.0670662e+14 | J8: =J10*J9 -> 4.3341753e+13 | K8: =K10*K9 -> 2.7047007e+14 | L8: =L10*L9 -> 5.0670662e+14 | M8: =M10*M9 -> 6.3241734e+14 | N8: =N10*N9 -> 4.6528628e+13 | O8: =O10*O9 -> 0 | P8: =P10*P9 -> 0 | Q8: =Q10*Q9 -> 10000000000000 | R8: =IF(COVER!C14>0,740000*1.2,0) -> 0 | S8: =G8+R8 -> 0 | T8: LUG
B9: 1-1 | C9: =COVER!A15 -> BODY(FLANGE) | D9: =COVER!B15 -> A216 WCB | E9: 1195 | F9: =COVER!C15 -> 4300 | G9: =F9*E9 -> 5138500 | I9: =I11*I10 -> 1.3693182e+10 | J9: =J11*J10 -> 2.658302e+09 | K9: =K11*K10 -> 9.010443e+09 | L9: =L11*L10 -> 1.3693182e+10 | M9: =M11*M10 -> 1.5873372e+10 | N9: =N11*N10 -> 2.7870633e+09 | O9: =O11*O10 -> 0 | P9: =P11*P10 -> 0 | Q9: =Q11*Q10 -> 1000000000 | R9: =IF(COVER!C15>0,750000*1.2,0) -> 900000 | S9: =G9+R9 -> 6038500 | T9: FLANGE | V9: =R9 -> 900000
B10: 3 | H10: 기계임률 / H | I10: =I11/10 -> 37004.3 | J10: =J11/10 -> 16304.3 | K10: =K11/10 -> 30017.4 | L10: =L11/10 -> 37004.3 | M10: =M11/10 -> 39841.4 | N10: =N11/10 -> 16694.5 | O10: =O11/10 -> 0 | P10: =P11/10 -> 0 | Q10: =Q11/10 -> 10000 | S10: =G10+R10 -> 0
B11: 4 | H11: 기계임률 / DAY (10시간) | I11: 370043 | J11: 163043 | K11: 300174 | L11: 370043 | M11: 398414 | N11: 166945 | O11: 0 | P11: 0 | Q11: 100000 | S11: =G11+R11 -> 0
B12: 2 | C12: DISC | D12: =COVER!B16 -> A216 WCB | E12: 265 | F12: =COVER!C16 -> 4300 | G12: =F12*E12 -> 1139500 | I12: =I13*I14 -> 111012.9 | J12: =J13*J14 -> 0 | K12: =K13*K14 -> 60034.8 | L12: =L13*L14 -> 111012.9 | M12: =M13*M14 -> 0 | N12: =N13*N14 -> 0 | O12: =O13*O14 -> 0 | P12: =P13*P14 -> 0 | Q12: =Q13*Q14 -> 4000 | R12: 517500 | S12: =G12+R12 -> 1657000
B13: 6 | H13: 표준가공 ( S/T : EA/H) | I13: 3 | J13: 0 | K13: 2 | L13: 3 | M13: 0 | N13: 0 | Q13: 0.4 | S13: =G13+R13 -> 0
B14: 7 | H14: 기계임률 / H | I14: =I15/10 -> 37004.3 | J14: =J15/10 -> 16304.3 | K14: =K15/10 -> 30017.4 | L14: =L15/10 -> 37004.3 | M14: =M15/10 -> 39841.4 | N14: =N15/10 -> 16694.5 | O14: =O15/10 -> 0 | P14: =P15/10 -> 0 | Q14: =Q15/10 -> 10000 | S14: =G14+R14 -> 0
B15: 8 | H15: 기계임률 / DAY | I15: 370043 | J15: 163043 | K15: 300174 | L15: 370043 | M15: 398414 | N15: 166945 | O15: 0 | P15: 0 | Q15: 100000 | S15: =G15+R15 -> 0
B16: 3 | C16: STELLITE on BODY | D16: =COVER!B19 -> WCB+309+#6 | E16: 1 | F16: =IF(D16="SUS+#6",X76,IF(D16="WCB+309+#6",X77)) -> 861700 | G16: =F16*E16 -> 861700 | I16: 0 | J16: 0 | K16: 0 | L16: 0 | M16: 0 | N16: 0 | O16: 0 | P16: 0 | Q16: 0 | R16: 0 | S16: =G16+R16 -> 861700
B17: 4 | C17: DISC SEAT | D17: =COVER!B18 -> A240T316L+GARPHITE | E17: 1 | F17: =IF(D17="A240T316L+GARPHITE",Y84+Z84) -> 473100 | G17: =F17*E17 -> 473100 | I17: 0 | J17: 0 | K17: 0 | L17: 0 | M17: 0 | N17: 0 | O17: 0 | P17: 0 | Q17: 0 | R17: =Z84*1.3 -> 286000 | S17: =G17+R17 -> 759100
B18: 5 | C18: SEAT GLAND | D18: =COVER!B20 -> SS316L | E18: 1 | F18: =IF(D18="SS304",Y82,IF(D18="SS316L",Z82)) -> 662000 | G18: =E18*F18 -> 662000 | I18: =I19*I20 -> 74008.6 | J18: =J19*J20 -> 32608.6 | K18: =K19*K20 -> 0 | L18: =L19*L20 -> 0 | M18: =M19*M20 -> 0 | N18: =N19*N20 -> 0 | O18: =O19*O20 -> 0 | P18: =P19*P20 -> 0 | Q18: =Q19*Q20 -> 2000 | R18: =AA82*1.5 -> 153000 | S18: =G18+R18 -> 815000
B19: 12 | H19: 표준가공 ( S/T : EA/H) | I19: 2 | J19: 2 | Q19: 0.2 | S19: =G19+R19 -> 0
B20: 13 | H20: 표준가공 ( S/T : EA/H) | I20: =I21/10 -> 37004.3 | J20: =J21/10 -> 16304.3 | K20: =K21/10 -> 0 | L20: =L21/10 -> 0 | M20: =M21/10 -> 0 | N20: =N21/10 -> 0 | O20: =O21/10 -> 0 | P20: =P21/10 -> 0 | Q20: =Q21/10 -> 10000 | S20: =G20+R20 -> 0
B21: 14 | H21: 표준가공 ( S/T : EA/H) | I21: 370043 | J21: 163043 | Q21: 100000 | S21: =G21+R21 -> 0
B22: 6 | C22: DISC SEAT Ret-Gasket | D22: 316L+G/P | E22: 1 | F22: =Y85 -> 34700 | G22: =F22*E22 -> 34700 | I22: 0 | J22: 0 | K22: 0 | L22: 0 | M22: 0 | N22: 0 | O22: 0 | P22: 0 | Q22: 0 | R22: 0 | S22: =G22+R22 -> 34700
B23: 7 | C23: SEAT GLAND BOLT | D23: =COVER!B21 -> B7(다크로) | E23: 32 | F23: =IF(D23="B8",Y90,IF(D23="B8M",Z90,IF(D23="B7(다크로)",AA90))) -> 2000 | G23: =F23*E23 -> 64000 | I23: 0 | J23: 0 | K23: 0 | L23: 0 | M23: 0 | N23: 0 | O23: 0 | P23: 0 | Q23: 0 | R23: 0 | S23: =G23+R23 -> 64000
B24: 8 | C24: STEM | D24: =COVER!B17 -> A564T630 | E24: 164 | F24: =COVER!C17 -> 8500 | G24: =F24*E24 -> 1394000 | I24: =I25*I26 -> 74008.6 | J24: =J25*J26 -> 0 | K24: =K25*K26 -> 0 | L24: =L25*L26 -> 0 | M24: =M25*M26 -> 0 | N24: =N25*N26 -> 0 | O24: =O25*O26 -> 0 | P24: =P25*P26 -> 0 | Q24: =Q25*Q26 -> 1000 | R24: =R12*0.3 -> 155250 | S24: =G24+R24 -> 1549250
B25: 18 | H25: 표준가공 ( S/T : EA/H) | I25: 2 | Q25: 0.1 | S25: =G25+R25 -> 0
B26: 19 | H26: 표준가공 ( S/T : EA/H) | I26: =I27/10 -> 37004.3 | Q26: =Q27/10 -> 10000 | S26: =G26+R26 -> 0
B27: 20 | H27: 표준가공 ( S/T : EA/H) | I27: 370043 | Q27: 100000 | S27: =G27+R27 -> 0
B28: 9 | C28: PACKING | D28: PILLAR | E28: 1 | F28: 234500 | G28: =E28*F28 -> 234500 | R28: 0 | S28: =G28+R28 -> 234500
B29: 10 | C29: PACKING GLAND | D29: =COVER!B24 -> A351 CF8M | E29: 1 | F29: =IF(D29="A351 CF8M",Y98,IF(D29="B148 C95400",Z98)) -> 241900 | G29: =F29*E29 -> 241900 | I29: =I30*I31 -> 3065.28 | J29: =J30*J31 -> 3260.86 | K29: =K30*K31 -> 0 | L29: =L30*L31 -> 0 | M29: =M30*M31 -> 0 | N29: =N30*N31 -> 0 | O29: =O30*O31 -> 0 | P29: =P30*P31 -> 0 | Q29: =Q30*Q31 -> 0 | R29: 0 | S29: =G29+R29 -> 241900
B30: 23 | H30: 표준가공 ( S/T : EA/H) | I30: 0.2 | J30: 0.2 | S30: =G30+R30 -> 0
B31: 24 | H31: 표준가공 ( S/T : EA/H) | I31: =I32/10 -> 15326.4 | J31: =J32/10 -> 16304.3 | S31: =G31+R31 -> 0
B32: 25 | H32: 표준가공 ( S/T : EA/H) | I32: 153264 | J32: 163043 | S32: =G32+R32 -> 0
B33: 11 | C33: PACKING PLATE | D33: =COVER!B26 -> 316+NICKEL | E33: 1 | F33: =IF(D33="316+NICKEL",Y100,IF(D33="B148 C95400",Z100)) -> 42600 | G33: =F33*E33 -> 42600 | I33: =I34*I35 -> 4597.92 | J33: =J34*J35 -> 0 | K33: =K34*K35 -> 0 | L33: =L34*L35 -> 0 | M33: =M34*M35 -> 0 | N33: =N34*N35 -> 0 | O33: =O34*O35 -> 0 | P33: =P34*P35 -> 0 | Q33: =Q34*Q35 -> 0 | R33: 0 | S33: =G33+R33 -> 42600 | T33: SET 단가
B34: 27 | H34: 표준가공 ( S/T : EA/H) | I34: 0.3
B35: 28 | H35: 표준가공 ( S/T : EA/H) | I35: =I36/10 -> 15326.4
B36: 29 | H36: 표준가공 ( S/T : EA/H) | I36: 153264
B37: 12 | C37: PACKING GLAND BOLT / NUT | D37: =COVER!B22 -> B7(다크로) | E37: 6 | F37: =IF(D37="B8",Y91,IF(D37="B8M",Z91,IF(D37="B7(다크로)",AA91))) -> 2000 | G37: =F37*E37 -> 12000 | I37: 0 | J37: 0 | K37: 0 | L37: 0 | M37: 0 | N37: 0 | O37: 0 | P37: 0 | Q37: 0 | R37: 0 | S37: =G37+R37 -> 12000
B38: 13 | C38: LIVE LOADING SPRING | E38: 1 | F38: 10000 | G38: =E38*F38 -> 10000 | I38: 0 | J38: 0 | K38: 0 | L38: 0 | M38: 0 | N38: 0 | O38: 0 | P38: 0 | Q38: 0 | R38: 0 | S38: =G38+R38 -> 10000
B39: 14 | C39: BUSH(MAIN) | D39: =COVER!B23 -> 316+NICKEL | E39: 1 | F39: =IF(D39="316+NICKEL",Y96,IF(D39="B148 C95400",Z96)) -> 236500 | G39: =F39*1 -> 236500 | I39: 0 | J39: 0 | K39: 0 | L39: 0 | M39: 0 | N39: 0 | O39: 0 | P39: 0 | Q39: 0 | R39: 0 | S39: =G39+R39 -> 236500 | T39: SET 단가
B40: 15 | C40: BUSH(STUB) | D40: =COVER!B23 -> 316+NICKEL | E40: 1 | F40: =IF(D40="316+NICKEL",Y97,IF(D40="B148 C95400",Z97)) -> 215400 | G40: =F40*1 -> 215400 | I40: 0 | J40: 0 | K40: 0 | L40: 0 | M40: 0 | N40: 0 | O40: 0 | P40: 0 | Q40: 0 | R40: 0 | S40: =G40+R40 -> 215400 | T40: SET 단가
B41: 34 | H41: 표준가공 ( S/T : EA/H) | S41: =G41+R41 -> 0
B42: 35 | H42: 표준가공 ( S/T : EA/H) | S42: =G42+R42 -> 0
B43: 36 | G43: =F43*E43 -> 0 | H43: 표준가공 ( S/T : EA/H) | S43: =G43+R43 -> 0
B44: 16 | C44: COLLAR ( STUB ) | D44: =COVER!B25 -> 316+NICKEL | E44: 1 | F44: =IF(D44="316+NICKEL",Y99,IF(D44="B148 C95400",Z99)) -> 27600 | G44: =F44*E44 -> 27600 | I44: 0 | J44: 0 | K44: 0 | L44: 0 | M44: 0 | N44: 0 | O44: 1000 | P44: 0 | Q44: 0 | R44: 0 | S44: =G44+R44 -> 27600 | T44: SET 단가
B45: 17 | C45: END COVER GASKET | D45: 316L+G/P | E45: 1 | F45: =Y86 -> 5800 | G45: =F45*E45 -> 5800 | I45: 0 | J45: 0 | K45: 0 | L45: 0 | M45: 0 | N45: 0 | O45: 0 | P45: 0 | Q45: 0 | R45: 0 | S45: =G45+R45 -> 5800
B46: 18 | C46: END COVER | D46: =COVER!B29 -> SS400 | E46: 1 | F46: =IF(D46="SS400",Y104,IF(D46="SS316",Z104,IF(D46="SS304",AA104))) -> 30475 | G46: =E46*F46 -> 30475 | I46: =I47*I48 -> 4597.92 | J46: 0 | K46: 0 | L46: 0 | M46: 0 | N46: 0 | O46: 0 | P46: 0 | Q46: 0 | R46: 15000 | S46: =G46+R46 -> 45475
B47: 40 | H47: 표준가공 ( S/T : EA/H) | I47: 0.3 | S47: =G47+R47 -> 0
B48: 41 | H48: 표준가공 ( S/T : EA/H) | I48: =I49/10 -> 15326.4 | S48: =G48+R48 -> 0
B49: 42 | H49: 표준가공 ( S/T : EA/H) | I49: 153264 | S49: =G49+R49 -> 0
B50: 19 | C50: END COVER BOLT | D50: =COVER!B22 -> B7(다크로) | E50: 8 | F50: =IF(D50="B8",Y93,IF(D50="B8M",Z93,IF(D50="B7(다크로)",AA93))) -> 2500 | G50: =E50*F50 -> 20000 | I50: 0 | J50: 0 | K50: 0 | L50: 0 | M50: 0 | N50: 0 | O50: 0 | P50: 0 | Q50: 0 | R50: 0 | S50: =G50+R50 -> 20000
B51: 20 | C51: DISC PIN | D51: =D24 -> A564T630 | E51: 4 | F51: =IF(D51="A276T316L",Y80/E51,IF(D51="A276T304",Z80/E51,IF(D51="A564T630",AA80/E51,IF(D51="A479T410",AB80/E51,IF(D51="UNS S31803",AC80/E51,IF(D51="UNS S32750",AD80/E51,IF(D51="MONEL K-500",AE80/E51))))))) -> 10385 | G51: =E51*F51 -> 41540 | I51: 0 | J51: 0 | K51: 0 | L51: 0 | M51: 0 | N51: 0 | O51: 1000 | P51: 0 | Q51: 0 | R51: =4500*E51 -> 18000 | S51: =G51+R51 -> 59540
B52: 21 | C52: TOP COVER BOLT | D52: =COVER!B22 -> B7(다크로) | E52: 6 | F52: =IF(D52="B8",Y89,IF(D52="B8M",Z89,IF(D52="B7(다크로)",AA89))) -> 20000 | G52: =F52*E52 -> 120000 | I52: 0 | J52: 0 | K52: 0 | L52: 0 | M52: 0 | N52: 1000 | O52: 1000 | P52: 1000 | Q52: 0 | R52: 0 | S52: =G52+R52 -> 120000
B53: 22 | C53: GEAR BOX PLATE | D53: =COVER!B26 -> 316+NICKEL | E53: 1 | F53: =IF(D53="316+NICKEL",Y100,IF(D53="B148 C95400",Z100)) -> 42600 | G53: =F53*E53 -> 42600 | R53: 0 | S53: =G53+R53 -> 42600
B54: 23 | C54: GEAR BOX KEY | E54: 1 | F54: 3000 | G54: =E54*F54 -> 3000 | I54: 0 | J54: 0 | K54: 0 | L54: 0 | M54: 0 | N54: 0 | O54: 0 | P54: 1000 | Q54: 0 | R54: 0 | S54: =G54+R54 -> 3000
