Workbook
Name _1: #N/A
Name _11: #N/A
Name _2: #N/A
Name _22: #N/A
Name _AOC2: #REF!
Name _ELL45: #REF!
Name _ELL90: #REF!
Name _RE100: #REF!
Name _RE104: #REF!
Name _RE112: #REF!
Name _RE26: #REF!
Name _RE28: #REF!
Name _RE30: #REF!
Name _RE32: #REF!
Name _RE34: #REF!
Name _RE36: #REF!
Name _RE38: #REF!
Name _RE40: #REF!
Name _RE42: #REF!
Name _RE44: #REF!
Name _RE48: #REF!
Name _RE52: #REF!
Name _RE56: #REF!
Name _RE60: #REF!
Name _RE64: #REF!
Name _RE68: #REF!
Name _RE72: #REF!
Name _RE76: #REF!
Name _RE80: #REF!
Name _RE88: #REF!
Name _RE92: #REF!
Name _RE96: #REF!
Name \a: #N/A
Name \p: '[2]FWBS7000,8000'!#REF!
Name A7JB_WIRES: [3]A7!$S$68
Name air_trap: #REF!
Name angle: #REF!
Name B_FLG: #REF!
Name back_pressure: #REF!
Name ball: #REF!
Name BOLT: #REF!
Name BOSS: #REF!
Name butterfly: #REF!
Name CAP: #REF!
Name CCS: '[4]Product-part-a'!$R$11
Name check: #REF!
Name COM: #REF!
Name CPLG: #REF!
Name CS: #REF!
Name CS_DB: #REF!
Name data: #REF!
Name diameter: #REF!
Name diaphragm: #REF!
Name drain_trap: #REF!
Name dual_plate_check: #REF!
Name duplex_strainer: #REF!
Name EOL: #REF!
Name ex_joint: #REF!
Name FLG: #REF!
Name Flg_DB: #REF!

Sheet 원가
A2: 환율 | B2: 1 | E2: SIZE | F2: TOTAL COST | G2: MOTOR | H2: MOTOR | I2: M-factor | J2: Total | K2: 환율 | L2: motor factor
B3: Material | C3: 소재 단가 | E3: 100 | F3: ='100A'!K40 -> 448600 | K3: =B2 -> 1 | L3: =B16 -> 1
A4: BODY | B4: WCB | C4: 2600 | E4: 125 | F4: ='125A'!K40 -> 486350 | K4: =B2 -> 1 | L4: =B16 -> 1
A5: DISC | B5: WCB | C5: 2600 | E5: 150 | F5: ='150A'!K40 -> 573595 | K5: =B2 -> 1 | L5: =B16 -> 1
A6: SHAFT | B6: A276T316L | C6: 8500 | E6: 200 | F6: ='200A'!K40 -> 718242 | K6: =B2 -> 1 | L6: =B16 -> 1
A7: DISC Retainer Ring | B7: 316L | C7: 8500 | E7: 250 | F7: ='250A'!K40 -> 940349 | G7: 3740000 | H7: =ROUND(G7/K7,0) -> 3740000 | I7: =ROUND(H7*L7,0) -> 3740000 | J7: =I7+F7 -> 4680349 | K7: =B2 -> 1 | L7: =B16 -> 1
A8: BODY Retainer Ring | B8: 316L | C8: 8500 | E8: 300 | F8: ='300A'!K40 -> 1269525 | G8: 3740000 | H8: =ROUND(G8/K8,0) -> 3740000 | I8: =ROUND(H8*L8,0) -> 3740000 | J8: =I8+F8 -> 5009525 | K8: =B2 -> 1 | L8: =B16 -> 1
A9: Upper Bush | B9: B148 | C9: 12500 | E9: 350 | F9: ='350A'!K40 -> 1370020 | G9: 4370000 | H9: =ROUND(G9/K9,0) -> 4370000 | I9: =ROUND(H9*L9,0) -> 4370000 | J9: =I9+F9 -> 5740020 | K9: =B2 -> 1 | L9: =B16 -> 1
A10: Bottom Bush | B10: B148 | C10: 12500 | E10: 400 | F10: ='400A'!K40 -> 2191546 | G10: 4370000 | H10: =ROUND(G10/K10,0) -> 4370000 | I10: =ROUND(H10*L10,0) -> 4370000 | J10: =I10+F10 -> 6561546 | K10: =B2 -> 1 | L10: =B16 -> 1
A11: Packing Grand | B11: WCB | C11: 2600 | E11: 450 | F11: ='450A'!K40 -> 2655904 | G11: 4370000 | H11: =ROUND(G11/K11,0) -> 4370000 | I11: =ROUND(H11*L11,0) -> 4370000 | J11: =I11+F11 -> 7025904 | K11: =B2 -> 1 | L11: =B16 -> 1
A12: Bottom Cover | B12: WCB | C12: 2600 | E12: 500 | F12: ='500A'!K40 -> 2808900 | G12: 4910000 | H12: =ROUND(G12/K12,0) -> 4910000 | I12: =ROUND(H12*L12,0) -> 4910000 | J12: =I12+F12 -> 7718900 | K12: =B2 -> 1 | L12: =B16 -> 1
A13: Top Flange Cover | B13: WCB | C13: 2600 | E13: 550 | F13: ='550A'!K40 -> 3405895 | G13: 4910000 | H13: =ROUND(G13/K13,0) -> 4910000 | I13: =ROUND(H13*L13,0) -> 4910000 | J13: =I13+F13 -> 8315895 | K13: =B2 -> 1 | L13: =B16 -> 1
E14: 600 | F14: ='600A'!K40 -> 3993065.8 | G14: 4910000 | H14: =ROUND(G14/K14,0) -> 4910000 | I14: =ROUND(H14*L14,0) -> 4910000 | J14: =I14+F14 -> 8903065.8 | K14: =B2 -> 1 | L14: =B16 -> 1
A15: FACTOR | B15: 1 | E15: 650 | F15: ='650A'!K40 -> 4502730 | G15: 4910000 | H15: =ROUND(G15/K15,0) -> 4910000 | I15: =ROUND(H15*L15,0) -> 4910000 | J15: =I15+F15 -> 9412730 | K15: =B2 -> 1 | L15: =B16 -> 1
A16: MOTOR FACTOR | B16: 1 | E16: 700 | F16: ='700A'!K40 -> 4396130 | G16: 6310000 | H16: =ROUND(G16/K16,0) -> 6310000 | I16: =ROUND(H16*L16,0) -> 6310000 | J16: =I16+F16 -> 10706130 | K16: =B2 -> 1 | L16: =B16 -> 1
A17: PRESSURE | B17: 10 BAR | E17: 750 | F17: ='750A'!K40 -> 5273538 | G17: 6310000 | H17: =ROUND(G17/K17,0) -> 6310000 | I17: =ROUND(H17*L17,0) -> 6310000 | J17: =I17+F17 -> 11583538 | K17: =B2 -> 1 | L17: =B16 -> 1
A18: 목형관리대장 | E18: 800 | F18: ='800A'!K40 -> 6119997.5 | G18: 6310000 | H18: =ROUND(G18/K18,0) -> 6310000 | I18: =ROUND(H18*L18,0) -> 6310000 | J18: =I18+F18 -> 12429998 | K18: =B2 -> 1 | L18: =B16 -> 1
A19: DIMESION TABLE | E19: 850 | F19: ='850A'!K40 -> 7116000 | G19: 7670000 | H19: =ROUND(G19/K19,0) -> 7670000 | I19: =ROUND(H19*L19,0) -> 7670000 | J19: =I19+F19 -> 14786000 | K19: =B2 -> 1 | L19: =B16 -> 1
E20: 900 | F20: ='900A'!K40 -> 8542270 | G20: 10410000 | H20: =ROUND(G20/K20,0) -> 10410000 | I20: =ROUND(H20*L20,0) -> 10410000 | J20: =I20+F20 -> 18952270 | K20: =B2 -> 1 | L20: =B16 -> 1
E21: 950 | F21: ='950A'!K40 -> 8909085 | G21: 10410000 | H21: =ROUND(G21/K21,0) -> 10410000 | I21: =ROUND(H21*L21,0) -> 10410000 | J21: =I21+F21 -> 19319085 | K21: =B2 -> 1 | L21: =B16 -> 1
E22: 1000 | F22: ='1000A'!K40 -> 9878065 | G22: 10410000 | H22: =ROUND(G22/K22,0) -> 10410000 | I22: =ROUND(H22*L22,0) -> 10410000 | J22: =I22+F22 -> 20288065 | K22: =B2 -> 1 | L22: =B16 -> 1
E23: 1050 | F23: ='1050A'!K40 -> 10618765 | G23: 10410000 | H23: =ROUND(G23/K23,0) -> 10410000 | I23: =ROUND(H23*L23,0) -> 10410000 | J23: =I23+F23 -> 21028765 | K23: =B2 -> 1 | L23: =B16 -> 1
E24: 1100 | F24: ='1100A'!K40 -> 11399545 | G24: 10410000 | H24: =ROUND(G24/K24,0) -> 10410000 | I24: =ROUND(H24*L24,0) -> 10410000 | J24: =I24+F24 -> 21809545 | K24: =B2 -> 1 | L24: =B16 -> 1
E25: 1200 | F25: ='1200A'!K40 -> 13161824 | G25: 10410000 | H25: =ROUND(G25/K25,0) -> 10410000 | I25: =ROUND(H25*L25,0) -> 10410000 | J25: =I25+F25 -> 23571824 | K25: =B2 -> 1 | L25: =B16 -> 1
E26: 1300 | F26: ='1300A'!K40 -> 15186924 | G26: 10410000 | H26: =ROUND(G26/K26,0) -> 10410000 | I26: =ROUND(H26*L26,0) -> 10410000 | J26: =I26+F26 -> 25596924 | K26: =B2 -> 1 | L26: =B16 -> 1
E27: 1400 | F27: ='1400A'!K40 -> 17349960 | G27: 10410000 | H27: =ROUND(G27/K27,0) -> 10410000 | I27: =ROUND(H27*L27,0) -> 10410000 | J27: =I27+F27 -> 27759960 | K27: =B2 -> 1 | L27: =B16 -> 1
E28: 1500 | F28: ='1500A'!K40 -> 19665390 | G28: 14770000 | H28: =ROUND(G28/K28,0) -> 14770000 | I28: =ROUND(H28*L28,0) -> 14770000 | J28: =I28+F28 -> 34435390 | K28: =B2 -> 1 | L28: =B16 -> 1
E29: 1600 | F29: ='1600A'!K43 -> 23994125 | G29: 14770000 | H29: =ROUND(G29/K29,0) -> 14770000 | I29: =ROUND(H29*L29,0) -> 14770000 | J29: =I29+F29 -> 38764125 | K29: =B2 -> 1 | L29: =B16 -> 1
E30: 1650 | F30: ='1650A'!K43 -> 26006275 | G30: 14770000 | H30: =ROUND(G30/K30,0) -> 14770000 | I30: =ROUND(H30*L30,0) -> 14770000 | J30: =I30+F30 -> 40776275 | K30: =B2 -> 1 | L30: =B16 -> 1
E31: 1700 | F31: ='1700A'!K43 -> 28456225 | G31: 14770000 | H31: =ROUND(G31/K31,0) -> 14770000 | I31: =ROUND(H31*L31,0) -> 14770000 | J31: =I31+F31 -> 43226225 | K31: =B2 -> 1 | L31: =B16 -> 1
E32: 1800 | F32: ='1800A'!K43 -> 42404700 | G32: 23460000 | H32: =ROUND(G32/K32,0) -> 23460000 | I32: =ROUND(H32*L32,0) -> 23460000 | J32: =I32+F32 -> 65864700 | K32: =B2 -> 1 | L32: =B16 -> 1
E33: 1900 | F33: ='1900A'!K43 -> 30916780 | G33: 23460000 | H33: =ROUND(G33/K33,0) -> 23460000 | I33: =ROUND(H33*L33,0) -> 23460000 | J33: =I33+F33 -> 54376780 | K33: =B2 -> 1 | L33: =B16 -> 1
E34: 1950 | F34: ='1950A'!K43 -> 31548960 | G34: 23460000 | H34: =ROUND(G34/K34,0) -> 23460000 | I34: =ROUND(H34*L34,0) -> 23460000 | J34: =I34+F34 -> 55008960 | K34: =B2 -> 1 | L34: =B16 -> 1
E35: 2000 | F35: ='2000A'!K43 -> 34025642 | G35: 23460000 | H35: =ROUND(G35/K35,0) -> 23460000 | I35: =ROUND(H35*L35,0) -> 23460000 | J35: =I35+F35 -> 57485642 | K35: =B2 -> 1 | L35: =B16 -> 1
E36: 2100 | F36: ='2100A'!K43 -> 36414422 | G36: 23460000 | H36: =ROUND(G36/K36,0) -> 23460000 | I36: =ROUND(H36*L36,0) -> 23460000 | J36: =I36+F36 -> 59874422 | K36: =B2 -> 1 | L36: =B16 -> 1
E37: 2200 | F37: ='2250A'!K43 -> 40791752 | G37: 23460000 | H37: =ROUND(G37/K37,0) -> 23460000 | I37: =ROUND(H37*L37,0) -> 23460000 | J37: =I37+F37 -> 64251752 | K37: =B2 -> 1 | L37: =B16 -> 1
E38: 2400 | F38: ='2400A'!K43 -> 49212017 | G38: 23460000 | H38: =ROUND(G38/K38,0) -> 23460000 | I38: =ROUND(H38*L38,0) -> 23460000 | J38: =I38+F38 -> 72672017 | K38: =B2 -> 1 | L38: =B16 -> 1
E39: 2500 | F39: ='2500A'!K43 -> 55634142 | G39: 23460000 | H39: =ROUND(G39/K39,0) -> 23460000 | I39: =ROUND(H39*L39,0) -> 23460000 | J39: =I39+F39 -> 79094142 | K39: =B2 -> 1 | L39: =B16 -> 1
B41: PIYAKE
B42: 10 BAR
B43: 20 BAR

Sheet 100A
A1: 제수변 BFV 원가 分析表
A3: SIZE : 100A | C3: 압력 : 150#
A5: NO. | B5: 부품명 | C5: 재질 | D5: 수량 | E5: 규격 | F5: 단중 | G5: 업체 | H5: 단가 | I5: 소계 | J5: 가공비 | K5: 합계
A6: 1 | B6: BODY | C6: =원가!B4 -> WCB | D6: 1 | F6: 27.25 | H6: =원가!C4 -> 2600 | I6: =D6*F6*H6 -> 70850 | J6: 70000 | K6: =I6+J6 -> 140850
A7: 2 | B7: DISC | C7: =원가!B5 -> WCB | D7: 1 | F7: 2.3 | H7: =원가!C5 -> 2600 | I7: =D7*F7*H7 -> 5980 | J7: 10000 | K7: =I7+J7 -> 15980
A8: 3 | B8: SEAT | C8: EPDM | D8: 1 | F8: 1 | I8: 2500 | K8: =I8+J8 -> 2500
A9: 4 | B9: STEM(上,下) | C9: =원가!B6 -> A276T316L | D9: 1 | F9: 1.34 | H9: =원가!C6 -> 8500 | I9: =D9*F9*H9 -> 11390 | J9: 5000 | K9: =I9+J9 -> 16390
A10: 5 | B10: DISC RETAINER | C10: =원가!B7 -> 316L | D10: 1 | F10: 3.4 | H10: =원가!C7 -> 8500 | I10: =D10*F10*H10 -> 28900 | J10: 12000 | K10: =I10+J10 -> 40900
B11: BODY RETAINER | C11: =원가!B8 -> 316L | D11: 1 | F11: 1.2 | H11: =원가!C8 -> 8500 | I11: =D11*F11*H11 -> 10200 | J11: 10000 | K11: =I11+J11 -> 20200
A12: 6 | B12: BUSH(上) | C12: =원가!B9 -> B148 | D12: 1 | F12: 0.35 | H12: =원가!C9 -> 12500 | I12: =D12*F12*H12 -> 4375 | J12: 7000 | K12: =I12+J12 -> 11375
B13: BUSH(下) | C13: =원가!B10 -> B148 | D13: 1 | F13: 0.35 | H13: =원가!C10 -> 12500 | I13: =D13*F13*H13 -> 4375 | J13: 7000 | K13: =I13+J13 -> 11375
A14: 7 | B14: PACKING RING | C14: EPDM | D14: 3 | F14: 1 | H14: 750 | I14: =D14*F14*H14 -> 2250 | K14: =I14+J14 -> 2250
B15: PACKING BUSH | C15: C95800 | D15: 1 | F15: 1 | H15: 700 | I15: =D15*F15*H15 -> 700 | J15: 2000 | K15: =I15+J15 -> 2700
A16: 8 | B16: PACKING GLAND | C16: =원가!B11 -> WCB | D16: 1 | F16: 1.5 | H16: =원가!C11 -> 2600 | I16: =D16*F16*H16 -> 3900 | J16: 3500 | K16: =I16+J16 -> 7400
A17: 9 | B17: STAND BOLT/NUT | C17: B8M | D17: 2 | F17: 1 | H17: 800 | I17: =D17*F17*H17 -> 1600 | K17: =I17+J17 -> 1600
A18: 10 | B18: BOTTOM COVER | C18: =원가!B12 -> WCB | D18: 1 | F18: 1 | H18: =원가!C12 -> 2600 | I18: =D18*F18*H18 -> 2600 | J18: 5000 | K18: =I18+J18 -> 7600
A19: 11 | B19: SPLIT COLLAR | C19: C95800 | D19: 1 | F19: 0.8 | H19: 8000 | I19: =D19*F19*H19 -> 6400 | J19: 2500 | K19: =I19+J19 -> 8900
A20: 12 | B20: DISC BOLT/NUT | C20: 316L | D20: 3 | F20: 1 | I20: 200 | J20: 1200 | K20: =I20+J20 -> 1400
A21: 13 | B21: DISC RETAINER BOLT | C21: B8M | D21: 4 | F21: 1 | H21: 60 | I21: =D21*F21*H21 -> 240 | K21: =I21+J21 -> 240
A22: 14 | B22: BOTTOM COVER BOLT/WASHER | C22: B8M | D22: 4 | F22: 1 | H22: 1000 | I22: =D22*F22*H22 -> 4000 | K22: =I22+J22 -> 4000
A23: 15 | B23: TOP FLG COVER | C23: =원가!B13 -> WCB | D23: 1 | F23: 2 | H23: =원가!C13 -> 2600 | I23: =D23*F23*H23 -> 5200 | J23: 6000 | K23: =I23+J23 -> 11200
A24: 16 | B24: TOP COVER BOLT | C24: B8M | D24: 4 | F24: 1 | I24: 2100 | J24: 3000 | K24: =I24+J24 -> 5100
A25: 17 | B25: BOTTOM O-RING | C25: EPDM | D25: 4 | F25: 1 | H25: 30 | I25: =D25*F25*H25 -> 120 | K25: =I25+J25 -> 120
A26: 18 | B26: GEAR BOX | C26: =원가!B17 -> 10 BAR | D26: 1 | F26: 6.3 | J26: TMG | K26: =IF(C26="PIYAKE",L26,IF(C26="10 BAR",M26,IF(C26="20 BAR",N26))) -> 98000 | L26: 25320 | M26: 98000 | N26: 98000
B27: GEAR BOX BOLT/WASHER | D27: 4 | F27: 1 | H27: 2500 | I27: =D27*F27*H27 -> 10000 | K27: =I27+J27 -> 10000
A28: 19 | B28: KEY & TAG | C28: SUS | D28: 1 | F28: 1 | I28: 220 | J28: 3300 | K28: =I28+J28 -> 3520
A29: 20 | B29: 페인트 | D29: 1 | F29: 1 | I29: 10000 | K29: =I29+J29 -> 10000
A30: 21 | B30: 조립.검사 | D30: 1 | F30: 1 | I30: 10000 | K30: =I30+J30 -> 10000
A31: 22 | B31: 밸브합산 | K31: =SUM(K6:K30) -> 443600
A32: 23
A33: 24 | B33: ACTUATOR | D33: 1 | F33: 1 | K33: =I33+J33 -> 0
B34: ACTUATOR BOLT/WASHER | D34: 4 | F34: 1 | K34: =I34+J34 -> 0
A35: 25 | B35: 포장비용 | D35: 1 | F35: 1 | K35: 5000
A36: 26 | B36: RUBBER LINNING | D36: 1 | F36: 1
A37: 27 | B37: 밸브외 사급품 비용 연산 | I37: =SUM(K32:K36) -> 5000 | J37: 1 | K37: =J37*I37 -> 5000
A38: 28
A39: 29 | B39: FACTOR | E39: 1차견적가 | F39: =L40 -> 1310 | I39: =K31 -> 443600 | J39: =원가!B15 -> 1 | K39: =J39*I39 -> 443600 | L39: 1차견적가
A40: 30 | B40: 견적가격(TOTAL금액) | E40: 네고가능가 | F40: =K40 -> 448600 | H40: 환율 | I40: =원가!B2 -> 1 | K40: =SUM(K37:K39)/I40 -> 448600 | L40: 1310

Sheet 125A
A1: 제수변 BFV 원가 分析表
A3: SIZE : 100A | B3: 125A | C3: 압력 : 150#
A5: NO. | B5: 부품명 | C5: 재질 | D5: 수량 | E5: 규격 | F5: 단중 | G5: 업체 | H5: 단가 | I5: 소계 | J5: 가공비 | K5: 합계
A6: 1 | B6: BODY | C6: =원가!B4 -> WCB | D6: 1 | F6: 35 | H6: =원가!C4 -> 2600 | I6: =D6*F6*H6 -> 91000 | J6: 70000 | K6: =I6+J6 -> 161000
A7: 2 | B7: DISC | C7: =원가!B5 -> WCB | D7: 1 | F7: 3.6 | H7: =원가!C5 -> 2600 | I7: =D7*F7*H7 -> 9360 | J7: 10000 | K7: =I7+J7 -> 19360
A8: 3 | B8: SEAT | C8: EPDM | D8: 1 | F8: 1 | I8: =D8*F8*H8 -> 0 | K8: =I8+J8 -> 0
A9: 4 | B9: STEM(上,下) | C9: =원가!B6 -> A276T316L | D9: 1 | F9: 2.4 | H9: =원가!C6 -> 8500 | I9: =D9*F9*H9 -> 20400 | J9: 5000 | K9: =I9+J9 -> 25400
A10: 5 | B10: DISC RETAINER | C10: =원가!B7 -> 316L | D10: 1 | F10: 3.4 | H10: =원가!C7 -> 8500 | I10: =D10*F10*H10 -> 28900 | J10: 12000 | K10: =I10+J10 -> 40900
B11: BODY RETAINER | C11: =원가!B8 -> 316L | D11: 1 | F11: 2.1 | H11: =원가!C8 -> 8500 | I11: =D11*F11*H11 -> 17850 | J11: 10000 | K11: =I11+J11 -> 27850
A12: 6 | B12: BUSH(上) | C12: =원가!B9 -> B148 | D12: 1 | F12: 0.35 | H12: =원가!C9 -> 12500 | I12: =D12*F12*H12 -> 4375 | J12: 7000 | K12: =I12+J12 -> 11375
B13: BUSH(下) | C13: =원가!B10 -> B148 | D13: 1 | F13: 0.35 | H13: =원가!C10 -> 12500 | I13: =D13*F13*H13 -> 4375 | J13: 7000 | K13: =I13+J13 -> 11375
A14: 7 | B14: PACKING RING | C14: EPDM | D14: 3 | F14: 1 | H14: 750 | I14: =D14*F14*H14 -> 2250 | K14: =I14+J14 -> 2250
B15: PACKING BUSH | C15: C95800 | D15: 1 | F15: 1 | H15: 700 | I15: =D15*F15*H15 -> 700 | J15: 2000 | K15: =I15+J15 -> 2700
A16: 8 | B16: PACKING GLAND | C16: =원가!B11 -> WCB | D16: 1 | F16: 1.5 | H16: =원가!C11 -> 2600 | I16: =D16*F16*H16 -> 3900 | J16: 3500 | K16: =I16+J16 -> 7400
A17: 9 | B17: STAND BOLT/NUT | C17: B8M | D17: 2 | F17: 1 | H17: 800 | I17: =D17*F17*H17 -> 1600 | K17: =I17+J17 -> 1600
A18: 10 | B18: BOTTOM COVER | C18: =원가!B12 -> WCB | D18: 1 | F18: 1 | H18: =원가!C12 -> 2600 | I18: =D18*F18*H18 -> 2600 | J18: 5000 | K18: =I18+J18 -> 7600
A19: 11 | B19: SPLIT COLLAR | C19: C95800 | D19: 1 | F19: 0.8 | H19: 8000 | I19: =D19*F19*H19 -> 6400 | J19: 2500 | K19: =I19+J19 -> 8900
A20: 12 | B20: DISC BOLT/NUT | C20: 316L | D20: 3 | F20: 1 | I20: =D20*F20*H20 -> 0 | J20: 1200 | K20: =I20+J20 -> 1200
A21: 13 | B21: DISC RETAINER BOLT | C21: B8M | D21: 4 | F21: 1 | H21: 60 | I21: =D21*F21*H21 -> 240 | K21: =I21+J21 -> 240
A22: 14 | B22: BOTTOM COVER BOLT/WASHER | C22: B8M | D22: 4 | F22: 1 | H22: 1000 | I22: =D22*F22*H22 -> 4000 | K22: =I22+J22 -> 4000
A23: 15 | B23: TOP FLG COVER | C23: =원가!B13 -> WCB | D23: 1 | F23: 2.1 | H23: =원가!C13 -> 2600 | I23: =D23*F23*H23 -> 5460 | J23: 6000 | K23: =I23+J23 -> 11460
A24: 16 | B24: TOP COVER BOLT | C24: B8M | D24: 4 | F24: 1 | I24: 2100 | J24: 3000 | K24: =I24+J24 -> 5100
A25: 17 | B25: BOTTOM O-RING | C25: EPDM | D25: 4 | F25: 1 | H25: 30 | I25: =D25*F25*H25 -> 120 | K25: =I25+J25 -> 120
A26: 18 | B26: GEAR BOX | C26: =원가!B17 -> 10 BAR | D26: 1 | F26: 6.3 | J26: TMG | K26: =IF(C26="PIYAKE",L26,IF(C26="10 BAR",M26,IF(C26="20 BAR",N26))) -> 98000 | L26: 25230 | M26: 98000 | N26: 98000
B27: GEAR BOX BOLT/WASHER | D27: 4 | F27: 1 | H27: 2500 | I27: =D27*F27*H27 -> 10000 | K27: =I27+J27 -> 10000
A28: 19 | B28: KEY & TAG | C28: SUS | D28: 1 | F28: 1 | I28: 220 | J28: 3300 | K28: =I28+J28 -> 3520
A29: 20 | B29: 페인트 | D29: 1 | F29: 1 | I29: 10000 | K29: =I29+J29 -> 10000
A30: 21 | B30: 조립.검사 | D30: 1 | F30: 1 | I30: 10000 | K30: =I30+J30 -> 10000
A31: 22 | B31: 밸브합산 | K31: =SUM(K6:K30) -> 481350
A32: 23
A33: 24 | B33: ACTUATOR | D33: 1 | F33: 1 | K33: =I33+J33 -> 0
B34: ACTUATOR BOLT/WASHER | D34: 4 | F34: 1 | K34: =I34+J34 -> 0
A35: 25 | B35: 포장비용 | D35: 1 | F35: 1 | K35: 5000
A36: 26 | B36: RUBBER LINNING | D36: 1 | F36: 1
A37: 27 | B37: 밸브외 사급품 비용 연산 | I37: =SUM(K32:K36) -> 5000 | J37: 1 | K37: =J37*I37 -> 5000
A38: 28
A39: 29 | B39: FACTOR | E39: 1차견적가 | F39: =L40 -> 1310 | I39: =K31 -> 481350 | J39: =원가!B15 -> 1 | K39: =J39*I39 -> 481350 | L39: 1차견적가
A40: 30 | B40: 견적가격(TOTAL금액) | E40: 네고가능가 | F40: =K40 -> 486350 | H40: 환율 | I40: =원가!B2 -> 1 | K40: =SUM(K37:K39)/I40 -> 486350 | L40: 1310

Sheet 150A
A1: 제수변 BFV 원가 分析表
A3: SIZE : 100A | B3: 150A | C3: 압력 : 150#
A5: NO. | B5: 부품명 | C5: 재질 | D5: 수량 | E5: 규격 | F5: 단중 | G5: 업체 | H5: 단가 | I5: 소계 | J5: 가공비 | K5: 합계
A6: 1 | B6: BODY | C6: =원가!B4 -> WCB | D6: 1 | F6: 40 | H6: =원가!C4 -> 2600 | I6: =D6*F6*H6 -> 104000 | J6: 100000 | K6: =I6+J6 -> 204000
A7: 2 | B7: DISC | C7: =원가!B5 -> WCB | D7: 1 | F7: 4.6 | H7: =원가!C5 -> 2600 | I7: =D7*F7*H7 -> 11960 | J7: 15000 | K7: =I7+J7 -> 26960
A8: 3 | B8: SEAT | C8: EPDM | D8: 1 | F8: 1 | I8: =D8*F8*H8 -> 0 | K8: =I8+J8 -> 0
A9: 4 | B9: STEM(上,下) | C9: =원가!B6 -> A276T316L | D9: 1 | F9: 2.67 | H9: =원가!C6 -> 8500 | I9: =D9*F9*H9 -> 22695 | J9: 5000 | K9: =I9+J9 -> 27695
A10: 5 | B10: DISC RETAINER | C10: =원가!B7 -> 316L | D10: 1 | F10: 5 | H10: =원가!C7 -> 8500 | I10: =D10*F10*H10 -> 42500 | J10: 12000 | K10: =I10+J10 -> 54500
B11: BODY RETAINER | C11: =원가!B8 -> 316L | D11: 1 | F11: 2.1 | H11: =원가!C8 -> 8500 | I11: =D11*F11*H11 -> 17850 | J11: 10000 | K11: =I11+J11 -> 27850
A12: 6 | B12: BUSH(上) | C12: =원가!B9 -> B148 | D12: 1 | F12: 0.8 | H12: =원가!C9 -> 12500 | I12: =D12*F12*H12 -> 10000 | J12: 7000 | K12: =I12+J12 -> 17000
B13: BUSH(下) | C13: =원가!B10 -> B148 | D13: 1 | F13: 0.8 | H13: =원가!C10 -> 12500 | I13: =D13*F13*H13 -> 10000 | J13: 7000 | K13: =I13+J13 -> 17000
A14: 7 | B14: PACKING RING | C14: EPDM | D14: 3 | F14: 1 | H14: 750 | I14: =D14*F14*H14 -> 2250 | K14: =I14+J14 -> 2250
B15: PACKING BUSH | C15: C95800 | D15: 1 | F15: 1 | H15: 700 | I15: =D15*F15*H15 -> 700 | J15: 2000 | K15: =I15+J15 -> 2700
A16: 8 | B16: PACKING GLAND | C16: =원가!B11 -> WCB | D16: 1 | F16: 2.4 | H16: =원가!C11 -> 2600 | I16: =D16*F16*H16 -> 6240 | J16: 3500 | K16: =I16+J16 -> 9740
A17: 9 | B17: STAND BOLT/NUT | C17: B8M | D17: 2 | F17: 1 | H17: 800 | I17: =D17*F17*H17 -> 1600 | K17: =I17+J17 -> 1600
A18: 10 | B18: BOTTOM COVER | C18: =원가!B12 -> WCB | D18: 1 | F18: 1 | H18: =원가!C12 -> 2600 | I18: =D18*F18*H18 -> 2600 | J18: 5000 | K18: =I18+J18 -> 7600
A19: 11 | B19: SPLIT COLLAR | C19: C95800 | D19: 1 | F19: 0.8 | H19: 8000 | I19: =D19*F19*H19 -> 6400 | J19: 2500 | K19: =I19+J19 -> 8900
A20: 12 | B20: DISC BOLT/NUT | C20: 316L | D20: 3 | F20: 1 | I20: =D20*F20*H20 -> 0 | J20: 1200 | K20: =I20+J20 -> 1200
A21: 13 | B21: DISC RETAINER BOLT | C21: B8M | D21: 4 | F21: 1 | H21: 60 | I21: =D21*F21*H21 -> 240 | K21: =I21+J21 -> 240
A22: 14 | B22: BOTTOM COVER BOLT/WASHER | C22: B8M | D22: 4 | F22: 1 | H22: 1000 | I22: =D22*F22*H22 -> 4000 | K22: =I22+J22 -> 4000
A23: 15 | B23: TOP FLG COVER | C23: =원가!B13 -> WCB | D23: 1 | F23: 2.2 | H23: =원가!C13 -> 2600 | I23: =D23*F23*H23 -> 5720 | J23: 6000 | K23: =I23+J23 -> 11720
A24: 16 | B24: TOP COVER BOLT | C24: B8M | D24: 4 | F24: 1 | H24: 1500 | I24: =D24*F24*H24 -> 6000 | K24: =I24+J24 -> 6000
A25: 17 | B25: BOTTOM O-RING | C25: EPDM | D25: 4 | F25: 1 | H25: 30 | I25: =D25*F25*H25 -> 120 | K25: =I25+J25 -> 120
A26: 18 | B26: GEAR BOX | C26: =원가!B17 -> 10 BAR | D26: 1 | F26: 6.3 | J26: TMG | K26: =IF(C26="PIYAKE",L26,IF(C26="10 BAR",M26,IF(C26="20 BAR",N26))) -> 98000 | L26: 25230 | M26: 98000 | N26: 98000
B27: GEAR BOX BOLT/WASHER | D27: 4 | F27: 1 | H27: 2500 | I27: =D27*F27*H27 -> 10000 | K27: =I27+J27 -> 10000
A28: 19 | B28: KEY & TAG | C28: SUS | D28: 1 | F28: 1 | I28: 220 | J28: 3300 | K28: =I28+J28 -> 3520
A29: 20 | B29: 페인트 | D29: 1 | F29: 1 | I29: 11500 | K29: =I29+J29 -> 11500
A30: 21 | B30: 조립.검사 | D30: 1 | F30: 1 | I30: 11500 | K30: =I30+J30 -> 11500
A31: 22 | B31: 밸브합산 | K31: =SUM(K6:K30) -> 565595
A32: 23
A33: 24 | B33: ACTUATOR | D33: 1 | F33: 1 | K33: =I33+J33 -> 0
B34: ACTUATOR BOLT/WASHER | D34: 4 | F34: 1 | K34: =I34+J34 -> 0
A35: 25 | B35: 포장비용 | D35: 1 | F35: 1 | K35: 8000
A36: 26 | B36: RUBBER LINNING | D36: 1 | F36: 1
A37: 27 | B37: 밸브외 사급품 비용 연산 | I37: =SUM(K32:K36) -> 8000 | J37: 1 | K37: =J37*I37 -> 8000
A38: 28
A39: 29 | B39: FACTOR | E39: 1차견적가 | F39: =L40 -> 1310 | I39: =K31 -> 565595 | J39: =원가!B15 -> 1 | K39: =J39*I39 -> 565595 | L39: 1차견적가
A40: 30 | B40: 견적가격(TOTAL금액) | E40: 네고가능가 | F40: =K40 -> 573595 | H40: 환율 | I40: =원가!B2 -> 1 | K40: =SUM(K37:K39)/I40 -> 573595 | L40: 1310

Sheet 200A
A1: 제수변 BFV 원가 分析表
A3: SIZE : 200A | C3: 압력 : 150#
A5: NO. | B5: 부품명 | C5: 재질 | D5: 수량 | E5: 규격 | F5: 단중 | G5: 업체 | H5: 단가 | I5: 소계 | J5: 가공비 | K5: 합계
A6: 1 | B6: BODY | C6: =원가!B4 -> WCB | D6: 1 | F6: 66 | H6: =원가!C4 -> 2600 | I6: =D6*F6*H6 -> 171600 | J6: 130000 | K6: =I6+J6 -> 301600
A7: 2 | B7: DISC | C7: =원가!B5 -> WCB | D7: 1 | F7: 9.2 | H7: =원가!C5 -> 2600 | I7: =D7*F7*H7 -> 23920 | J7: 15000 | K7: =I7+J7 -> 38920
A8: 3 | B8: SEAT | C8: EPDM | D8: 1 | F8: 1 | I8: 2500 | K8: =I8+J8 -> 2500
A9: 4 | B9: STEM(上,下) | C9: =원가!B6 -> A276T316L | D9: 1 | F9: 3.82 | H9: =원가!C6 -> 8500 | I9: =D9*F9*H9 -> 32470 | J9: 8000 | K9: =I9+J9 -> 40470
A10: 5 | B10: DISC RETAINER | C10: =원가!B7 -> 316L | D10: 1 | F10: 5 | H10: =원가!C7 -> 8500 | I10: =D10*F10*H10 -> 42500 | J10: 12000 | K10: =I10+J10 -> 54500
B11: BODY RETAINER | C11: =원가!B8 -> 316L | D11: 1 | F11: 3.3 | H11: =원가!C8 -> 8500 | I11: =D11*F11*H11 -> 28050 | J11: 12000 | K11: =I11+J11 -> 40050
A12: 6 | B12: BUSH(上) | C12: =원가!B9 -> B148 | D12: 1 | F12: 0.8 | H12: =원가!C9 -> 12500 | I12: =D12*F12*H12 -> 10000 | J12: 9000 | K12: =I12+J12 -> 19000
B13: BUSH(下) | C13: =원가!B10 -> B148 | D13: 1 | F13: 0.8 | H13: =원가!C10 -> 12500 | I13: =D13*F13*H13 -> 10000 | J13: 9000 | K13: =I13+J13 -> 19000
A14: 7 | B14: PACKING RING | C14: EPDM | D14: 3 | F14: 1 | H14: 500 | I14: =D14*F14*H14 -> 1500 | K14: =I14+J14 -> 1500
B15: PACKING BUSH | C15: C95800 | D15: 2 | F15: 1 | H15: 1000 | I15: =D15*F15*H15 -> 2000 | J15: 2000 | K15: =I15+J15 -> 4000
A16: 8 | B16: PACKING GLAND | C16: =원가!B11 -> WCB | D16: 1 | F16: 1.5 | H16: =원가!C11 -> 2600 | I16: =D16*F16*H16 -> 3900 | J16: 4000 | K16: =I16+J16 -> 7900
A17: 9 | B17: STAND BOLT/NUT | C17: B8M | D17: 2 | F17: 1 | H17: 600 | I17: =D17*F17*H17 -> 1200 | K17: =I17+J17 -> 1200
A18: 10 | B18: BOTTOM COVER | C18: =원가!B12 -> WCB | D18: 1 | F18: 1.27 | H18: =원가!C12 -> 2600 | I18: =D18*F18*H18 -> 3302 | J18: 6000 | K18: =I18+J18 -> 9302
A19: 11 | B19: SPLIT COLLAR | C19: C95800 | D19: 1 | I19: 1000 | J19: 2500 | K19: =I19+J19 -> 3500
A20: 12 | B20: DISC BOLT/NUT | C20: 316L | D20: 3 | F20: 1 | H20: 300 | I20: =D20*F20*H20 -> 900 | J20: 1500 | K20: =I20+J20 -> 2400
A21: 13 | B21: DISC RETAINER BOLT | C21: B8M | D21: 8 | F21: 1 | H21: 60 | I21: =D21*F21*H21 -> 480 | K21: =I21+J21 -> 480
A22: 14 | B22: BOTTOM COVER BOLT/WASHER | C22: B8M | D22: 4 | F22: 1 | H22: 1500 | I22: =D22*F22*H22 -> 6000 | K22: =I22+J22 -> 6000
A23: 15 | B23: TOP FLG COVER | C23: =원가!B13 -> WCB | D23: 1 | F23: 2.5 | H23: =원가!C13 -> 2600 | I23: =D23*F23*H23 -> 6500 | J23: 6000 | K23: =I23+J23 -> 12500
A24: 16 | B24: TOP COVER BOLT | C24: B8M | D24: 4 | F24: 1 | H24: 1500 | I24: =D24*F24*H24 -> 6000 | K24: =I24+J24 -> 6000
A25: 17 | B25: BOTTOM O-RING | C25: EPDM | D25: 1 | F25: 1 | I25: 400 | K25: =I25+J25 -> 400
A26: 18 | B26: GEAR BOX | C26: =원가!B17 -> 10 BAR | D26: 1 | F26: 6.3 | J26: TMG | K26: =IF(C26="PIYAKE",L26,IF(C26="10 BAR",M26,IF(C26="20 BAR",N26))) -> 98000 | L26: 25230 | M26: 98000 | N26: 98000
B27: GEAR BOX BOLT/WASHER | D27: 4 | F27: 1 | H27: 3000 | I27: =D27*F27*H27 -> 12000 | K27: =I27+J27 -> 12000
A28: 19 | B28: KEY & TAG | C28: SUS | D28: 1 | F28: 1 | I28: 220 | J28: 3300 | K28: =I28+J28 -> 3520
A29: 20 | B29: 페인트 | D29: 1 | F29: 1 | I29: 12000 | K29: =I29+J29 -> 12000
A30: 21 | B30: 조립.검사 | D30: 1 | F30: 1 | I30: 12000 | K30: =I30+J30 -> 12000
A31: 22 | B31: 밸브합산 | K31: =SUM(K6:K30) -> 708742
A32: 23
A33: 24 | B33: ACTUATOR | D33: 1 | F33: 1 | K33: =I33+J33 -> 0
B34: ACTUATOR BOLT/WASHER | D34: 4 | F34: 1 | K34: =I34+J34 -> 0
A35: 25 | B35: 포장비용 | D35: 1 | F35: 1 | K35: 9500
A36: 26 | B36: RUBBER LINNING | D36: 1 | F36: 1
A37: 27 | B37: 밸브외 사급품 비용 연산 | I37: =SUM(K32:K36) -> 9500 | J37: 1 | K37: =J37*I37 -> 9500
A38: 28
A39: 29 | B39: FACTOR | E39: 1차견적가 | F39: =L40 -> 1580 | I39: =K31 -> 708742 | J39: =원가!B15 -> 1 | K39: =J39*I39 -> 708742 | L39: 1차견적가
A40: 30 | B40: 견적가격(TOTAL금액) | E40: 네고가능가 | F40: =K40 -> 718242 | H40: 환율 | I40: =원가!B2 -> 1 | K40: =SUM(K37:K39)/I40 -> 718242 | L40: 1580

Sheet 250A
A1: 제수변 BFV 원가 分析表
A3: SIZE : 250A | C3: 압력 : 150#
A5: NO. | B5: 부품명 | C5: 재질 | D5: 수량 | E5: 규격 | F5: 단중 | G5: 업체 | H5: 단가 | I5: 소계 | J5: 가공비 | K5: 합계
A6: 1 | B6: BODY | C6: =원가!B4 -> WCB | D6: 1 | F6: 80.1 | H6: =원가!C4 -> 2600 | I6: =D6*F6*H6 -> 208260 | J6: 150000 | K6: =I6+J6 -> 358260
A7: 2 | B7: DISC | C7: =원가!B5 -> WCB | D7: 1 | F7: 9.8 | H7: =원가!C5 -> 2600 | I7: =D7*F7*H7 -> 25480 | J7: 20000 | K7: =I7+J7 -> 45480
A8: 3 | B8: SEAT | C8: EPDM | D8: 1 | F8: 1 | I8: 2500 | K8: =I8+J8 -> 2500
A9: 4 | B9: STEM(上,下) | C9: =원가!B6 -> A276T316L | D9: 1 | F9: 4.75 | H9: =원가!C6 -> 8500 | I9: =D9*F9*H9 -> 40375 | J9: 10000 | K9: =I9+J9 -> 50375
A10: 5 | B10: DISC RETAINER | C10: =원가!B7 -> 316L | D10: 1 | F10: 5.4 | H10: =원가!C7 -> 8500 | I10: =D10*F10*H10 -> 45900 | J10: 15000 | K10: =I10+J10 -> 60900
B11: BODY RETAINER | C11: =원가!B8 -> 316L | D11: 1 | F11: 5.4 | H11: =원가!C8 -> 8500 | I11: =D11*F11*H11 -> 45900 | J11: 15000 | K11: =I11+J11 -> 60900
A12: 6 | B12: BUSH(上) | C12: =원가!B9 -> B148 | D12: 1 | F12: 0.863 | H12: =원가!C9 -> 12500 | I12: =D12*F12*H12 -> 10787.5 | J12: 10500 | K12: =I12+J12 -> 21287.5
B13: BUSH(下) | C13: =원가!B10 -> B148 | D13: 1 | F13: 0.863 | H13: =원가!C10 -> 12500 | I13: =D13*F13*H13 -> 10787.5 | J13: 10500 | K13: =I13+J13 -> 21287.5
A14: 7 | B14: PACKING RING | C14: EPDM | D14: 3 | F14: 1 | H14: 500 | I14: =D14*F14*H14 -> 1500 | K14: =I14+J14 -> 1500
B15: PACKING BUSH | C15: C95800 | D15: 2 | F15: 1 | H15: 1000 | I15: =D15*F15*H15 -> 2000 | J15: 2000 | K15: =I15+J15 -> 4000
A16: 8 | B16: PACKING GLAND | C16: =원가!B11 -> WCB | D16: 1 | F16: 1.5 | H16: =원가!C11 -> 2600 | I16: =D16*F16*H16 -> 3900 | J16: 4000 | K16: =I16+J16 -> 7900
A17: 9 | B17: STAND BOLT/NUT | C17: B8M | D17: 2 | F17: 1 | H17: 600 | I17: =D17*F17*H17 -> 1200 | K17: =I17+J17 -> 1200
A18: 10 | B18: BOTTOM COVER | C18: =원가!B12 -> WCB | D18: 1 | F18: 1.415 | H18: =원가!C12 -> 2600 | I18: =D18*F18*H18 -> 3679 | J18: 6000 | K18: =I18+J18 -> 9679
A19: 11 | B19: SPLIT COLLAR | C19: C95800 | D19: 1 | I19: 1000 | J19: 3000 | K19: =I19+J19 -> 4000
A20: 12 | B20: DISC BOLT/NUT | C20: 316L | D20: 3 | F20: 1 | H20: 300 | I20: =D20*F20*H20 -> 900 | J20: 1500 | K20: =I20+J20 -> 2400
A21: 13 | B21: DISC RETAINER BOLT | C21: B8M | D21: 8 | F21: 1 | H21: 60 | I21: =D21*F21*H21 -> 480 | K21: =I21+J21 -> 480
A22: 14 | B22: BOTTOM COVER BOLT/WASHER | C22: B8M | D22: 4 | F22: 1 | H22: 1500 | I22: =D22*F22*H22 -> 6000 | K22: =I22+J22 -> 6000
A23: 15 | B23: TOP FLG COVER | C23: =원가!B13 -> WCB | D23: 1 | F23: 2.8 | H23: =원가!C13 -> 2600 | I23: =D23*F23*H23 -> 7280 | J23: 7000 | K23: =I23+J23 -> 14280
A24: 16 | B24: TOP COVER BOLT | C24: B8M | D24: 4 | F24: 1 | H24: 2000 | I24: =D24*F24*H24 -> 8000 | K24: =I24+J24 -> 8000
A25: 17 | B25: BOTTOM O-RING | C25: EPDM | D25: 1 | F25: 1 | I25: 400 | K25: =I25+J25 -> 400
A26: 18 | B26: GEAR BOX | C26: =원가!B17 -> 10 BAR | D26: 1 | F26: 6.3 | J26: TMG | K26: =IF(C26="PIYAKE",L26,IF(C26="10 BAR",M26,IF(C26="20 BAR",N26))) -> 203000 | L26: 27860 | M26: 203000 | N26: 203000
B27: GEAR BOX BOLT/WASHER | D27: 4 | F27: 1 | H27: 3000 | I27: =D27*F27*H27 -> 12000 | K27: =I27+J27 -> 12000
A28: 19 | B28: KEY & TAG | C28: SUS | D28: 1 | F28: 1 | I28: 220 | J28: 3300 | K28: =I28+J28 -> 3520
A29: 20 | B29: 페인트 | D29: 1 | F29: 1 | I29: 15000 | K29: =I29+J29 -> 15000
A30: 21 | B30: 조립.검사 | D30: 1 | F30: 1 | I30: 15000 | K30: =I30+J30 -> 15000
A31: 22 | B31: 밸브합산 | K31: =SUM(K6:K30) -> 929349
A32: 23
A33: 24 | B33: ACTUATOR | D33: 1 | F33: 1 | K33: =I33+J33 -> 0
B34: ACTUATOR BOLT/WASHER | D34: 4 | F34: 1 | K34: =I34+J34 -> 0
A35: 25 | B35: 포장비용 | D35: 1 | F35: 1 | K35: 11000
A36: 26 | B36: RUBBER LINNING | D36: 1 | F36: 1
A37: 27 | B37: 밸브외 사급품 비용 연산 | I37: =SUM(K32:K36) -> 11000 | J37: 1 | K37: =J37*I37 -> 11000
A38: 28
A39: 29 | B39: FACTOR | E39: 1차견적가 | F39: =L40 -> 0 | I39: =K31 -> 929349 | J39: =원가!B15 -> 1 | K39: =J39*I39 -> 929349 | L39: 1차견적가
A40: 30 | B40: 견적가격(TOTAL금액) | E40: 네고가능가 | F40: =K40 -> 940349 | H40: 환율 | I40: =원가!B2 -> 1 | K40: =SUM(K37:K39)/I40 -> 940349

Sheet 300A
A1: 제수변 BFV 원가 分析表
A3: SIZE : 300A | C3: 압력 : 150#
A5: NO. | B5: 부품명 | C5: 재질 | D5: 수량 | E5: 규격 | F5: 단중 | G5: 업체 | H5: 단가 | I5: 소계 | J5: 가공비 | K5: 합계
A6: 1 | B6: BODY | C6: =원가!B4 -> WCB | D6: 1 | F6: 131 | H6: =원가!C4 -> 2600 | I6: =D6*F6*H6 -> 340600 | J6: 170000 | K6: =I6+J6 -> 510600
A7: 2 | B7: DISC | C7: =원가!B5 -> WCB | D7: 1 | F7: 23 | H7: =원가!C5 -> 2600 | I7: =D7*F7*H7 -> 59800 | J7: 20000 | K7: =I7+J7 -> 79800
A8: 3 | B8: SEAT | C8: EPDM | D8: 1 | F8: 1 | I8: 7700 | K8: =I8+J8 -> 7700
A9: 4 | B9: STEM(上,下) | C9: =원가!B6 -> A276T316L | D9: 1 | F9: 7.29 | H9: =원가!C6 -> 8500 | I9: =D9*F9*H9 -> 61965 | J9: 25000 | K9: =I9+J9 -> 86965
A10: 5 | B10: DISC RETAINER | C10: =원가!B7 -> 316L | D10: 1 | F10: 5 | H10: =원가!C7 -> 8500 | I10: =D10*F10*H10 -> 42500 | J10: 25000 | K10: =I10+J10 -> 67500
B11: BODY RETAINER | C11: =원가!B8 -> 316L | D11: 1 | F11: 5 | H11: =원가!C8 -> 8500 | I11: =D11*F11*H11 -> 42500 | J11: 25000 | K11: =I11+J11 -> 67500
A12: 6 | B12: BUSH(上) | C12: =원가!B9 -> B148 | D12: 1 | F12: 2 | H12: =원가!C9 -> 12500 | I12: =D12*F12*H12 -> 25000 | J12: 3000 | K12: =I12+J12 -> 28000
B13: BUSH(下) | C13: =원가!B10 -> B148 | D13: 1 | F13: 2 | H13: =원가!C10 -> 12500 | I13: =D13*F13*H13 -> 25000 | J13: 3000 | K13: =I13+J13 -> 28000
A14: 7 | B14: PACKING RING | C14: EPDM | D14: 4 | F14: 1 | H14: 550 | I14: =D14*F14*H14 -> 2200 | K14: =I14+J14 -> 2200
B15: PACKING BUSH | C15: C95800 | D15: 3 | F15: 1 | H15: 4200 | I15: =D15*F15*H15 -> 12600 | K15: =I15+J15 -> 12600
A16: 8 | B16: PACKING GLAND | C16: =원가!B11 -> WCB | D16: 1 | F16: 2 | H16: =원가!C11 -> 2600 | I16: =D16*F16*H16 -> 5200 | J16: 4000 | K16: =I16+J16 -> 9200
A17: 9 | B17: STAND BOLT/NUT | C17: B8M | D17: 4 | F17: 1 | H17: 3200 | I17: =D17*F17*H17 -> 12800 | K17: =I17+J17 -> 12800
A18: 10 | B18: BOTTOM COVER | C18: =원가!B12 -> WCB | D18: 1 | F18: 2.6 | H18: =원가!C12 -> 2600 | I18: =D18*F18*H18 -> 6760 | J18: 7000 | K18: =I18+J18 -> 13760
A19: 11 | B19: SPLIT COLLAR | C19: C95800 | D19: 1 | F19: 1.25 | H19: 8000 | I19: =D19*F19*H19 -> 10000 | J19: 4000 | K19: =I19+J19 -> 14000
A20: 12 | B20: DISC BOLT/NUT | C20: 316L | D20: 2 | F20: 0.4 | H20: 2400 | I20: =D20*F20*H20 -> 1920 | J20: 4000 | K20: =I20+J20 -> 5920
A21: 13 | B21: DISC RETAINER BOLT | C21: B8M | D21: 12 | F21: 1 | H21: 110 | I21: =D21*F21*H21 -> 1320 | K21: =I21+J21 -> 1320
A22: 14 | B22: BOTTOM COVER BOLT/WASHER | C22: B8M | D22: 6 | F22: 1 | H22: 1500 | I22: =D22*F22*H22 -> 9000 | K22: =I22+J22 -> 9000
A23: 15 | B23: TOP FLG COVER | C23: =원가!B13 -> WCB | D23: 1 | F23: 7 | H23: =원가!C13 -> 2600 | I23: =D23*F23*H23 -> 18200 | J23: 9000 | K23: =I23+J23 -> 27200
A24: 16 | B24: TOP COVER BOLT | C24: B8M | D24: 4 | F24: 1 | H24: 2000 | I24: =D24*F24*H24 -> 8000 | K24: =I24+J24 -> 8000
A25: 17 | B25: BOTTOM O-RING | C25: EPDM | D25: 1 | F25: 1 | I25: 900 | K25: =I25+J25 -> 900
A26: 18 | B26: GEAR BOX | C26: =원가!B17 -> 10 BAR | D26: 1 | F26: 52 | I26: 181032 | J26: TMG | K26: =IF(C26="PIYAKE",L26,IF(C26="10 BAR",M26,IF(C26="20 BAR",N26))) -> 203000 | M26: 203000 | N26: 225000
B27: GEAR BOX BOLT/WASHER | D27: 4 | F27: 1 | H27: 3000 | I27: =D27*F27*H27 -> 12000 | K27: =I27+J27 -> 12000
A28: 19 | B28: KEY & TAG | C28: SUS | D28: 1 | F28: 1 | I28: 2160 | J28: 4400 | K28: =I28+J28 -> 6560
A29: 20 | B29: 페인트 | D29: 1 | F29: 1 | I29: 20000 | K29: =I29+J29 -> 20000
A30: 21 | B30: 조립.검사 | D30: 1 | F30: 1 | I30: 20000 | K30: =I30+J30 -> 20000
A31: 22 | B31: 밸브합산 | K31: =SUM(K6:K30) -> 1254525
A32: 23
A33: 24 | B33: ACTUATOR | D33: 1 | F33: 1 | K33: =I33+J33 -> 0
B34: ACTUATOR BOLT/WASHER | D34: 4 | F34: 1 | K34: =I34+J34 -> 0
A35: 25 | B35: 포장비용 | D35: 1 | F35: 1 | K35: 15000
A36: 26 | B36: RUBBER LINNING | D36: 1 | F36: 1
A37: 27 | B37: 밸브외 사급품 비용 연산 | I37: =SUM(K32:K36) -> 15000 | J37: 1 | K37: =J37*I37 -> 15000
A38: 28
A39: 29 | B39: FACTOR | E39: 1차견적가 | F39: =L40 -> 0 | I39: =K31 -> 1254525 | J39: =원가!B15 -> 1 | K39: =J39*I39 -> 1254525 | L39: 1차견적가
A40: 30 | B40: 견적가격(TOTAL금액) | E40: 네고가능가 | F40: =K40 -> 1269525 | H40: 환율 | I40: =원가!B2 -> 1 | K40: =SUM(K37:K39)/I40 -> 1269525

Sheet 350A
A1: 제수변 BFV 원가 分析表
A3: SIZE : 350A | C3: 압력 : 150#
A5: NO. | B5: 부품명 | C5: 재질 | D5: 수량 | E5: 규격 | F5: 단중 | G5: 업체 | H5: 단가 | I5: 소계 | J5: 가공비 | K5: 합계
A6: 1 | B6: BODY | C6: =원가!B4 -> WCB | D6: 1 | F6: 134.7 | H6: =원가!C4 -> 2600 | I6: =D6*F6*H6 -> 350220 | J6: 190000 | K6: =I6+J6 -> 540220
A7: 2 | B7: DISC | C7: =원가!B5 -> WCB | D7: 1 | F7: 27 | H7: =원가!C5 -> 2600 | I7: =D7*F7*H7 -> 70200 | J7: 40000 | K7: =I7+J7 -> 110200
A8: 3 | B8: SEAT | C8: EPDM | D8: 1 | F8: 1 | I8: 7700 | K8: =I8+J8 -> 7700
A9: 4 | B9: STEM(上,下) | C9: =원가!B6 -> A276T316L | D9: 1 | F9: 11 | H9: =원가!C6 -> 8500 | I9: =D9*F9*H9 -> 93500 | J9: 25000 | K9: =I9+J9 -> 118500
A10: 5 | B10: DISC RETAINER | C10: =원가!B7 -> 316L | D10: 1 | F10: 6 | H10: =원가!C7 -> 8500 | I10: =D10*F10*H10 -> 51000 | J10: 25000 | K10: =I10+J10 -> 76000
B11: BODY RETAINER | C11: =원가!B8 -> 316L | D11: 1 | F11: 6 | H11: =원가!C8 -> 8500 | I11: =D11*F11*H11 -> 51000 | J11: 25000 | K11: =I11+J11 -> 76000
A12: 6 | B12: BUSH(上) | C12: =원가!B9 -> B148 | D12: 1 | F12: 1 | H12: =원가!C9 -> 12500 | I12: =D12*F12*H12 -> 12500 | J12: 3000 | K12: =I12+J12 -> 15500
B13: BUSH(下) | C13: =원가!B10 -> B148 | D13: 1 | F13: 1 | H13: =원가!C10 -> 12500 | I13: =D13*F13*H13 -> 12500 | J13: 3000 | K13: =I13+J13 -> 15500
A14: 7 | B14: PACKING RING | C14: EPDM | D14: 4 | F14: 1 | H14: 550 | I14: =D14*F14*H14 -> 2200 | K14: =I14+J14 -> 2200
B15: PACKING BUSH | C15: C95800 | D15: 3 | F15: 1 | H15: 4200 | I15: =D15*F15*H15 -> 12600 | K15: =I15+J15 -> 12600
A16: 8 | B16: PACKING GLAND | C16: =원가!B11 -> WCB | D16: 1 | F16: 2.5 | H16: =원가!C11 -> 2600 | I16: =D16*F16*H16 -> 6500 | J16: 4000 | K16: =I16+J16 -> 10500
A17: 9 | B17: STAND BOLT/NUT | C17: B8M | D17: 4 | F17: 1 | H17: 3200 | I17: =D17*F17*H17 -> 12800 | K17: =I17+J17 -> 12800
A18: 10 | B18: BOTTOM COVER | C18: =원가!B12 -> WCB | D18: 1 | F18: 2.6 | H18: =원가!C12 -> 2600 | I18: =D18*F18*H18 -> 6760 | J18: 7000 | K18: =I18+J18 -> 13760
A19: 11 | B19: SPLIT COLLAR | C19: C95800 | D19: 1 | F19: 0.432 | H19: 8000 | I19: =D19*F19*H19 -> 3456 | J19: 4000 | K19: =I19+J19 -> 7456
A20: 12 | B20: DISC BOLT/NUT | C20: 316L | D20: 2 | F20: 0.23 | H20: 2400 | I20: =D20*F20*H20 -> 1104 | J20: 4000 | K20: =I20+J20 -> 5104
A21: 13 | B21: DISC RETAINER BOLT | C21: B8M | D21: 12 | F21: 1 | H21: 110 | I21: =D21*F21*H21 -> 1320 | K21: =I21+J21 -> 1320
A22: 14 | B22: BOTTOM COVER BOLT/WASHER | C22: B8M | D22: 6 | F22: 1 | H22: 1500 | I22: =D22*F22*H22 -> 9000 | K22: =I22+J22 -> 9000
A23: 15 | B23: TOP FLG COVER | C23: =원가!B13 -> WCB | D23: 1 | F23: 7 | H23: =원가!C13 -> 2600 | I23: =D23*F23*H23 -> 18200 | J23: 9000 | K23: =I23+J23 -> 27200
A24: 16 | B24: TOP COVER BOLT | C24: B8M | D24: 4 | F24: 1 | H24: 2000 | I24: =D24*F24*H24 -> 8000 | K24: =I24+J24 -> 8000
A25: 17 | B25: BOTTOM O-RING | C25: EPDM | D25: 1 | F25: 1 | I25: 900 | K25: =I25+J25 -> 900
A26: 18 | B26: GEAR BOX | C26: =원가!B17 -> 10 BAR | D26: 1 | F26: 52 | I26: 181032 | J26: TMG | K26: =IF(C26="PIYAKE",L26,IF(C26="10 BAR",M26,IF(C26="20 BAR",N26))) -> 203000 | M26: 203000 | N26: 305000
B27: GEAR BOX BOLT/WASHER | D27: 4 | F27: 1 | H27: 3000 | I27: =D27*F27*H27 -> 12000 | K27: =I27+J27 -> 12000
A28: 19 | B28: KEY & TAG | C28: SUS | D28: 1 | F28: 1 | I28: 2160 | J28: 4400 | K28: =I28+J28 -> 6560
A29: 20 | B29: 페인트 | D29: 1 | F29: 1 | I29: 35000 | K29: =I29+J29 -> 35000
A30: 21 | B30: 조립.검사 | D30: 1 | F30: 1 | I30: 25000 | K30: =I30+J30 -> 25000
A31: 22 | B31: 밸브합산 | K31: =SUM(K6:K30) -> 1352020
A32: 23
A33: 24 | B33: ACTUATOR | D33: 1 | F33: 1 | K33: =I33+J33 -> 0
B34: ACTUATOR BOLT/WASHER | D34: 4 | F34: 1 | K34: =I34+J34 -> 0
A35: 25 | B35: 포장비용 | D35: 1 | F35: 1 | K35: 18000
A36: 26 | B36: RUBBER LINNING | D36: 1 | F36: 1
A37: 27 | B37: 밸브외 사급품 비용 연산 | I37: =SUM(K32:K36) -> 18000 | J37: 1 | K37: =J37*I37 -> 18000
A38: 28
A39: 29 | B39: FACTOR | E39: 1차견적가 | F39: =L40 -> 0 | I39: =K31 -> 1352020 | J39: =원가!B15 -> 1 | K39: =J39*I39 -> 1352020 | L39: 1차견적가
A40: 30 | B40: 견적가격(TOTAL금액) | E40: 네고가능가 | F40: =K40 -> 1370020 | H40: 환율 | I40: =원가!B2 -> 1 | K40: =SUM(K37:K39)/I40 -> 1370020

Sheet 400A
A1: 제수변 BFV 원가 分析表
A3: SIZE : 400A | C3: 압력 : 150#
A5: NO. | B5: 부품명 | C5: 재질 | D5: 수량 | E5: 규격 | F5: 단중 | G5: 업체 | H5: 단가 | I5: 소계 | J5: 가공비 | K5: 합계
A6: 1 | B6: BODY | C6: =원가!B4 -> WCB | D6: 1 | F6: 205 | H6: =원가!C4 -> 2600 | I6: =D6*F6*H6 -> 533000 | J6: 230000 | K6: =I6+J6 -> 763000
A7: 2 | B7: DISC | C7: =원가!B5 -> WCB | D7: 1 | F7: 41 | H7: =원가!C5 -> 2600 | I7: =D7*F7*H7 -> 106600 | J7: 160000 | K7: =I7+J7 -> 266600
A8: 3 | B8: SEAT | C8: EPDM | D8: 1 | F8: 1 | I8: 7700 | K8: =I8+J8 -> 7700
A9: 4 | B9: STEM(上,下) | C9: =원가!B6 -> A276T316L | D9: 1 | F9: 20.74 | H9: =원가!C6 -> 8500 | I9: =D9*F9*H9 -> 176290 | J9: 35000 | K9: =I9+J9 -> 211290
A10: 5 | B10: DISC RETAINER | C10: =원가!B7 -> 316L | D10: 1 | F10: 11 | H10: =원가!C7 -> 8500 | I10: =D10*F10*H10 -> 93500 | J10: 30000 | K10: =I10+J10 -> 123500
B11: BODY RETAINER | C11: =원가!B8 -> 316L | D11: 1 | F11: 22.34 | H11: =원가!C8 -> 8500 | I11: =D11*F11*H11 -> 189890 | J11: 33000 | K11: =I11+J11 -> 222890
A12: 6 | B12: BUSH(上) | C12: =원가!B9 -> B148 | D12: 1 | F12: 3 | H12: =원가!C9 -> 12500 | I12: =D12*F12*H12 -> 37500 | J12: 13000 | K12: =I12+J12 -> 50500
B13: BUSH(下) | C13: =원가!B10 -> B148 | D13: 1 | F13: 3 | H13: =원가!C10 -> 12500 | I13: =D13*F13*H13 -> 37500 | J13: 13000 | K13: =I13+J13 -> 50500
A14: 7 | B14: PACKING RING | C14: EPDM | D14: 4 | F14: 1 | H14: 550 | I14: =D14*F14*H14 -> 2200 | K14: =I14+J14 -> 2200
B15: PACKING BUSH | C15: C95800 | D15: 3 | F15: 1 | H15: 4200 | I15: =D15*F15*H15 -> 12600 | J15: 9000 | K15: =I15+J15 -> 21600
A16: 8 | B16: PACKING GLAND | C16: =원가!B11 -> WCB | D16: 1 | F16: 3 | H16: =원가!C11 -> 2600 | I16: =D16*F16*H16 -> 7800 | J16: 6000 | K16: =I16+J16 -> 13800
A17: 9 | B17: STAND BOLT/NUT | C17: B8M | D17: 4 | F17: 1 | H17: 3200 | I17: =D17*F17*H17 -> 12800 | K17: =I17+J17 -> 12800
A18: 10 | B18: BOTTOM COVER | C18: =원가!B12 -> WCB | D18: 1 | F18: 4.37 | H18: =원가!C12 -> 2600 | I18: =D18*F18*H18 -> 11362 | J18: 10000 | K18: =I18+J18 -> 21362
A19: 11 | B19: SPLIT COLLAR | C19: C95800 | D19: 1 | F19: 0.706 | H19: 8000 | I19: =D19*F19*H19 -> 5648 | J19: 4000 | K19: =I19+J19 -> 9648
A20: 12 | B20: DISC BOLT/NUT | C20: 316L | D20: 2 | F20: 0.37 | H20: 2400 | I20: =D20*F20*H20 -> 1776 | J20: 4000 | K20: =I20+J20 -> 5776
A21: 13 | B21: DISC RETAINER BOLT | C21: B8M | D21: 12 | F21: 1 | H21: 110 | I21: =D21*F21*H21 -> 1320 | K21: =I21+J21 -> 1320
A22: 14 | B22: BOTTOM COVER BOLT/WASHER | C22: B8M | D22: 6 | F22: 1 | H22: 2000 | I22: =D22*F22*H22 -> 12000 | K22: =I22+J22 -> 12000
A23: 15 | B23: TOP FLG COVER | C23: =원가!B13 -> WCB | D23: 1 | F23: 11 | H23: =원가!C13 -> 2600 | I23: =D23*F23*H23 -> 28600 | J23: 12000 | K23: =I23+J23 -> 40600
A24: 16 | B24: TOP COVER BOLT | C24: B8M | D24: 4 | F24: 1 | H24: 2500 | I24: =D24*F24*H24 -> 10000 | K24: =I24+J24 -> 10000
A25: 17 | B25: BOTTOM O-RING | C25: EPDM | D25: 1 | F25: 1 | I25: 900 | K25: =I25+J25 -> 900
A26: 18 | B26: GEAR BOX | C26: =원가!B17 -> 10 BAR | D26: 1 | F26: 52 | J26: TMG | K26: =IF(C26="PIYAKE",L26,IF(C26="10 BAR",M26,IF(C26="20 BAR",N26))) -> 225000 | L26: 258070 | M26: 225000 | N26: 305000
B27: GEAR BOX BOLT/WASHER | D27: 4 | F27: 1 | H27: 3000 | I27: =D27*F27*H27 -> 12000 | K27: =I27+J27 -> 12000
A28: 19 | B28: KEY & TAG | C28: SUS | D28: 1 | F28: 1 | I28: 2160 | J28: 4400 | K28: =I28+J28 -> 6560
A29: 20 | B29: 페인트 | D29: 1 | F29: 1 | I29: 40000 | K29: =I29+J29 -> 40000
A30: 21 | B30: 조립.검사 | D30: 1 | F30: 1 | I30: 35000 | K30: =I30+J30 -> 35000
A31: 22 | B31: 밸브합산 | K31: =SUM(K6:K30) -> 2166546
A32: 23
A33: 24 | B33: ACTUATOR | D33: 1 | F33: 1 | K33: =I33+J33 -> 0
B34: ACTUATOR BOLT/WASHER | D34: 4 | F34: 1 | K34: =I34+J34 -> 0
A35: 25 | B35: 포장비용 | D35: 1 | F35: 1 | K35: 25000
A36: 26 | B36: RUBBER LINNING | D36: 1 | F36: 1
A37: 27 | B37: 밸브외 사급품 비용 연산 | I37: =SUM(K32:K36) -> 25000 | J37: 1 | K37: =J37*I37 -> 25000
A38: 28
A39: 29 | B39: FACTOR | E39: 1차견적가 | F39: =L40 -> 6990 | I39: =K31 -> 2166546 | J39: =원가!B15 -> 1 | K39: =J39*I39 -> 2166546 | L39: 1차견적가
A40: 30 | B40: 견적가격(TOTAL금액) | E40: 네고가능가 | F40: =K40 -> 2191546 | H40: 환율 | I40: =원가!B2 -> 1 | K40: =SUM(K37:K39)/I40 -> 2191546 | L40: 6990

Sheet 450A
A1: 제수변 BFV 원가 分析表
A3: SIZE : 450A | C3: 압력 : 150#
A5: NO. | B5: 부품명 | C5: 재질 | D5: 수량 | E5: 규격 | F5: 단중 | G5: 업체 | H5: 단가 | I5: 소계 | J5: 가공비 | K5: 합계
A6: 1 | B6: BODY | C6: =원가!B4 -> WCB | D6: 1 | F6: 238 | H6: =원가!C4 -> 2600 | I6: =D6*F6*H6 -> 618800 | J6: 270000 | K6: =I6+J6 -> 888800
A7: 2 | B7: DISC | C7: =원가!B5 -> WCB | D7: 1 | F7: 52 | H7: =원가!C5 -> 2600 | I7: =D7*F7*H7 -> 135200 | J7: 160000 | K7: =I7+J7 -> 295200
A8: 3 | B8: SEAT | C8: EPDM | D8: 1 | F8: 1 | I8: 7700 | K8: =I8+J8 -> 7700
A9: 4 | B9: STEM(上,下) | C9: =원가!B6 -> A276T316L | D9: 1 | F9: 23 | H9: =원가!C6 -> 8500 | I9: =D9*F9*H9 -> 195500 | J9: 35000 | K9: =I9+J9 -> 230500
A10: 5 | B10: DISC RETAINER | C10: =원가!B7 -> 316L | D10: 1 | F10: 22.34 | H10: =원가!C7 -> 8500 | I10: =D10*F10*H10 -> 189890 | J10: 40000 | K10: =I10+J10 -> 229890
B11: BODY RETAINER | C11: =원가!B8 -> 316L | D11: 1 | F11: 22.34 | H11: =원가!C8 -> 8500 | I11: =D11*F11*H11 -> 189890 | J11: 33000 | K11: =I11+J11 -> 222890
A12: 6 | B12: BUSH(上) | C12: =원가!B9 -> B148 | D12: 1 | F12: 3.8 | H12: =원가!C9 -> 12500 | I12: =D12*F12*H12 -> 47500 | J12: 13000 | K12: =I12+J12 -> 60500
B13: BUSH(下) | C13: =원가!B10 -> B148 | D13: 1 | F13: 3.8 | H13: =원가!C10 -> 12500 | I13: =D13*F13*H13 -> 47500 | J13: 13000 | K13: =I13+J13 -> 60500
A14: 7 | B14: PACKING RING | C14: EPDM | D14: 4 | F14: 8 | H14: 550 | I14: =D14*F14*H14 -> 17600 | K14: =I14+J14 -> 17600
B15: PACKING BUSH | C15: C95800 | D15: 3 | F15: 1 | H15: 4200 | I15: =D15*F15*H15 -> 12600 | J15: 9000 | K15: =I15+J15 -> 21600
A16: 8 | B16: PACKING GLAND | C16: =원가!B11 -> WCB | D16: 1 | F16: 2.5 | H16: =원가!C11 -> 2600 | I16: =D16*F16*H16 -> 6500 | J16: 6000 | K16: =I16+J16 -> 12500
A17: 9 | B17: STAND BOLT/NUT | C17: B8M | D17: 4 | F17: 1 | H17: 3200 | I17: =D17*F17*H17 -> 12800 | K17: =I17+J17 -> 12800
A18: 10 | B18: BOTTOM COVER | C18: =원가!B12 -> WCB | D18: 1 | F18: 4.5 | H18: =원가!C12 -> 2600 | I18: =D18*F18*H18 -> 11700 | J18: 10000 | K18: =I18+J18 -> 21700
A19: 11 | B19: SPLIT COLLAR | C19: C95800 | D19: 1 | F19: 1 | H19: 8000 | I19: =D19*F19*H19 -> 8000 | J19: 4000 | K19: =I19+J19 -> 12000
A20: 12 | B20: DISC BOLT/NUT | C20: 316L | D20: 2 | F20: 0.43 | H20: 2400 | I20: =D20*F20*H20 -> 2064 | J20: 4000 | K20: =I20+J20 -> 6064
A21: 13 | B21: DISC RETAINER BOLT | C21: B8M | D21: 12 | F21: 1 | H21: 3000 | I21: =D21*F21*H21 -> 36000 | K21: =I21+J21 -> 36000
A22: 14 | B22: BOTTOM COVER BOLT/WASHER | C22: B8M | D22: 6 | F22: 1 | H22: 2000 | I22: =D22*F22*H22 -> 12000 | K22: =I22+J22 -> 12000
A23: 15 | B23: TOP FLG COVER | C23: =원가!B13 -> WCB | D23: 1 | F23: 17 | H23: =원가!C13 -> 2600 | I23: =D23*F23*H23 -> 44200 | J23: 12000 | K23: =I23+J23 -> 56200
A24: 16 | B24: TOP COVER BOLT | C24: B8M | D24: 4 | F24: 1 | H24: 2500 | I24: =D24*F24*H24 -> 10000 | K24: =I24+J24 -> 10000
A25: 17 | B25: BOTTOM O-RING | C25: EPDM | D25: 1 | F25: 1 | I25: 900 | K25: =I25+J25 -> 900
A26: 18 | B26: GEAR BOX | C26: =원가!B17 -> 10 BAR | D26: 1 | F26: 52 | J26: TMG | K26: =IF(C26="PIYAKE",L26,IF(C26="10 BAR",M26,IF(C26="20 BAR",N26))) -> 305000 | L26: 258070 | M26: 305000 | N26: 355000
B27: GEAR BOX BOLT/WASHER | D27: 4 | F27: 1 | H27: 3500 | I27: =D27*F27*H27 -> 14000 | K27: =I27+J27 -> 14000
A28: 19 | B28: KEY & TAG | C28: SUS | D28: 1 | F28: 1 | I28: 2160 | J28: 4400 | K28: =I28+J28 -> 6560
A29: 20 | B29: 페인트 | D29: 1 | F29: 1 | I29: 45000 | K29: =I29+J29 -> 45000
A30: 21 | B30: 조립.검사 | D30: 1 | F30: 1 | I30: 40000 | K30: =I30+J30 -> 40000
A31: 22 | B31: 밸브합산 | K31: =SUM(K6:K30) -> 2625904
A32: 23
A33: 24 | B33: ACTUATOR | D33: 1 | F33: 1 | K33: =I33+J33 -> 0
B34: ACTUATOR BOLT/WASHER | D34: 4 | F34: 1 | K34: =I34+J34 -> 0
A35: 25 | B35: 포장비용 | D35: 1 | F35: 1 | K35: 30000
A36: 26 | B36: RUBBER LINNING | D36: 1 | F36: 1
A37: 27 | B37: 밸브외 사급품 비용 연산 | I37: =SUM(K32:K36) -> 30000 | J37: 1 | K37: =J37*I37 -> 30000
A38: 28
A39: 29 | B39: FACTOR | E39: 1차견적가 | F39: =L40 -> 6990 | I39: =K31 -> 2625904 | J39: =원가!B15 -> 1 | K39: =J39*I39 -> 2625904 | L39: 1차견적가
A40: 30 | B40: 견적가격(TOTAL금액) | E40: 네고가능가 | F40: =K40 -> 2655904 | H40: 환율 | I40: =원가!B2 -> 1 | K40: =SUM(K37:K39)/I40 -> 2655904 | L40: 6990

Sheet 500A
A1: 제수변 BFV 원가 分析表
A3: SIZE : 500A | C3: 압력 : 150#
A5: NO. | B5: 부품명 | C5: 재질 | D5: 수량 | E5: 규격 | F5: 단중 | G5: 업체 | H5: 단가 | I5: 소계 | J5: 가공비 | K5: 합계
A6: 1 | B6: BODY | C6: =원가!B4 -> WCB | D6: 1 | F6: 290 | H6: =원가!C4 -> 2600 | I6: =D6*F6*H6 -> 754000 | J6: 290000 | K6: =I6+J6 -> 1044000
A7: 2 | B7: DISC | C7: =원가!B5 -> WCB | D7: 1 | F7: 81 | H7: =원가!C5 -> 2600 | I7: =D7*F7*H7 -> 210600 | J7: 180000 | K7: =I7+J7 -> 390600
A8: 3 | B8: SEAT | C8: EPDM | D8: 1 | F8: 1 | I8: 8400 | K8: =I8+J8 -> 8400
A9: 4 | B9: STEM(上,下) | C9: =원가!B6 -> A276T316L | D9: 1 | F9: 29 | H9: =원가!C6 -> 8500 | I9: =D9*F9*H9 -> 246500 | J9: 50000 | K9: =I9+J9 -> 296500
A10: 5 | B10: DISC RETAINER | C10: =원가!B7 -> 316L | D10: 1 | F10: 14.5 | H10: =원가!C7 -> 8500 | I10: =D10*F10*H10 -> 123250 | J10: 45000 | K10: =I10+J10 -> 168250
B11: BODY RETAINER | C11: =원가!B8 -> 316L | D11: 1 | F11: 14.5 | H11: =원가!C8 -> 8500 | I11: =D11*F11*H11 -> 123250 | J11: 45000 | K11: =I11+J11 -> 168250
A12: 6 | B12: BUSH(上) | C12: =원가!B9 -> B148 | D12: 1 | F12: 2 | H12: =원가!C9 -> 12500 | I12: =D12*F12*H12 -> 25000 | J12: 15000 | K12: =I12+J12 -> 40000
B13: BUSH(下) | C13: =원가!B10 -> B148 | D13: 1 | F13: 2 | H13: =원가!C10 -> 12500 | I13: =D13*F13*H13 -> 25000 | J13: 15000 | K13: =I13+J13 -> 40000
A14: 7 | B14: PACKING RING | C14: EPDM | D14: 4 | F14: 1 | H14: 550 | I14: =D14*F14*H14 -> 2200 | K14: =I14+J14 -> 2200
B15: PACKING BUSH | C15: C95800 | D15: 1 | F15: 0.7 | H15: 8000 | I15: =D15*F15*H15 -> 5600 | J15: 3500 | K15: =I15+J15 -> 9100
A16: 8 | B16: PACKING GLAND | C16: =원가!B11 -> WCB | D16: 1 | F16: 3.4 | H16: =원가!C11 -> 2600 | I16: =D16*F16*H16 -> 8840 | J16: 6000 | K16: =I16+J16 -> 14840
A17: 9 | B17: STAND BOLT/NUT | C17: B8M | D17: 4 | F17: 1 | H17: 2400 | I17: =D17*F17*H17 -> 9600 | K17: =I17+J17 -> 9600
A18: 10 | B18: BOTTOM COVER | C18: =원가!B12 -> WCB | D18: 1 | F18: 3.5 | H18: =원가!C12 -> 2600 | I18: =D18*F18*H18 -> 9100 | J18: 10000 | K18: =I18+J18 -> 19100
A19: 11 | B19: SPLIT COLLAR | C19: CF3M | D19: 1 | F19: 0.7 | H19: 7500 | I19: =D19*F19*H19 -> 5250 | J19: 4500 | K19: =I19+J19 -> 9750
A20: 12 | B20: DISC BOLT/NUT | C20: 316L | D20: 3 | F20: 0.5 | I20: 3500 | J20: 4770 | K20: =I20+J20 -> 8270
A21: 13 | B21: DISC RETAINER BOLT | C21: B8M | D21: 16 | F21: 1 | H21: 130 | I21: =D21*F21*H21 -> 2080 | K21: =I21+J21 -> 2080
A22: 14 | B22: BOTTOM COVER BOLT/WASHER | C22: B8M | D22: 6 | F22: 1 | H22: 2000 | I22: =D22*F22*H22 -> 12000 | K22: =I22+J22 -> 12000
A23: 15 | B23: TOP FLG COVER | C23: =원가!B13 -> WCB | D23: 1 | F23: 20 | H23: =원가!C13 -> 2600 | I23: =D23*F23*H23 -> 52000 | J23: 22000 | K23: =I23+J23 -> 74000
A24: 16 | B24: TOP COVER BOLT | C24: B8M | D24: 4 | F24: 1 | H24: 3500 | I24: =D24*F24*H24 -> 14000 | K24: =I24+J24 -> 14000
A25: 17 | B25: BOTTOM O-RING | C25: EPDM | D25: 1 | F25: 1 | H25: 560 | I25: =D25*F25*H25 -> 560 | J25: 1000 | K25: =I25+J25 -> 1560
A26: 18 | B26: GEAR BOX | C26: =원가!B17 -> 10 BAR | D26: 1 | F26: 52 | I26: 243432 | J26: TMG | K26: =IF(C26="PIYAKE",L26,IF(C26="10 BAR",M26,IF(C26="20 BAR",N26))) -> 305000 | M26: 305000 | N26: 355000
B27: GEAR BOX BOLT/WASHER | D27: 8 | F27: 1 | H27: 3500 | I27: =D27*F27*H27 -> 28000 | K27: =I27+J27 -> 28000
A28: 19 | B28: KEY & TAG | C28: SUS | D28: 1 | F28: 1 | I28: 4000 | J28: 4400 | K28: =I28+J28 -> 8400
A29: 20 | B29: 페인트 | D29: 1 | F29: 1 | I29: 50000 | K29: =I29+J29 -> 50000
A30: 21 | B30: 조립.검사 | D30: 1 | F30: 1 | I30: 45000 | K30: =I30+J30 -> 45000
A31: 22 | B31: 밸브합산 | K31: =SUM(K6:K30) -> 2768900
A32: 23 | B32: PNE.ACT | C32: SINGLE | D32: 1 | E32: FAIL TO CLOSE | G32: DW7 SR
A33: 24 | B33: LIMIT/SOL V/V | D33: 1 | F33: 1
B34: ACTUATOR BOLT/WASHER | D34: 4 | F34: 1 | H34: 630 | I34: =D34*F34*H34 -> 2520
A35: 25 | B35: 포장비용 | D35: 1 | F35: 1 | K35: 40000
A36: 26 | B36: RUBBER LINNING | D36: 1 | F36: 1
A37: 27 | B37: 밸브외 사급품 비용 연산 | I37: =SUM(K32:K36) -> 40000 | J37: 1 | K37: =J37*I37 -> 40000
A38: 28
A39: 29 | B39: FACTOR | E39: 1차견적가 | F39: =L40 -> 0 | I39: =K31 -> 2768900 | J39: =원가!B15 -> 1 | K39: =J39*I39 -> 2768900 | L39: 1차견적가
A40: 30 | B40: 견적가격(TOTAL금액) | E40: 네고가능가 | F40: =K40 -> 2808900 | H40: 환율 | I40: =원가!B2 -> 1 | K40: =SUM(K37:K39)/I40 -> 2808900
J41: 중량확인

Sheet 550A
A1: 제수변 BFV 원가 分析表
A3: SIZE : 550A | C3: 압력 : 150#
A5: NO. | B5: 부품명 | C5: 재질 | D5: 수량 | E5: 규격 | F5: 단중 | G5: 업체 | H5: 단가 | I5: 소계 | J5: 가공비 | K5: 합계
A6: 1 | B6: BODY | C6: =원가!B4 -> WCB | D6: 1 | F6: 380 | H6: =원가!C4 -> 2600 | I6: =D6*F6*H6 -> 988000 | J6: 310000 | K6: =I6+J6 -> 1298000
A7: 2 | B7: DISC | C7: =원가!B5 -> WCB | D7: 1 | F7: 100 | H7: =원가!C5 -> 2600 | I7: =D7*F7*H7 -> 260000 | J7: 200000 | K7: =I7+J7 -> 460000
A8: 3 | B8: SEAT | C8: EPDM | D8: 1 | F8: 1 | I8: 13000 | J8: 10000 | K8: =I8+J8 -> 23000
A9: 4 | B9: STEM(上,下) | C9: =원가!B6 -> A276T316L | D9: 1 | F9: 43 | H9: =원가!C6 -> 8500 | I9: =D9*F9*H9 -> 365500 | K9: =I9+J9 -> 365500
A10: 5 | B10: DISC RETAINER | C10: =원가!B7 -> 316L | D10: 1 | F10: 17 | H10: =원가!C7 -> 8500 | I10: =D10*F10*H10 -> 144500 | J10: 60000 | K10: =I10+J10 -> 204500
B11: BODY RETAINER | C11: =원가!B8 -> 316L | D11: 1 | F11: 17 | H11: =원가!C8 -> 8500 | I11: =D11*F11*H11 -> 144500 | J11: 60000 | K11: =I11+J11 -> 204500
A12: 6 | B12: BUSH(上) | C12: =원가!B9 -> B148 | D12: 1 | F12: 2.1 | H12: =원가!C9 -> 12500 | I12: =D12*F12*H12 -> 26250 | J12: 18000 | K12: =I12+J12 -> 44250
B13: BUSH(下) | C13: =원가!B10 -> B148 | D13: 1 | F13: 2.1 | H13: =원가!C10 -> 12500 | I13: =D13*F13*H13 -> 26250 | J13: 18000 | K13: =I13+J13 -> 44250
A14: 7 | B14: PACKING RING | C14: EPDM | D14: 4 | F14: 1 | H14: 550 | I14: =D14*F14*H14 -> 2200 | K14: =I14+J14 -> 2200
B15: PACKING BUSH | C15: C95800 | D15: 1 | F15: 3.75 | H15: 8000 | I15: =D15*F15*H15 -> 30000 | J15: 3500 | K15: =I15+J15 -> 33500
A16: 8 | B16: PACKING GLAND | C16: =원가!B11 -> WCB | D16: 1 | F16: 5 | H16: =원가!C11 -> 2600 | I16: =D16*F16*H16 -> 13000 | J16: 11000 | K16: =I16+J16 -> 24000
A17: 9 | B17: STAND BOLT/NUT | C17: B8M | D17: 4 | F17: 1 | H17: 2400 | I17: =D17*F17*H17 -> 9600 | K17: =I17+J17 -> 9600
A18: 10 | B18: BOTTOM COVER | C18: =원가!B12 -> WCB | D18: 1 | F18: 7.6 | H18: =원가!C12 -> 2600 | I18: =D18*F18*H18 -> 19760 | J18: 10000 | K18: =I18+J18 -> 29760
A19: 11 | B19: SPLIT COLLAR | C19: CF3M | D19: 1 | F19: 0.75 | H19: 7500 | I19: =D19*F19*H19 -> 5625 | J19: 4500 | K19: =I19+J19 -> 10125
A20: 12 | B20: DISC BOLT/NUT | C20: 316L | D20: 3 | F20: 1.71 | I20: 3500 | J20: 4770 | K20: =I20+J20 -> 8270
A21: 13 | B21: DISC RETAINER BOLT | C21: B8M | D21: 16 | F21: 1 | H21: 130 | I21: =D21*F21*H21 -> 2080 | K21: =I21+J21 -> 2080
A22: 14 | B22: BOTTOM COVER BOLT/WASHER | C22: B8M | D22: 6 | F22: 1 | H22: 2000 | I22: =D22*F22*H22 -> 12000 | K22: =I22+J22 -> 12000
A23: 15 | B23: TOP FLG COVER | C23: =원가!B13 -> WCB | D23: 1 | F23: 24 | H23: =원가!C13 -> 2600 | I23: =D23*F23*H23 -> 62400 | J23: 22000 | K23: =I23+J23 -> 84400
A24: 16 | B24: TOP COVER BOLT | C24: B8M | D24: 4 | F24: 1 | H24: 3500 | I24: =D24*F24*H24 -> 14000 | K24: =I24+J24 -> 14000
A25: 17 | B25: BOTTOM O-RING | C25: EPDM | D25: 1 | F25: 1 | H25: 560 | I25: =D25*F25*H25 -> 560 | J25: 1000 | K25: =I25+J25 -> 1560
A26: 18 | B26: GEAR BOX | C26: =원가!B17 -> 10 BAR | D26: 1 | F26: 65 | I26: 243432 | J26: TMG | K26: =IF(C26="PIYAKE",L26,IF(C26="10 BAR",M26,IF(C26="20 BAR",N26))) -> 355000 | M26: 355000 | N26: 589000
B27: GEAR BOX BOLT/WASHER | D27: 8 | F27: 1 | H27: 4000 | I27: =D27*F27*H27 -> 32000 | K27: =I27+J27 -> 32000
A28: 19 | B28: KEY & TAG | C28: SUS | D28: 1 | F28: 1 | I28: 4000 | J28: 4400 | K28: =I28+J28 -> 8400
A29: 20 | B29: 페인트 | D29: 1 | F29: 1 | I29: 50000 | K29: =I29+J29 -> 50000
A30: 21 | B30: 조립.검사 | D30: 1 | F30: 1 | I30: 45000 | K30: =I30+J30 -> 45000
A31: 22 | B31: 밸브합산 | K31: =SUM(K6:K30) -> 3365895
A32: 23 | B32: PNE.ACT | C32: SINGLE | D32: 1 | E32: FAIL TO CLOSE | G32: DW7 SR
A33: 24 | B33: LIMIT/SOL V/V | D33: 1 | F33: 1
B34: ACTUATOR BOLT/WASHER | D34: 4 | F34: 1 | H34: 630 | I34: =D34*F34*H34 -> 2520
A35: 25 | B35: 포장비용 | D35: 1 | F35: 1 | K35: 40000
A36: 26 | B36: RUBBER LINNING | D36: 1 | F36: 1
A37: 27 | B37: 밸브외 사급품 비용 연산 | I37: =SUM(K32:K36) -> 40000 | J37: 1 | K37: =J37*I37 -> 40000
A38: 28
A39: 29 | B39: FACTOR | E39: 1차견적가 | F39: =L40 -> 0 | I39: =K31 -> 3365895 | J39: =원가!B15 -> 1 | K39: =J39*I39 -> 3365895 | L39: 1차견적가
A40: 30 | B40: 견적가격(TOTAL금액) | E40: 네고가능가 | F40: =K40 -> 3405895 | H40: 환율 | I40: =원가!B2 -> 1 | K40: =SUM(K37:K39)/I40 -> 3405895
J41: 중량확인

Sheet 600A
A1: 제수변 BFV 원가 分析表
A3: SIZE : 600A | C3: 압력 : 150#
A5: NO. | B5: 부품명 | C5: 재질 | D5: 수량 | E5: 규격 | F5: 단중 | G5: 업체 | H5: 단가 | I5: 소계 | J5: 가공비 | K5: 합계
A6: 1 | B6: BODY | C6: =원가!B4 -> WCB | D6: 1 | F6: 460 | H6: =원가!C4 -> 2600 | I6: =D6*F6*H6 -> 1196000 | J6: 310000 | K6: =I6+J6 -> 1506000
A7: 2 | B7: DISC | C7: =원가!B5 -> WCB | D7: 1 | F7: 110 | H7: =원가!C5 -> 2600 | I7: =D7*F7*H7 -> 286000 | J7: 200000 | K7: =I7+J7 -> 486000
A8: 3 | B8: SEAT | C8: EPDM | D8: 1 | F8: 1 | I8: 9000 | J8: 5000 | K8: =I8+J8 -> 14000
A9: 4 | B9: STEM(上,下) | C9: =원가!B6 -> A276T316L | D9: 1 | F9: 44 | H9: =원가!C6 -> 8500 | I9: =D9*F9*H9 -> 374000 | K9: =I9+J9 -> 374000
A10: 5 | B10: DISC RETAINER | C10: =원가!B7 -> 316L | D10: 1 | F10: 20 | H10: 20000 | I10: =D10*F10*H10 -> 400000 | J10: 60000 | K10: =I10+J10 -> 460000
B11: BODY RETAINER | C11: =원가!B8 -> 316L | D11: 1 | F11: 20 | H11: =원가!C8 -> 8500 | I11: =D11*F11*H11 -> 170000 | J11: 60000 | K11: =I11+J11 -> 230000
A12: 6 | B12: BUSH(上) | C12: =원가!B9 -> B148 | D12: 1 | F12: 2.1 | H12: =원가!C9 -> 12500 | I12: =D12*F12*H12 -> 26250 | J12: 18000 | K12: =I12+J12 -> 44250
B13: BUSH(下) | C13: =원가!B10 -> B148 | D13: 1 | F13: 2.1 | H13: =원가!C10 -> 12500 | I13: =D13*F13*H13 -> 26250 | J13: 18000 | K13: =I13+J13 -> 44250
A14: 7 | B14: PACKING RING | C14: EPDM | D14: 4 | F14: 1 | H14: 550 | I14: =D14*F14*H14 -> 2200 | K14: =I14+J14 -> 2200
B15: PACKING BUSH | C15: C95800 | D15: 1 | F15: 3.75 | H15: 8000 | I15: =D15*F15*H15 -> 30000 | J15: 3500 | K15: =I15+J15 -> 33500
A16: 8 | B16: PACKING GLAND | C16: =원가!B11 -> WCB | D16: 1 | F16: 5 | H16: =원가!C11 -> 2600 | I16: =D16*F16*H16 -> 13000 | J16: 11000 | K16: =I16+J16 -> 24000
A17: 9 | B17: STAND BOLT/NUT | C17: B8M | D17: 4 | F17: 1 | H17: 2400 | I17: =D17*F17*H17 -> 9600 | K17: =I17+J17 -> 9600
A18: 10 | B18: BOTTOM COVER | C18: =원가!B12 -> WCB | D18: 1 | F18: 7.6 | H18: =원가!C12 -> 2600 | I18: =D18*F18*H18 -> 19760 | J18: 10000 | K18: =I18+J18 -> 29760
A19: 11 | B19: SPLIT COLLAR | C19: CF3M | D19: 1 | F19: 1.4 | H19: 7500 | I19: =D19*F19*H19 -> 10500 | J19: 4500 | K19: =I19+J19 -> 15000
A20: 12 | B20: DISC BOLT/NUT | C20: 316L | D20: 3 | F20: 1.71 | H20: 9352 | I20: =H20*F20*D20 -> 47975.76 | J20: 4770 | K20: =I20+J20 -> 52745.76
A21: 13 | B21: DISC RETAINER BOLT | C21: B8M | D21: 20 | F21: 1 | H21: 110 | I21: =D21*F21*H21 -> 2200 | K21: =I21+J21 -> 2200
A22: 14 | B22: BOTTOM COVER BOLT/WASHER | C22: B8M | D22: 6 | F22: 1 | H22: 2500 | I22: =D22*F22*H22 -> 15000 | K22: =I22+J22 -> 15000
A23: 15 | B23: TOP FLG COVER | C23: =원가!B13 -> WCB | D23: 1 | F23: 26 | H23: =원가!C13 -> 2600 | I23: =D23*F23*H23 -> 67600 | J23: 22000 | K23: =I23+J23 -> 89600
A24: 16 | B24: TOP COVER BOLT | C24: B8M | D24: 4 | F24: 1 | H24: 3500 | I24: =D24*F24*H24 -> 14000 | K24: =I24+J24 -> 14000
A25: 17 | B25: BOTTOM O-RING | C25: EPDM | D25: 1 | F25: 1 | H25: 560 | I25: =D25*F25*H25 -> 560 | J25: 1000 | K25: =I25+J25 -> 1560
A26: 18 | B26: GEAR BOX | C26: =원가!B17 -> 10 BAR | D26: 1 | F26: 78 | I26: 243432 | J26: TMG | K26: =IF(C26="PIYAKE",L26,IF(C26="10 BAR",M26,IF(C26="20 BAR",N26))) -> 355000 | M26: 355000 | N26: 589000
B27: GEAR BOX BOLT/WASHER | D27: 8 | F27: 1 | H27: 4000 | I27: =D27*F27*H27 -> 32000 | K27: =I27+J27 -> 32000
A28: 19 | B28: KEY & TAG | C28: SUS | D28: 1 | F28: 1 | I28: 4000 | J28: 4400 | K28: =I28+J28 -> 8400
A29: 20 | B29: 페인트 | D29: 1 | F29: 1 | I29: 55000 | K29: =I29+J29 -> 55000
A30: 21 | B30: 조립.검사 | D30: 1 | F30: 1 | I30: 45000 | K30: =I30+J30 -> 45000
A31: 22 | B31: 밸브합산 | K31: =SUM(K6:K30) -> 3943065.8
A32: 23 | B32: PNE.ACT | C32: SINGLE | D32: 1 | E32: FAIL TO CLOSE | G32: DW7 SR
A33: 24 | B33: LIMIT/SOL V/V | D33: 1 | F33: 1
B34: ACTUATOR BOLT/WASHER | D34: 4 | F34: 1 | H34: 630 | I34: =D34*F34*H34 -> 2520
A35: 25 | B35: 포장비용 | D35: 1 | F35: 1 | K35: 50000
A36: 26 | B36: RUBBER LINNING | D36: 1 | F36: 1
A37: 27 | B37: 밸브외 사급품 비용 연산 | I37: =SUM(K32:K36) -> 50000 | J37: 1 | K37: =J37*I37 -> 50000
A38: 28
A39: 29 | B39: FACTOR | E39: 1차견적가 | F39: =L40 -> 0 | I39: =K31 -> 3943065.8 | J39: =원가!B15 -> 1 | K39: =J39*I39 -> 3943065.8 | L39: 1차견적가
A40: 30 | B40: 견적가격(TOTAL금액) | E40: 네고가능가 | F40: =K40 -> 3993065.8 | H40: 환율 | I40: =원가!B2 -> 1 | K40: =SUM(K37:K39)/I40 -> 3993065.8
J41: 중량확인

Sheet 650A
A1: 제수변 BFV 원가 分析表
A3: SIZE : 650A | C3: 압력 : 150#
A5: NO. | B5: 부품명 | C5: 재질 | D5: 수량 | E5: 규격 | F5: 단중 | G5: 업체 | H5: 단가 | I5: 소계 | J5: 가공비 | K5: 합계
A6: 1 | B6: BODY | C6: =원가!B4 -> WCB | D6: 1 | F6: 420 | H6: =원가!C4 -> 2600 | I6: =D6*F6*H6 -> 1092000 | J6: 310000 | K6: =I6+J6 -> 1402000
A7: 2 | B7: DISC | C7: =원가!B5 -> WCB | D7: 1 | F7: 150 | H7: =원가!C5 -> 2600 | I7: =D7*F7*H7 -> 390000 | J7: 200000 | K7: =I7+J7 -> 590000
A8: 3 | B8: SEAT | C8: EPDM | D8: 1 | F8: 1 | I8: 13000 | J8: 10000 | K8: =I8+J8 -> 23000
A9: 4 | B9: STEM(上,下) | C9: =원가!B6 -> A276T316L | D9: 1 | F9: 60 | H9: =원가!C6 -> 8500 | I9: =D9*F9*H9 -> 510000 | K9: =I9+J9 -> 510000
A10: 5 | B10: DISC RETAINER | C10: =원가!B7 -> 316L | D10: 1 | F10: 25 | H10: 20000 | I10: =D10*F10*H10 -> 500000 | J10: 70000 | K10: =I10+J10 -> 570000
B11: BODY RETAINER | C11: =원가!B8 -> 316L | D11: 1 | F11: 19 | H11: =원가!C8 -> 8500 | I11: =D11*F11*H11 -> 161500 | J11: 70000 | K11: =I11+J11 -> 231500
A12: 6 | B12: BUSH(上) | C12: =원가!B9 -> B148 | D12: 1 | F12: 5 | H12: =원가!C9 -> 12500 | I12: =D12*F12*H12 -> 62500 | J12: 5000 | K12: =I12+J12 -> 67500
B13: BUSH(下) | C13: =원가!B10 -> B148 | D13: 1 | F13: 5 | H13: =원가!C10 -> 12500 | I13: =D13*F13*H13 -> 62500 | J13: 5000 | K13: =I13+J13 -> 67500
A14: 7 | B14: PACKING RING | C14: EPDM | D14: 4 | F14: 1 | H14: 550 | I14: =D14*F14*H14 -> 2200 | K14: =I14+J14 -> 2200
B15: PACKING BUSH | C15: C95800 | D15: 1 | F15: 2.5 | H15: 8000 | I15: =D15*F15*H15 -> 20000 | J15: 3500 | K15: =I15+J15 -> 23500
A16: 8 | B16: PACKING GLAND | C16: =원가!B11 -> WCB | D16: 1 | F16: 4.2 | H16: =원가!C11 -> 2600 | I16: =D16*F16*H16 -> 10920 | J16: 11000 | K16: =I16+J16 -> 21920
A17: 9 | B17: STAND BOLT/NUT | C17: B8M | D17: 4 | F17: 1 | H17: 2400 | I17: =D17*F17*H17 -> 9600 | K17: =I17+J17 -> 9600
A18: 10 | B18: BOTTOM COVER | C18: =원가!B12 -> WCB | D18: 1 | F18: 6 | H18: =원가!C12 -> 2600 | I18: =D18*F18*H18 -> 15600 | J18: 10000 | K18: =I18+J18 -> 25600
A19: 11 | B19: SPLIT COLLAR | C19: CF3M | D19: 1 | F19: 1.6 | H19: 7500 | I19: =D19*F19*H19 -> 12000 | J19: 4500 | K19: =I19+J19 -> 16500
A20: 12 | B20: DISC BOLT/NUT | C20: 316L | D20: 3 | F20: 0.95 | I20: 3500 | J20: 4770 | K20: =I20+J20 -> 8270
A21: 13 | B21: DISC RETAINER BOLT | C21: B8M | D21: 16 | F21: 1 | H21: 130 | I21: =D21*F21*H21 -> 2080 | K21: =I21+J21 -> 2080
A22: 14 | B22: BOTTOM COVER BOLT/WASHER | C22: B8M | D22: 6 | F22: 1 | H22: 2500 | I22: =D22*F22*H22 -> 15000 | K22: =I22+J22 -> 15000
A23: 15 | B23: TOP FLG COVER | C23: =원가!B13 -> WCB | D23: 1 | F23: 26 | H23: =원가!C13 -> 2600 | I23: =D23*F23*H23 -> 67600 | J23: 22000 | K23: =I23+J23 -> 89600
A24: 16 | B24: TOP COVER BOLT | C24: B8M | D24: 4 | F24: 1 | H24: 4000 | I24: =D24*F24*H24 -> 16000 | K24: =I24+J24 -> 16000
A25: 17 | B25: BOTTOM O-RING | C25: EPDM | D25: 1 | F25: 1 | H25: 560 | I25: =D25*F25*H25 -> 560 | J25: 1000 | K25: =I25+J25 -> 1560
A26: 18 | B26: GEAR BOX | C26: =원가!B17 -> 10 BAR | D26: 1 | F26: 78 | J26: TMG | K26: =IF(C26="PIYAKE",L26,IF(C26="10 BAR",M26,IF(C26="20 BAR",N26))) -> 589000 | L26: 346555 | M26: 589000 | N26: 748000
B27: GEAR BOX BOLT/WASHER | D27: 8 | F27: 1 | H27: 4000 | I27: =D27*F27*H27 -> 32000 | K27: =I27+J27 -> 32000
A28: 19 | B28: KEY & TAG | C28: SUS | D28: 1 | F28: 1 | I28: 4000 | J28: 4400 | K28: =I28+J28 -> 8400
A29: 20 | B29: 페인트 | D29: 1 | F29: 1 | I29: 60000 | K29: =I29+J29 -> 60000
A30: 21 | B30: 조립.검사 | D30: 1 | F30: 1 | I30: 50000 | K30: =I30+J30 -> 50000
A31: 22 | B31: 밸브합산 | K31: =SUM(K6:K30) -> 4432730
A32: 23 | B32: PNE.ACT | C32: SINGLE | D32: 1 | E32: FAIL TO CLOSE | G32: DW7 SR
A33: 24 | B33: LIMIT/SOL V/V | D33: 1 | F33: 1
B34: ACTUATOR BOLT/WASHER | D34: 4 | F34: 1 | H34: 630 | I34: =D34*F34*H34 -> 2520
A35: 25 | B35: 포장비용 | D35: 1 | F35: 1 | K35: 70000
A36: 26 | B36: RUBBER LINNING | D36: 1 | F36: 1
A37: 27 | B37: 밸브외 사급품 비용 연산 | I37: =SUM(K32:K36) -> 70000 | J37: 1 | K37: =J37*I37 -> 70000
A38: 28
A39: 29 | B39: FACTOR | E39: 1차견적가 | F39: =L40 -> 0 | I39: =K31 -> 4432730 | J39: =원가!B15 -> 1 | K39: =J39*I39 -> 4432730 | L39: 1차견적가
A40: 30 | B40: 견적가격(TOTAL금액) | E40: 네고가능가 | F40: =K40 -> 4502730 | H40: 환율 | I40: =원가!B2 -> 1 | K40: =SUM(K37:K39)/I40 -> 4502730
J41: 중량확인

Sheet 700A
A1: 제수변 BFV 원가 分析表
A3: SIZE : 700A | C3: 압력 : 150#
A5: NO. | B5: 부품명 | C5: 재질 | D5: 수량 | E5: 규격 | F5: 단중 | G5: 업체 | H5: 단가 | I5: 소계 | J5: 가공비 | K5: 합계
A6: 1 | B6: BODY | C6: =원가!B4 -> WCB | D6: 1 | F6: 490 | H6: =원가!C4 -> 2600 | I6: =D6*F6*H6 -> 1274000 | J6: 310000 | K6: =I6+J6 -> 1584000
A7: 2 | B7: DISC | C7: =원가!B5 -> WCB | D7: 1 | F7: 160 | H7: =원가!C5 -> 2600 | I7: =D7*F7*H7 -> 416000 | J7: 200000 | K7: =I7+J7 -> 616000
A8: 3 | B8: SEAT | C8: EPDM | D8: 1 | F8: 1 | I8: 13000 | J8: 10000 | K8: =I8+J8 -> 23000
A9: 4 | B9: STEM(上,下) | C9: =원가!B6 -> A276T316L | D9: 1 | F9: 60 | H9: =원가!C6 -> 8500 | I9: =D9*F9*H9 -> 510000 | K9: =I9+J9 -> 510000
A10: 5 | B10: DISC RETAINER | C10: =원가!B7 -> 316L | D10: 1 | F10: 21 | H10: =원가!C7 -> 8500 | I10: =D10*F10*H10 -> 178500 | J10: 70000 | K10: =I10+J10 -> 248500
B11: BODY RETAINER | C11: =원가!B8 -> 316L | D11: 1 | F11: 18 | H11: =원가!C8 -> 8500 | I11: =D11*F11*H11 -> 153000 | J11: 70000 | K11: =I11+J11 -> 223000
A12: 6 | B12: BUSH(上) | C12: =원가!B9 -> B148 | D12: 1 | F12: 5 | H12: =원가!C9 -> 12500 | I12: =D12*F12*H12 -> 62500 | J12: 5000 | K12: =I12+J12 -> 67500
B13: BUSH(下) | C13: =원가!B10 -> B148 | D13: 1 | F13: 5 | H13: =원가!C10 -> 12500 | I13: =D13*F13*H13 -> 62500 | J13: 5000 | K13: =I13+J13 -> 67500
A14: 7 | B14: PACKING RING | C14: EPDM | D14: 4 | F14: 1 | H14: 550 | I14: =D14*F14*H14 -> 2200 | K14: =I14+J14 -> 2200
B15: PACKING BUSH | C15: C95800 | D15: 1 | F15: 0.95 | H15: 8000 | I15: =D15*F15*H15 -> 7600 | J15: 3500 | K15: =I15+J15 -> 11100
A16: 8 | B16: PACKING GLAND | C16: =원가!B11 -> WCB | D16: 1 | F16: 4.2 | H16: =원가!C11 -> 2600 | I16: =D16*F16*H16 -> 10920 | J16: 11000 | K16: =I16+J16 -> 21920
A17: 9 | B17: STAND BOLT/NUT | C17: B8M | D17: 4 | F17: 1 | H17: 2400 | I17: =D17*F17*H17 -> 9600 | K17: =I17+J17 -> 9600
A18: 10 | B18: BOTTOM COVER | C18: =원가!B12 -> WCB | D18: 1 | F18: 6 | H18: =원가!C12 -> 2600 | I18: =D18*F18*H18 -> 15600 | J18: 10000 | K18: =I18+J18 -> 25600
A19: 11 | B19: SPLIT COLLAR | C19: C95800 | D19: 1 | F19: 1.6 | H19: 8000 | I19: =D19*F19*H19 -> 12800 | J19: 4500 | K19: =I19+J19 -> 17300
A20: 12 | B20: DISC BOLT/NUT | C20: 316L | D20: 3 | F20: 1.1 | I20: 3500 | J20: 4770 | K20: =I20+J20 -> 8270
A21: 13 | B21: DISC RETAINER BOLT | C21: B8M | D21: 16 | F21: 1 | H21: 130 | I21: =D21*F21*H21 -> 2080 | K21: =I21+J21 -> 2080
A22: 14 | B22: BOTTOM COVER BOLT/WASHER | C22: B8M | D22: 6 | F22: 1 | H22: 2500 | I22: =D22*F22*H22 -> 15000 | K22: =I22+J22 -> 15000
A23: 15 | B23: TOP FLG COVER | C23: =원가!B13 -> WCB | D23: 1 | F23: 26 | H23: =원가!C13 -> 2600 | I23: =D23*F23*H23 -> 67600 | J23: 22000 | K23: =I23+J23 -> 89600
A24: 16 | B24: TOP COVER BOLT | C24: B8M | D24: 4 | F24: 1 | H24: 5000 | I24: =D24*F24*H24 -> 20000 | K24: =I24+J24 -> 20000
A25: 17 | B25: BOTTOM O-RING | C25: EPDM | D25: 1 | F25: 1 | H25: 560 | I25: =D25*F25*H25 -> 560 | J25: 1000 | K25: =I25+J25 -> 1560
A26: 18 | B26: GEAR BOX | C26: =원가!B17 -> 10 BAR | D26: 1 | F26: 78 | J26: TMG | K26: =IF(C26="PIYAKE",L26,IF(C26="10 BAR",M26,IF(C26="20 BAR",N26))) -> 589000 | L26: 346555 | M26: 589000 | N26: 748000
B27: GEAR BOX BOLT/WASHER | D27: 8 | F27: 1 | H27: 5000 | I27: =D27*F27*H27 -> 40000 | K27: =I27+J27 -> 40000
A28: 19 | B28: KEY & TAG | C28: SUS | D28: 1 | F28: 1 | I28: 4000 | J28: 4400 | K28: =I28+J28 -> 8400
A29: 20 | B29: 페인트 | D29: 1 | F29: 1 | I29: 65000 | K29: =I29+J29 -> 65000
A30: 21 | B30: 조립.검사 | D30: 1 | F30: 1 | I30: 50000 | K30: =I30+J30 -> 50000
A31: 22 | B31: 밸브합산 | K31: =SUM(K6:K30) -> 4316130
A32: 23 | B32: AUMA 감속기어
A33: 24 | B33: ACTUATOR | D33: 1
B34: ACTUATOR BOLT/WASHER | D34: 4 | F34: 1 | H34: 630 | I34: =D34*F34*H34 -> 2520
A35: 25 | B35: 포장비용 | D35: 1 | F35: 1 | K35: 80000
A36: 26 | B36: RUBBER LINNING | D36: 1 | F36: 1
A37: 27 | B37: 밸브외 사급품 비용 연산 | I37: =SUM(K32:K36) -> 80000 | J37: 1 | K37: =J37*I37 -> 80000
A38: 28
A39: 29 | B39: FACTOR | E39: 1차견적가 | F39: =L40 -> 0 | I39: =K31 -> 4316130 | J39: =원가!B15 -> 1 | K39: =J39*I39 -> 4316130 | L39: 1차견적가
A40: 30 | B40: 견적가격(TOTAL금액) | E40: 네고가능가 | F40: =K40 -> 4396130 | H40: 환율 | I40: =원가!B2 -> 1 | K40: =SUM(K37:K39)/I40 -> 4396130
J41: 중량확인

Sheet 750A
A1: 제수변 BFV 원가 分析表
A3: SIZE : 750A | C3: 압력 : 150#
A5: NO. | B5: 부품명 | C5: 재질 | D5: 수량 | E5: 규격 | F5: 단중 | G5: 업체 | H5: 단가 | I5: 소계 | J5: 가공비 | K5: 합계
A6: 1 | B6: BODY | C6: =원가!B4 -> WCB | D6: 1 | F6: 552.24 | H6: =원가!C4 -> 2600 | I6: =D6*F6*H6 -> 1435824 | J6: 540000 | K6: =I6+J6 -> 1975824
A7: 2 | B7: DISC | C7: =원가!B5 -> WCB | D7: 1 | F7: 206.44 | H7: =원가!C5 -> 2600 | I7: =D7*F7*H7 -> 536744 | J7: 160000 | K7: =I7+J7 -> 696744
A8: 3 | B8: SEAT | C8: EPDM | D8: 1 | F8: 1 | I8: 14000 | J8: 10000 | K8: =I8+J8 -> 24000
A9: 4 | B9: STEM(上,下) | C9: =원가!B6 -> A276T316L | D9: 1 | F9: 69.6 | H9: =원가!C6 -> 8500 | I9: =D9*F9*H9 -> 591600 | J9: 150000 | K9: =I9+J9 -> 741600
A10: 5 | B10: DISC RETAINER | C10: =원가!B7 -> 316L | D10: 1 | F10: 18 | H10: =원가!C7 -> 8500 | I10: =D10*F10*H10 -> 153000 | J10: 75000 | K10: =I10+J10 -> 228000
B11: BODY RETAINER | C11: =원가!B8 -> 316L | D11: 1 | F11: 18 | H11: =원가!C8 -> 8500 | I11: =D11*F11*H11 -> 153000 | J11: 75000 | K11: =I11+J11 -> 228000
A12: 6 | B12: BUSH(上) | C12: =원가!B9 -> B148 | D12: 1 | F12: 8.6 | H12: =원가!C9 -> 12500 | I12: =D12*F12*H12 -> 107500 | J12: 10000 | K12: =I12+J12 -> 117500
B13: BUSH(下) | C13: =원가!B10 -> B148 | D13: 1 | F13: 8.6 | H13: =원가!C10 -> 12500 | I13: =D13*F13*H13 -> 107500 | J13: 10000 | K13: =I13+J13 -> 117500
A14: 7 | B14: PACKING RING | C14: EPDM | D14: 4 | F14: 1 | H14: 550 | I14: =D14*F14*H14 -> 2200 | K14: =I14+J14 -> 2200
B15: PACKING BUSH | C15: C95800 | D15: 3 | F15: 1 | H15: 3150 | I15: =D15*F15*H15 -> 9450 | J15: 4000 | K15: =I15+J15 -> 13450
A16: 8 | B16: PACKING GLAND | C16: =원가!B11 -> WCB | D16: 1 | F16: 7 | H16: =원가!C11 -> 2600 | I16: =D16*F16*H16 -> 18200 | J16: 11000 | K16: =I16+J16 -> 29200
A17: 9 | B17: STAND BOLT/NUT | C17: B8M | D17: 4 | F17: 1 | H17: 2400 | I17: =D17*F17*H17 -> 9600 | K17: =I17+J17 -> 9600
A18: 10 | B18: BOTTOM COVER | C18: =원가!B12 -> WCB | D18: 1 | F18: 8 | H18: =원가!C12 -> 2600 | I18: =D18*F18*H18 -> 20800 | J18: 10000 | K18: =I18+J18 -> 30800
A19: 11 | B19: SPLIT COLLAR | C19: C95800 | D19: 1 | F19: 1.6 | H19: 8000 | I19: =D19*F19*H19 -> 12800 | J19: 5500 | K19: =I19+J19 -> 18300
A20: 12 | B20: DISC BOLT/NUT | C20: 316L | D20: 3 | F20: 1.2 | H20: 7500 | I20: =D20*F20*H20 -> 27000 | J20: 4000 | K20: =I20+J20 -> 31000
A21: 13 | B21: DISC RETAINER BOLT | C21: B8M | D21: 20 | F21: 1 | H21: 130 | I21: =D21*F21*H21 -> 2600 | K21: =I21+J21 -> 2600
A22: 14 | B22: BOTTOM COVER BOLT/WASHER | C22: B8M | D22: 6 | F22: 1 | H22: 3000 | I22: =D22*F22*H22 -> 18000 | K22: =I22+J22 -> 18000
A23: 15 | B23: TOP FLG COVER | C23: =원가!B13 -> WCB | D23: 1 | F23: 30 | H23: =원가!C13 -> 2600 | I23: =D23*F23*H23 -> 78000 | J23: 25000 | K23: =I23+J23 -> 103000
A24: 16 | B24: TOP COVER BOLT | C24: B8M | D24: 4 | F24: 1 | H24: 5000 | I24: =D24*F24*H24 -> 20000 | K24: =I24+J24 -> 20000
A25: 17 | B25: BOTTOM O-RING | C25: EPDM | D25: 1 | F25: 1 | H25: 820 | I25: =D25*F25*H25 -> 820 | J25: 1000 | K25: =I25+J25 -> 1820
A26: 18 | B26: GEAR BOX | C26: =원가!B17 -> 10 BAR | D26: 1 | F26: 78 | J26: TMG | K26: =IF(C26="PIYAKE",L26,IF(C26="10 BAR",M26,IF(C26="20 BAR",N26))) -> 589000 | L26: 346555 | M26: 589000 | N26: 748000
B27: GEAR BOX BOLT/WASHER | D27: 8 | F27: 1 | H27: 6500 | I27: =D27*F27*H27 -> 52000 | K27: =I27+J27 -> 52000
A28: 19 | B28: KEY & TAG | C28: SUS | D28: 1 | F28: 1 | I28: 4000 | J28: 4400 | K28: =I28+J28 -> 8400
A29: 20 | B29: 페인트 | D29: 1 | F29: 1 | I29: 65000 | K29: =I29+J29 -> 65000
A30: 21 | B30: 조립.검사 | D30: 1 | F30: 1 | I30: 55000 | K30: =I30+J30 -> 55000
A31: 22 | B31: 밸브합산 | K31: =SUM(K6:K30) -> 5178538
A32: 23 | B32: LIMIT SWITCH | D32: 1
A33: 24 | B33: ACTUATOR | D33: 1
B34: ACTUATOR BOLT/WASHER | D34: 4
A35: 25 | B35: 포장비용 | D35: 1 | F35: 1 | K35: 95000
A36: 26 | B36: RUBBER LINNING | D36: 1 | F36: 1
A37: 27 | B37: 밸브외 사급품 비용 연산 | I37: =SUM(K32:K36) -> 95000 | J37: 1 | K37: =J37*I37 -> 95000
A38: 28
A39: 29 | B39: FACTOR | E39: 1차견적가 | F39: =L40 -> 20350 | I39: =K31 -> 5178538 | J39: =원가!B15 -> 1 | K39: =J39*I39 -> 5178538 | L39: 1차견적가
A40: 30 | B40: 견적가격(TOTAL금액) | E40: 네고가능가 | F40: =K40 -> 5273538 | H40: 환율 | I40: =원가!B2 -> 1 | K40: =SUM(K37:K39)/I40 -> 5273538 | L40: 20350

Sheet 800A
A1: 제수변 BFV 원가 分析表
A3: SIZE : 800A | C3: 압력 : 150# | F3: PJT : RAS ABU FONTAS B2
A5: NO. | B5: 부품명 | C5: 재질 | D5: 수량 | E5: 규격 | F5: 단중 | G5: 업체 | H5: 단가 | I5: 소계 | J5: 가공비 | K5: 합계
A6: 1 | B6: BODY | C6: =원가!B4 -> WCB | D6: 1 | F6: 620 | H6: =원가!C4 -> 2600 | I6: =D6*F6*H6 -> 1612000 | J6: 400000 | K6: =I6+J6 -> 2012000
A7: 2 | B7: DISC | C7: =원가!B5 -> WCB | D7: 1 | F7: 232 | H7: =원가!C5 -> 2600 | I7: =D7*F7*H7 -> 603200 | J7: 300000 | K7: =I7+J7 -> 903200
A8: 3 | B8: SEAT | C8: EPDM | D8: 1 | F8: 1 | I8: 15000 | J8: 10000 | K8: =I8+J8 -> 25000
A9: 4 | B9: STEM(上,下) | C9: =원가!B6 -> A276T316L | D9: 1 | F9: 73 | H9: =원가!C6 -> 8500 | I9: =D9*F9*H9 -> 620500 | J9: 150000 | K9: =I9+J9 -> 770500
A10: 5 | B10: DISC RETAINER | C10: =원가!B7 -> 316L | D10: 1 | F10: 24 | H10: =원가!C7 -> 8500 | I10: =D10*F10*H10 -> 204000 | J10: 80000 | K10: =I10+J10 -> 284000
B11: BODY RETAINER | C11: =원가!B8 -> 316L | D11: 1 | F11: 24 | H11: 20000 | I11: =D11*F11*H11 -> 480000 | J11: 80000 | K11: =I11+J11 -> 560000
A12: 6 | B12: BUSH(上) | C12: =원가!B9 -> B148 | D12: 1 | F12: 6.75 | H12: =원가!C9 -> 12500 | I12: =D12*F12*H12 -> 84375 | J12: 24000 | K12: =I12+J12 -> 108375
B13: BUSH(下) | C13: =원가!B10 -> B148 | D13: 1 | F13: 6.75 | H13: =원가!C10 -> 12500 | I13: =D13*F13*H13 -> 84375 | J13: 24000 | K13: =I13+J13 -> 108375
A14: 7 | B14: PACKING RING | C14: EPDM | D14: 4 | F14: 1 | H14: 550 | I14: =D14*F14*H14 -> 2200 | K14: =I14+J14 -> 2200
B15: PACKING BUSH | C15: C95800 | D15: 3 | F15: 0.95 | H15: 3150 | I15: =D15*F15*H15 -> 8977.5 | J15: 4000 | K15: =I15+J15 -> 12977.5
A16: 8 | B16: PACKING GLAND | C16: =원가!B11 -> WCB | D16: 1 | F16: 8 | H16: =원가!C11 -> 2600 | I16: =D16*F16*H16 -> 20800 | J16: 13500 | K16: =I16+J16 -> 34300
A17: 9 | B17: STAND BOLT/NUT | C17: B8M | D17: 4 | F17: 1 | H17: 2400 | I17: =D17*F17*H17 -> 9600 | K17: =I17+J17 -> 9600
A18: 10 | B18: BOTTOM COVER | C18: =원가!B12 -> WCB | D18: 1 | F18: 8 | H18: =원가!C12 -> 2600 | I18: =D18*F18*H18 -> 20800 | J18: 15000 | K18: =I18+J18 -> 35800
A19: 11 | B19: SPLIT COLLAR | C19: C95800 | D19: 1 | F19: 1.5 | H19: 8000 | I19: =D19*F19*H19 -> 12000 | J19: 5500 | K19: =I19+J19 -> 17500
A20: 12 | B20: DISC BOLT/NUT | C20: 316L | D20: 3 | F20: 1.3 | H20: 7500 | I20: =D20*F20*H20 -> 29250 | J20: 5000 | K20: =I20+J20 -> 34250
A21: 13 | B21: DISC RETAINER BOLT | C21: B8M | D21: 20 | F21: 1 | H21: 130 | I21: =D21*F21*H21 -> 2600 | K21: =I21+J21 -> 2600
A22: 14 | B22: BOTTOM COVER BOLT/WASHER | C22: B8M | D22: 6 | F22: 1 | H22: 3000 | I22: =D22*F22*H22 -> 18000 | K22: =I22+J22 -> 18000
A23: 15 | B23: TOP FLG COVER | C23: =원가!B13 -> WCB | D23: 1 | F23: 30 | H23: =원가!C13 -> 2600 | I23: =D23*F23*H23 -> 78000 | J23: 25000 | K23: =I23+J23 -> 103000
A24: 16 | B24: TOP COVER BOLT | C24: B8M | D24: 4 | F24: 1 | H24: 6000 | I24: =D24*F24*H24 -> 24000 | K24: =I24+J24 -> 24000
A25: 17 | B25: BOTTOM O-RING | C25: EPDM | D25: 1 | F25: 1 | H25: 920 | I25: =D25*F25*H25 -> 920 | J25: 1000 | K25: =I25+J25 -> 1920
A26: 18 | B26: GEAR BOX | C26: =원가!B17 -> 10 BAR | D26: 1 | F26: 78 | J26: TMG | K26: =IF(C26="PIYAKE",L26,IF(C26="10 BAR",M26,IF(C26="20 BAR",N26))) -> 748000 | L26: 346555 | M26: 748000 | N26: 1301000
B27: GEAR BOX BOLT/WASHER | D27: 8 | F27: 1 | H27: 7000 | I27: =D27*F27*H27 -> 56000 | K27: =I27+J27 -> 56000
A28: 19 | B28: KEY & TAG | C28: SUS | D28: 1 | F28: 1 | I28: 4000 | J28: 4400 | K28: =I28+J28 -> 8400
A29: 20 | B29: 페인트 | D29: 1 | F29: 1 | I29: 80000 | K29: =I29+J29 -> 80000
A30: 21 | B30: 조립.검사 | D30: 1 | F30: 1 | I30: 60000 | K30: =I30+J30 -> 60000
A31: 22 | B31: 밸브합산 | K31: =SUM(K6:K30) -> 6019997.5
A32: 23 | B32: AUMA 감속기어
A33: 24 | B33: ACTUATOR | D33: 1 | E33: AUMA SA14.5-INCHING | I33: INCHING TYPE
B34: ACTUATOR BOLT/WASHER | D34: 4 | F34: 1 | H34: 630 | I34: =D34*F34*H34 -> 2520
A35: 25 | B35: 포장비용 | D35: 1 | F35: 1 | K35: 100000
A36: 26 | B36: RUBBER LINNING | D36: 1 | F36: 1
A37: 27 | B37: 밸브외 사급품 비용 연산 | I37: =SUM(K32:K36) -> 100000 | J37: 1 | K37: =J37*I37 -> 100000
A38: 28
A39: 29 | B39: FACTOR | E39: 1차견적가 | F39: =L40 -> 0 | I39: =K31 -> 6019997.5 | J39: =원가!B15 -> 1 | K39: =J39*I39 -> 6019997.5 | L39: 1차견적가
A40: 30 | B40: 견적가격(TOTAL금액) | E40: 네고가능가 | F40: =K40 -> 6119997.5 | H40: 환율 | I40: =원가!B2 -> 1 | K40: =SUM(K37:K39)/I40 -> 6119997.5

Sheet 850A
A1: 제수변 BFV 원가 分析表
A3: SIZE : 850A | C3: 압력 : 150#
A5: NO. | B5: 부품명 | C5: 재질 | D5: 수량 | E5: 규격 | F5: 단중 | G5: 업체 | H5: 단가 | I5: 소계 | J5: 가공비 | K5: 합계
A6: 1 | B6: BODY | C6: =원가!B4 -> WCB | D6: 1 | F6: 643 | H6: =원가!C4 -> 2600 | I6: =D6*F6*H6 -> 1671800 | J6: 600000 | K6: =I6+J6 -> 2271800
A7: 2 | B7: DISC | C7: =원가!B5 -> WCB | D7: 1 | F7: 268 | H7: =원가!C5 -> 2600 | I7: =D7*F7*H7 -> 696800 | J7: 300000 | K7: =I7+J7 -> 996800
A8: 3 | B8: SEAT | C8: EPDM | D8: 1 | F8: 1 | I8: 26000 | J8: 10000 | K8: =I8+J8 -> 36000
A9: 4 | B9: STEM(上,下) | C9: =원가!B6 -> A276T316L | D9: 1 | F9: 91 | H9: =원가!C6 -> 8500 | I9: =D9*F9*H9 -> 773500 | J9: 165000 | K9: =I9+J9 -> 938500
A10: 5 | B10: DISC RETAINER | C10: =원가!B7 -> 316L | D10: 1 | F10: 40 | H10: 20000 | I10: =D10*F10*H10 -> 800000 | J10: 90000 | K10: =I10+J10 -> 890000
B11: BODY RETAINER | C11: =원가!B8 -> 316L | D11: 1 | F11: 40 | H11: =원가!C8 -> 8500 | I11: =D11*F11*H11 -> 340000 | J11: 90000 | K11: =I11+J11 -> 430000
A12: 6 | B12: BUSH(上) | C12: =원가!B9 -> B148 | D12: 1 | F12: 6.8 | H12: =원가!C9 -> 12500 | I12: =D12*F12*H12 -> 85000 | J12: 10000 | K12: =I12+J12 -> 95000
B13: BUSH(下) | C13: =원가!B10 -> B148 | D13: 1 | F13: 6.8 | H13: =원가!C10 -> 12500 | I13: =D13*F13*H13 -> 85000 | J13: 10000 | K13: =I13+J13 -> 95000
A14: 7 | B14: PACKING RING | C14: EPDM | D14: 4 | F14: 1 | H14: 550 | I14: =D14*F14*H14 -> 2200 | K14: =I14+J14 -> 2200
B15: PACKING BUSH | C15: C95800 | D15: 3 | F15: 1 | H15: 3150 | I15: =D15*F15*H15 -> 9450 | J15: 9000 | K15: =I15+J15 -> 18450
A16: 8 | B16: PACKING GLAND | C16: =원가!B11 -> WCB | D16: 1 | F16: 9 | H16: =원가!C11 -> 2600 | I16: =D16*F16*H16 -> 23400 | J16: 12000 | K16: =I16+J16 -> 35400
A17: 9 | B17: STAND BOLT/NUT | C17: B8M | D17: 4 | F17: 1 | H17: 2400 | I17: =D17*F17*H17 -> 9600 | K17: =I17+J17 -> 9600
A18: 10 | B18: BOTTOM COVER | C18: =원가!B12 -> WCB | D18: 1 | F18: 9 | H18: =원가!C12 -> 2600 | I18: =D18*F18*H18 -> 23400 | J18: 11000 | K18: =I18+J18 -> 34400
A19: 11 | B19: SPLIT COLLAR | C19: C95800 | D19: 1 | F19: 2.1 | I19: 8750 | J19: 6500 | K19: =I19+J19 -> 15250
A20: 12 | B20: DISC BOLT/NUT | C20: 316L | D20: 3 | F20: 1.3 | I20: 3500 | J20: 4500 | K20: =I20+J20 -> 8000
A21: 13 | B21: DISC RETAINER BOLT | C21: B8M | D21: 28 | F21: 1 | H21: 130 | I21: =D21*F21*H21 -> 3640 | K21: =I21+J21 -> 3640
A22: 14 | B22: BOTTOM COVER BOLT/WASHER | C22: B8M | D22: 6 | F22: 1 | H22: 3000 | I22: =D22*F22*H22 -> 18000 | K22: =I22+J22 -> 18000
A23: 15 | B23: TOP FLG COVER | C23: =원가!B13 -> WCB | D23: 1 | F23: 34 | H23: =원가!C13 -> 2600 | I23: =D23*F23*H23 -> 88400 | J23: 30000 | K23: =I23+J23 -> 118400
A24: 16 | B24: TOP COVER BOLT | C24: B8M | D24: 4 | F24: 1 | H24: 6000 | I24: =D24*F24*H24 -> 24000 | K24: =I24+J24 -> 24000
A25: 17 | B25: BOTTOM O-RING | C25: EPDM | D25: 1 | F25: 1 | H25: 1060 | I25: =D25*F25*H25 -> 1060 | J25: 1000 | K25: =I25+J25 -> 2060
A26: 18 | B26: GEAR BOX | C26: =원가!B17 -> 10 BAR | D26: 1 | F26: 78 | I26: 662245 | J26: TMG | K26: =IF(C26="PIYAKE",L26,IF(C26="10 BAR",M26,IF(C26="20 BAR",N26))) -> 748000 | M26: 748000 | N26: 1301000
B27: GEAR BOX BOLT/WASHER | D27: 8 | F27: 1 | H27: 8000 | I27: =D27*F27*H27 -> 64000 | K27: =I27+J27 -> 64000
A28: 19 | B28: KEY & TAG | C28: SUS | D28: 1 | F28: 1 | I28: 7100 | J28: 4400 | K28: =I28+J28 -> 11500
A29: 20 | B29: 페인트 | D29: 1 | F29: 1 | I29: 80000 | K29: =I29+J29 -> 80000
A30: 21 | B30: 조립.검사 | D30: 1 | F30: 1 | I30: 60000 | K30: =I30+J30 -> 60000
A31: 22 | B31: 밸브합산 | K31: =SUM(K6:K30) -> 7006000
A32: 23 | B32: LIMIT SWITCH | D32: 2
A33: 24 | B33: ACTUATOR | D33: 1
B34: ACTUATOR BOLT/WASHER | D34: 4
A35: 25 | B35: 포장비용 | D35: 1 | F35: 1 | K35: 110000
A36: 26 | B36: RUBBER LINNING | D36: 1 | F36: 1
A37: 27 | B37: 밸브외 사급품 비용 연산 | I37: =SUM(K32:K36) -> 110000 | J37: 1 | K37: =J37*I37 -> 110000
A38: 28
A39: 29 | B39: FACTOR | E39: 1차견적가 | F39: =L40 -> 31260 | I39: =K31 -> 7006000 | J39: =원가!B15 -> 1 | K39: =J39*I39 -> 7006000 | L39: 1차견적가
A40: 30 | B40: 견적가격(TOTAL금액) | E40: 네고가능가 | F40: =K40 -> 7116000 | H40: 환율 | I40: =원가!B2 -> 1 | K40: =SUM(K37:K39)/I40 -> 7116000 | L40: 31260

Sheet 900A
A1: 제수변 BFV 원가 分析表
A3: SIZE : 900A | C3: 압력 : 150#
A5: NO. | B5: 부품명 | C5: 재질 | D5: 수량 | E5: 규격 | F5: 단중 | G5: 업체 | H5: 단가 | I5: 소계 | J5: 가공비 | K5: 합계
A6: 1 | B6: BODY | C6: =원가!B4 -> WCB | D6: 1 | F6: 810 | H6: =원가!C4 -> 2600 | I6: =D6*F6*H6 -> 2106000 | J6: 600000 | K6: =I6+J6 -> 2706000
A7: 2 | B7: DISC | C7: =원가!B5 -> WCB | D7: 1 | F7: 361 | H7: =원가!C5 -> 2600 | I7: =D7*F7*H7 -> 938600 | J7: 300000 | K7: =I7+J7 -> 1238600
A8: 3 | B8: SEAT | C8: EPDM | D8: 1 | F8: 1 | I8: 26000 | J8: 10000 | K8: =I8+J8 -> 36000
A9: 4 | B9: STEM(上,下) | C9: =원가!B6 -> A276T316L | D9: 1 | F9: 109 | H9: =원가!C6 -> 8500 | I9: =D9*F9*H9 -> 926500 | J9: 165000 | K9: =I9+J9 -> 1091500
A10: 5 | B10: DISC RETAINER | C10: =원가!B7 -> 316L | D10: 1 | F10: 55 | H10: 20000 | I10: =D10*F10*H10 -> 1100000 | J10: 90000 | K10: =I10+J10 -> 1190000
B11: BODY RETAINER | C11: =원가!B8 -> 316L | D11: 1 | F11: 55 | H11: =원가!C8 -> 8500 | I11: =D11*F11*H11 -> 467500 | J11: 90000 | K11: =I11+J11 -> 557500
A12: 6 | B12: BUSH(上) | C12: =원가!B9 -> B148 | D12: 1 | F12: 7 | H12: =원가!C9 -> 12500 | I12: =D12*F12*H12 -> 87500 | J12: 28000 | K12: =I12+J12 -> 115500
B13: BUSH(下) | C13: =원가!B10 -> B148 | D13: 1 | F13: 7 | H13: =원가!C10 -> 12500 | I13: =D13*F13*H13 -> 87500 | J13: 28000 | K13: =I13+J13 -> 115500
A14: 7 | B14: PACKING RING | C14: EPDM | D14: 4 | F14: 1 | H14: 550 | I14: =D14*F14*H14 -> 2200 | K14: =I14+J14 -> 2200
B15: PACKING BUSH | C15: C95800 | D15: 3 | F15: 1 | H15: 3150 | I15: =D15*F15*H15 -> 9450 | J15: 9000 | K15: =I15+J15 -> 18450
A16: 8 | B16: PACKING GLAND | C16: =원가!B11 -> WCB | D16: 1 | F16: 14.4 | H16: =원가!C11 -> 2600 | I16: =D16*F16*H16 -> 37440 | J16: 12000 | K16: =I16+J16 -> 49440
A17: 9 | B17: STAND BOLT/NUT | C17: B8M | D17: 4 | F17: 1 | H17: 2400 | I17: =D17*F17*H17 -> 9600 | K17: =I17+J17 -> 9600
A18: 10 | B18: BOTTOM COVER | C18: =원가!B12 -> WCB | D18: 1 | F18: 10.8 | H18: =원가!C12 -> 2600 | I18: =D18*F18*H18 -> 28080 | J18: 11000 | K18: =I18+J18 -> 39080
A19: 11 | B19: SPLIT COLLAR | C19: C95800 | D19: 1 | F19: 3 | H19: 12000 | I19: =H19*F19 -> 36000 | J19: 6500 | K19: =I19+J19 -> 42500
A20: 12 | B20: DISC BOLT/NUT | C20: 316L | D20: 3 | F20: 1.3 | I20: 3500 | J20: 4500 | K20: =I20+J20 -> 8000
A21: 13 | B21: DISC RETAINER BOLT | C21: B8M | D21: 28 | F21: 1 | H21: 130 | I21: =D21*F21*H21 -> 3640 | K21: =I21+J21 -> 3640
A22: 14 | B22: BOTTOM COVER BOLT/WASHER | C22: B8M | D22: 6 | F22: 1 | H22: 4000 | I22: =D22*F22*H22 -> 24000 | K22: =I22+J22 -> 24000
A23: 15 | B23: TOP FLG COVER | C23: =원가!B13 -> WCB | D23: 1 | F23: 42 | H23: =원가!C13 -> 2600 | I23: =D23*F23*H23 -> 109200 | J23: 30000 | K23: =I23+J23 -> 139200
A24: 16 | B24: TOP COVER BOLT | C24: B8M | D24: 4 | F24: 1 | H24: 8000 | I24: =D24*F24*H24 -> 32000 | K24: =I24+J24 -> 32000
A25: 17 | B25: BOTTOM O-RING | C25: EPDM | D25: 1 | F25: 1 | H25: 1060 | I25: =D25*F25*H25 -> 1060 | J25: 1000 | K25: =I25+J25 -> 2060
A26: 18 | B26: GEAR BOX | C26: =원가!B17 -> 10 BAR | D26: 1 | F26: 78 | I26: 662245 | J26: TMG | K26: =IF(C26="PIYAKE",L26,IF(C26="10 BAR",M26,IF(C26="20 BAR",N26))) -> 748000 | M26: 748000 | N26: 1301000
B27: GEAR BOX BOLT/WASHER | D27: 8 | F27: 1 | H27: 9000 | I27: =D27*F27*H27 -> 72000 | K27: =I27+J27 -> 72000
A28: 19 | B28: KEY & TAG | C28: SUS | D28: 1 | F28: 1 | I28: 7100 | J28: 4400 | K28: =I28+J28 -> 11500
A29: 20 | B29: 페인트 | D29: 1 | F29: 1 | I29: 90000 | K29: =I29+J29 -> 90000
A30: 21 | B30: 조립.검사 | D30: 1 | F30: 1 | I30: 80000 | K30: =I30+J30 -> 80000
A31: 22 | B31: 밸브합산 | K31: =SUM(K6:K30) -> 8422270
A32: 23 | B32: LIMIT SWITCH | D32: 2
A33: 24 | B33: ACTUATOR | D33: 1
B34: ACTUATOR BOLT/WASHER | D34: 4
A35: 25 | B35: 포장비용 | D35: 1 | F35: 1 | K35: 120000
A36: 26 | B36: RUBBER LINNING | D36: 1 | F36: 1
A37: 27 | B37: 밸브외 사급품 비용 연산 | I37: =SUM(K32:K36) -> 120000 | J37: 1 | K37: =J37*I37 -> 120000
A38: 28
A39: 29 | B39: FACTOR | E39: 1차견적가 | F39: =L40 -> 31260 | I39: =K31 -> 8422270 | J39: =원가!B15 -> 1 | K39: =J39*I39 -> 8422270 | L39: 1차견적가
A40: 30 | B40: 견적가격(TOTAL금액) | E40: 네고가능가 | F40: =K40 -> 8542270 | H40: 환율 | I40: =원가!B2 -> 1 | K40: =SUM(K37:K39)/I40 -> 8542270 | L40: 31260

Sheet 950A
A1: 제수변 BFV 원가 分析表
A3: SIZE : 950A | C3: 압력 : 150#
A5: NO. | B5: 부품명 | C5: 재질 | D5: 수량 | E5: 규격 | F5: 단중 | G5: 업체 | H5: 단가 | I5: 소계 | J5: 가공비 | K5: 합계
A6: 1 | B6: BODY | C6: =원가!B4 -> WCB | D6: 1 | F6: 900 | H6: =원가!C4 -> 2600 | I6: =D6*F6*H6 -> 2340000 | J6: 460000 | K6: =I6+J6 -> 2800000
A7: 2 | B7: DISC | C7: =원가!B5 -> WCB | D7: 1 | F7: 380 | H7: =원가!C5 -> 2600 | I7: =D7*F7*H7 -> 988000 | J7: 380000 | K7: =I7+J7 -> 1368000
A8: 3 | B8: SEAT | C8: EPDM | D8: 1 | F8: 1 | I8: 30000 | J8: 10000 | K8: =I8+J8 -> 40000
A9: 4 | B9: STEM(上,下) | C9: =원가!B6 -> A276T316L | D9: 1 | F9: 127 | H9: =원가!C6 -> 8500 | I9: =D9*F9*H9 -> 1079500 | J9: 180000 | K9: =I9+J9 -> 1259500
A10: 5 | B10: DISC RETAINER | C10: =원가!B7 -> 316L | D10: 1 | F10: 49.6 | H10: =원가!C7 -> 8500 | I10: =D10*F10*H10 -> 421600 | J10: 100000 | K10: =I10+J10 -> 521600
B11: BODY RETAINER | C11: =원가!B8 -> 316L | D11: 1 | F11: 56 | H11: =원가!C8 -> 8500 | I11: =D11*F11*H11 -> 476000 | J11: 100000 | K11: =I11+J11 -> 576000
A12: 6 | B12: BUSH(上) | C12: =원가!B9 -> B148 | D12: 1 | F12: 7.5 | H12: =원가!C9 -> 12500 | I12: =D12*F12*H12 -> 93750 | J12: 15000 | K12: =I12+J12 -> 108750
B13: BUSH(下) | C13: =원가!B10 -> B148 | D13: 1 | F13: 7.5 | H13: =원가!C10 -> 12500 | I13: =D13*F13*H13 -> 93750 | J13: 15000 | K13: =I13+J13 -> 108750
A14: 7 | B14: PACKING RING | C14: EPDM | D14: 4 | F14: 1 | H14: 550 | I14: =D14*F14*H14 -> 2200 | K14: =I14+J14 -> 2200
B15: PACKING BUSH | C15: C95800 | D15: 3 | F15: 1.7 | H15: 3150 | I15: =D15*F15*H15 -> 16065 | J15: 9000 | K15: =I15+J15 -> 25065
A16: 8 | B16: PACKING GLAND | C16: =원가!B11 -> WCB | D16: 1 | F16: 12 | H16: =원가!C11 -> 2600 | I16: =D16*F16*H16 -> 31200 | J16: 13000 | K16: =I16+J16 -> 44200
A17: 9 | B17: STAND BOLT/NUT | C17: B8M | D17: 4 | F17: 1 | H17: 2400 | I17: =D17*F17*H17 -> 9600 | K17: =I17+J17 -> 9600
A18: 10 | B18: BOTTOM COVER | C18: =원가!B12 -> WCB | D18: 1 | F18: 11 | H18: =원가!C12 -> 2600 | I18: =D18*F18*H18 -> 28600 | J18: 12000 | K18: =I18+J18 -> 40600
A19: 11 | B19: SPLIT COLLAR | C19: C95800 | D19: 1 | F19: 3.3 | H19: 8000 | I19: =D19*F19*H19 -> 26400 | K19: =I19+J19 -> 26400
A20: 12 | B20: DISC BOLT/NUT | C20: 316L | D20: 3 | F20: 1.45 | I20: 3500 | J20: 4500 | K20: =I20+J20 -> 8000
A21: 13 | B21: DISC RETAINER BOLT | C21: B8M | D21: 28 | F21: 1 | H21: 130 | I21: =D21*F21*H21 -> 3640 | K21: =I21+J21 -> 3640
A22: 14 | B22: BOTTOM COVER BOLT/WASHER | C22: B8M | D22: 6 | F22: 1 | H22: 4000 | I22: =D22*F22*H22 -> 24000 | K22: =I22+J22 -> 24000
A23: 15 | B23: TOP FLG COVER | C23: =원가!B13 -> WCB | D23: 1 | F23: 52 | H23: =원가!C13 -> 2600 | I23: =D23*F23*H23 -> 135200 | J23: 30000 | K23: =I23+J23 -> 165200
A24: 16 | B24: TOP COVER BOLT | C24: B8M | D24: 4 | F24: 1 | H24: 9000 | I24: =D24*F24*H24 -> 36000 | K24: =I24+J24 -> 36000
A25: 17 | B25: BOTTOM O-RING | C25: EPDM | D25: 1 | F25: 1 | H25: 1080 | I25: =D25*F25*H25 -> 1080 | J25: 1000 | K25: =I25+J25 -> 2080
A26: 18 | B26: GEAR BOX | C26: =원가!B17 -> 10 BAR | D26: 1 | F26: 305 | I26: 662245 | J26: TMG | K26: =IF(C26="PIYAKE",L26,IF(C26="10 BAR",M26,IF(C26="20 BAR",N26))) -> 1301000 | M26: 1301000 | N26: 1823000
B27: GEAR BOX BOLT/WASHER | D27: 8 | F27: 1 | H27: 9000 | I27: =D27*F27*H27 -> 72000 | K27: =I27+J27 -> 72000
A28: 19 | B28: KEY & TAG | C28: SUS | D28: 1 | F28: 1 | I28: 7100 | J28: 4400 | K28: =I28+J28 -> 11500
A29: 20 | B29: 페인트 | D29: 1 | F29: 1 | I29: 110000 | K29: =I29+J29 -> 110000
A30: 21 | B30: 조립.검사 | D30: 1 | F30: 1 | I30: 95000 | K30: =I30+J30 -> 95000
A31: 22 | B31: 밸브합산 | K31: =SUM(K6:K30) -> 8759085
A32: 23 | B32: LIMIT SWITCH
A33: 24 | B33: ACTUATOR | D33: 1
B34: ACTUATOR BOLT/WASHER | D34: 4
A35: 25 | B35: 포장비용 | D35: 1 | F35: 1 | K35: 150000
A36: 26 | B36: RUBBER LINNING | D36: 1 | F36: 1
A37: 27 | B37: 밸브외 사급품 비용 연산 | I37: =SUM(K32:K36) -> 150000 | J37: 1 | K37: =J37*I37 -> 150000
A38: 28
A39: 29 | B39: FACTOR | E39: 1차견적가 | F39: =L40 -> 42220 | I39: =K31 -> 8759085 | J39: =원가!B15 -> 1 | K39: =J39*I39 -> 8759085 | L39: 1차견적가
A40: 30 | B40: 견적가격(TOTAL금액) | E40: 네고가능가 | F40: =K40 -> 8909085 | H40: 환율 | I40: =원가!B2 -> 1 | K40: =SUM(K37:K39)/I40 -> 8909085 | L40: 42220

Sheet 1000A
A1: 제수변 BFV 원가 分析表
A3: SIZE : 1000A | C3: 압력 : 150#
A5: NO. | B5: 부품명 | C5: 재질 | D5: 수량 | E5: 규격 | F5: 단중 | G5: 업체 | H5: 단가 | I5: 소계 | J5: 가공비 | K5: 합계
A6: 1 | B6: BODY | C6: =원가!B4 -> WCB | D6: 1 | F6: 975 | H6: =원가!C4 -> 2600 | I6: =D6*F6*H6 -> 2535000 | J6: 650000 | K6: =I6+J6 -> 3185000
A7: 2 | B7: DISC | C7: =원가!B5 -> WCB | D7: 1 | F7: 450 | H7: =원가!C5 -> 2600 | I7: =D7*F7*H7 -> 1170000 | J7: 380000 | K7: =I7+J7 -> 1550000
A8: 3 | B8: SEAT | C8: EPDM | D8: 1 | F8: 1 | I8: 30000 | J8: 10000 | K8: =I8+J8 -> 40000
A9: 4 | B9: STEM(上,下) | C9: =원가!B6 -> A276T316L | D9: 1 | F9: 145.2 | H9: =원가!C6 -> 8500 | I9: =D9*F9*H9 -> 1234200 | J9: 180000 | K9: =I9+J9 -> 1414200
A10: 5 | B10: DISC RETAINER | C10: =원가!B7 -> 316L | D10: 1 | F10: 56 | H10: =원가!C7 -> 8500 | I10: =D10*F10*H10 -> 476000 | J10: 100000 | K10: =I10+J10 -> 576000
B11: BODY RETAINER | C11: =원가!B8 -> 316L | D11: 1 | F11: 56 | H11: =원가!C8 -> 8500 | I11: =D11*F11*H11 -> 476000 | J11: 100000 | K11: =I11+J11 -> 576000
A12: 6 | B12: BUSH(上) | C12: =원가!B9 -> B148 | D12: 1 | F12: 8.9 | H12: =원가!C9 -> 12500 | I12: =D12*F12*H12 -> 111250 | J12: 15000 | K12: =I12+J12 -> 126250
B13: BUSH(下) | C13: =원가!B10 -> B148 | D13: 1 | F13: 8.9 | H13: =원가!C10 -> 12500 | I13: =D13*F13*H13 -> 111250 | J13: 15000 | K13: =I13+J13 -> 126250
A14: 7 | B14: PACKING RING | C14: EPDM | D14: 4 | F14: 1 | H14: 550 | I14: =D14*F14*H14 -> 2200 | K14: =I14+J14 -> 2200
B15: PACKING BUSH | C15: C95800 | D15: 3 | F15: 1.7 | H15: 3150 | I15: =D15*F15*H15 -> 16065 | J15: 9000 | K15: =I15+J15 -> 25065
A16: 8 | B16: PACKING GLAND | C16: =원가!B11 -> WCB | D16: 1 | F16: 13 | H16: =원가!C11 -> 2600 | I16: =D16*F16*H16 -> 33800 | J16: 13000 | K16: =I16+J16 -> 46800
A17: 9 | B17: STAND BOLT/NUT | C17: B8M | D17: 4 | F17: 1 | H17: 2400 | I17: =D17*F17*H17 -> 9600 | K17: =I17+J17 -> 9600
A18: 10 | B18: BOTTOM COVER | C18: =원가!B12 -> WCB | D18: 1 | F18: 11 | H18: =원가!C12 -> 2600 | I18: =D18*F18*H18 -> 28600 | J18: 12000 | K18: =I18+J18 -> 40600
A19: 11 | B19: SPLIT COLLAR | C19: C95800 | D19: 1 | F19: 3.86 | H19: 8000 | I19: =D19*F19*H19 -> 30880 | K19: =I19+J19 -> 30880
A20: 12 | B20: DISC BOLT/NUT | C20: 316L | D20: 3 | F20: 1.45 | I20: 3500 | J20: 4500 | K20: =I20+J20 -> 8000
A21: 13 | B21: DISC RETAINER BOLT | C21: B8M | D21: 28 | F21: 1 | H21: 130 | I21: =D21*F21*H21 -> 3640 | K21: =I21+J21 -> 3640
A22: 14 | B22: BOTTOM COVER BOLT/WASHER | C22: B8M | D22: 6 | F22: 1 | H22: 5000 | I22: =D22*F22*H22 -> 30000 | K22: =I22+J22 -> 30000
A23: 15 | B23: TOP FLG COVER | C23: =원가!B13 -> WCB | D23: 1 | F23: 60 | H23: =원가!C13 -> 2600 | I23: =D23*F23*H23 -> 156000 | J23: 30000 | K23: =I23+J23 -> 186000
A24: 16 | B24: TOP COVER BOLT | C24: B8M | D24: 4 | F24: 1 | H24: 9000 | I24: =D24*F24*H24 -> 36000 | K24: =I24+J24 -> 36000
A25: 17 | B25: BOTTOM O-RING | C25: EPDM | D25: 1 | F25: 1 | H25: 1080 | I25: =D25*F25*H25 -> 1080 | J25: 1000 | K25: =I25+J25 -> 2080
A26: 18 | B26: GEAR BOX | C26: =원가!B17 -> 10 BAR | D26: 1 | F26: 305 | I26: 662245 | J26: TMG | K26: =IF(C26="PIYAKE",L26,IF(C26="10 BAR",M26,IF(C26="20 BAR",N26))) -> 1301000 | M26: 1301000 | N26: 1823000
B27: GEAR BOX BOLT/WASHER | D27: 8 | F27: 1 | H27: 9500 | I27: =D27*F27*H27 -> 76000 | K27: =I27+J27 -> 76000
A28: 19 | B28: KEY & TAG | C28: SUS | D28: 1 | F28: 1 | I28: 7100 | J28: 4400 | K28: =I28+J28 -> 11500
A29: 20 | B29: 페인트 | D29: 1 | F29: 1 | I29: 125000 | K29: =I29+J29 -> 125000
A30: 21 | B30: 조립.검사 | D30: 1 | F30: 1 | I30: 100000 | K30: =I30+J30 -> 100000
A31: 22 | B31: 밸브합산 | K31: =SUM(K6:K30) -> 9628065
A32: 23 | B32: LIMIT SWITCH
A33: 24 | B33: ACTUATOR | D33: 1
B34: ACTUATOR BOLT/WASHER | D34: 4
A35: 25 | B35: 포장비용 | D35: 1 | F35: 1 | K35: 250000
A36: 26 | B36: RUBBER LINNING | D36: 1 | F36: 1
A37: 27 | B37: 밸브외 사급품 비용 연산 | I37: =SUM(K32:K36) -> 250000 | J37: 1 | K37: =J37*I37 -> 250000
A38: 28
A39: 29 | B39: FACTOR | E39: 1차견적가 | F39: =L40 -> 0 | I39: =K31 -> 9628065 | J39: =원가!B15 -> 1 | K39: =J39*I39 -> 9628065
A40: 30 | B40: 견적가격(TOTAL금액) | E40: 네고가능가 | F40: =K40 -> 9878065 | H40: 환율 | I40: =원가!B2 -> 1 | K40: =SUM(K37:K39)/I40 -> 9878065

Sheet 1050A
A1: 제수변 BFV 원가 分析表
A3: SIZE : 1050A | C3: 압력 : 150#
A5: NO. | B5: 부품명 | C5: 재질 | D5: 수량 | E5: 규격 | F5: 단중 | G5: 업체 | H5: 단가 | I5: 소계 | J5: 가공비 | K5: 합계
A6: 1 | B6: BODY | C6: =원가!B4 -> WCB | D6: 1 | F6: 1018 | H6: =원가!C4 -> 2600 | I6: =D6*F6*H6 -> 2646800 | J6: 680000 | K6: =I6+J6 -> 3326800
A7: 2 | B7: DISC | C7: =원가!B5 -> WCB | D7: 1 | F7: 522 | H7: =원가!C5 -> 2600 | I7: =D7*F7*H7 -> 1357200 | J7: 400000 | K7: =I7+J7 -> 1757200
A8: 3 | B8: SEAT | C8: EPDM | D8: 1 | F8: 1 | I8: 34000 | J8: 10000 | K8: =I8+J8 -> 44000
A9: 4 | B9: STEM(上,下) | C9: =원가!B6 -> A276T316L | D9: 1 | F9: 159.9 | H9: =원가!C6 -> 8500 | I9: =D9*F9*H9 -> 1359150 | J9: 180000 | K9: =I9+J9 -> 1539150
A10: 5 | B10: DISC RETAINER | C10: =원가!B7 -> 316L | D10: 1 | F10: 61.8 | H10: =원가!C7 -> 8500 | I10: =D10*F10*H10 -> 525300 | J10: 115000 | K10: =I10+J10 -> 640300
B11: BODY RETAINER | C11: =원가!B8 -> 316L | D11: 1 | F11: 61.8 | H11: =원가!C8 -> 8500 | I11: =D11*F11*H11 -> 525300 | J11: 115000 | K11: =I11+J11 -> 640300
A12: 6 | B12: BUSH(上) | C12: =원가!B9 -> B148 | D12: 1 | F12: 9.75 | H12: =원가!C9 -> 12500 | I12: =D12*F12*H12 -> 121875 | J12: 15000 | K12: =I12+J12 -> 136875
B13: BUSH(下) | C13: =원가!B10 -> B148 | D13: 1 | F13: 9.75 | H13: =원가!C10 -> 12500 | I13: =D13*F13*H13 -> 121875 | J13: 15000 | K13: =I13+J13 -> 136875
A14: 7 | B14: PACKING RING | C14: EPDM | D14: 4 | F14: 1 | H14: 550 | I14: =D14*F14*H14 -> 2200 | K14: =I14+J14 -> 2200
B15: PACKING BUSH | C15: C95800 | D15: 3 | F15: 1.7 | H15: 3150 | I15: =D15*F15*H15 -> 16065 | J15: 9000 | K15: =I15+J15 -> 25065
A16: 8 | B16: PACKING GLAND | C16: =원가!B11 -> WCB | D16: 1 | F16: 13 | H16: =원가!C11 -> 2600 | I16: =D16*F16*H16 -> 33800 | J16: 13000 | K16: =I16+J16 -> 46800
A17: 9 | B17: STAND BOLT/NUT | C17: B8M | D17: 4 | F17: 1 | H17: 2400 | I17: =D17*F17*H17 -> 9600 | K17: =I17+J17 -> 9600
A18: 10 | B18: BOTTOM COVER | C18: =원가!B12 -> WCB | D18: 1 | F18: 12.5 | H18: =원가!C12 -> 2600 | I18: =D18*F18*H18 -> 32500 | J18: 12000 | K18: =I18+J18 -> 44500
A19: 11 | B19: SPLIT COLLAR | C19: C95800 | D19: 1 | F19: 3.86 | H19: 8000 | I19: =D19*F19*H19 -> 30880 | K19: =I19+J19 -> 30880
A20: 12 | B20: DISC BOLT/NUT | C20: 316L | D20: 3 | F20: 1.45 | I20: 3500 | J20: 4500 | K20: =I20+J20 -> 8000
A21: 13 | B21: DISC RETAINER BOLT | C21: B8M | D21: 28 | F21: 1 | H21: 130 | I21: =D21*F21*H21 -> 3640 | K21: =I21+J21 -> 3640
A22: 14 | B22: BOTTOM COVER BOLT/WASHER | C22: B8M | D22: 6 | F22: 1 | H22: 6000 | I22: =D22*F22*H22 -> 36000 | K22: =I22+J22 -> 36000
A23: 15 | B23: TOP FLG COVER | C23: =원가!B13 -> WCB | D23: 1 | F23: 75 | H23: =원가!C13 -> 2600 | I23: =D23*F23*H23 -> 195000 | J23: 35000 | K23: =I23+J23 -> 230000
A24: 16 | B24: TOP COVER BOLT | C24: B8M | D24: 4 | F24: 1 | H24: 10000 | I24: =D24*F24*H24 -> 40000 | K24: =I24+J24 -> 40000
A25: 17 | B25: BOTTOM O-RING | C25: EPDM | D25: 1 | F25: 1 | H25: 1080 | I25: =D25*F25*H25 -> 1080 | J25: 1000 | K25: =I25+J25 -> 2080
A26: 18 | B26: GEAR BOX | C26: =원가!B17 -> 10 BAR | D26: 1 | F26: 305 | J26: TMG | K26: =IF(C26="PIYAKE",L26,IF(C26="10 BAR",M26,IF(C26="20 BAR",N26))) -> 1301000 | L26: 970245 | M26: 1301000 | N26: 1823000
B27: GEAR BOX BOLT/WASHER | D27: 8 | F27: 1 | H27: 9500 | I27: =D27*F27*H27 -> 76000 | K27: =I27+J27 -> 76000
A28: 19 | B28: KEY & TAG | C28: SUS | D28: 1 | F28: 1 | I28: 7100 | J28: 4400 | K28: =I28+J28 -> 11500
A29: 20 | B29: 페인트 | D29: 1 | F29: 1 | I29: 130000 | K29: =I29+J29 -> 130000
A30: 21 | B30: 조립.검사 | D30: 1 | F30: 1 | I30: 100000 | K30: =I30+J30 -> 100000
A31: 22 | B31: 밸브합산 | K31: =SUM(K6:K30) -> 10318765
A32: 23 | B32: LIMIT SWITCH
A33: 24 | B33: ACTUATOR | D33: 1
B34: ACTUATOR BOLT/WASHER | D34: 4
A35: 25 | B35: 포장비용 | D35: 1 | F35: 1 | K35: 300000
A36: 26 | B36: RUBBER LINNING | D36: 1 | F36: 1
A37: 27 | B37: 밸브외 사급품 비용 연산 | I37: =SUM(K32:K36) -> 300000 | J37: 1 | K37: =J37*I37 -> 300000
A38: 28
A39: 29 | B39: FACTOR | E39: 1차견적가 | F39: =L40 -> 0 | I39: =K31 -> 10318765 | J39: =원가!B15 -> 1 | K39: =J39*I39 -> 10318765 | L39: 1차견적가
A40: 30 | B40: 견적가격(TOTAL금액) | E40: 네고가능가 | F40: =K40 -> 10618765 | H40: 환율 | I40: =원가!B2 -> 1 | K40: =SUM(K37:K39)/I40 -> 10618765

Sheet 1100A
A1: 제수변 BFV 원가 分析表
A3: SIZE : 1100A | C3: 압력 : 150#
A5: NO. | B5: 부품명 | C5: 재질 | D5: 수량 | E5: 규격 | F5: 단중 | G5: 업체 | H5: 단가 | I5: 소계 | J5: 가공비 | K5: 합계
A6: 1 | B6: BODY | C6: =원가!B4 -> WCB | D6: 1 | F6: 1174 | H6: =원가!C4 -> 2600 | I6: =D6*F6*H6 -> 3052400 | J6: 680000 | K6: =I6+J6 -> 3732400
A7: 2 | B7: DISC | C7: =원가!B5 -> WCB | D7: 1 | F7: 578 | H7: =원가!C5 -> 2600 | I7: =D7*F7*H7 -> 1502800 | J7: 400000 | K7: =I7+J7 -> 1902800
A8: 3 | B8: SEAT | C8: EPDM | D8: 1 | F8: 1 | I8: 34000 | J8: 10000 | K8: =I8+J8 -> 44000
A9: 4 | B9: STEM(上,下) | C9: =원가!B6 -> A276T316L | D9: 1 | F9: 170 | H9: =원가!C6 -> 8500 | I9: =D9*F9*H9 -> 1445000 | J9: 180000 | K9: =I9+J9 -> 1625000
A10: 5 | B10: DISC RETAINER | C10: =원가!B7 -> 316L | D10: 1 | F10: 60 | H10: =원가!C7 -> 8500 | I10: =D10*F10*H10 -> 510000 | J10: 115000 | K10: =I10+J10 -> 625000
B11: BODY RETAINER | C11: =원가!B8 -> 316L | D11: 1 | F11: 60 | H11: =원가!C8 -> 8500 | I11: =D11*F11*H11 -> 510000 | J11: 115000 | K11: =I11+J11 -> 625000
A12: 6 | B12: BUSH(上) | C12: =원가!B9 -> B148 | D12: 1 | F12: 11 | H12: =원가!C9 -> 12500 | I12: =D12*F12*H12 -> 137500 | J12: 15000 | K12: =I12+J12 -> 152500
B13: BUSH(下) | C13: =원가!B10 -> B148 | D13: 1 | F13: 11 | H13: =원가!C10 -> 12500 | I13: =D13*F13*H13 -> 137500 | J13: 15000 | K13: =I13+J13 -> 152500
A14: 7 | B14: PACKING RING | C14: EPDM | D14: 4 | F14: 1 | H14: 550 | I14: =D14*F14*H14 -> 2200 | K14: =I14+J14 -> 2200
B15: PACKING BUSH | C15: C95800 | D15: 3 | F15: 1.7 | H15: 3150 | I15: =D15*F15*H15 -> 16065 | J15: 9000 | K15: =I15+J15 -> 25065
A16: 8 | B16: PACKING GLAND | C16: =원가!B11 -> WCB | D16: 1 | F16: 12 | H16: =원가!C11 -> 2600 | I16: =D16*F16*H16 -> 31200 | J16: 13000 | K16: =I16+J16 -> 44200
A17: 9 | B17: STAND BOLT/NUT | C17: B8M | D17: 4 | F17: 1 | H17: 2400 | I17: =D17*F17*H17 -> 9600 | K17: =I17+J17 -> 9600
A18: 10 | B18: BOTTOM COVER | C18: =원가!B12 -> WCB | D18: 1 | F18: 14.3 | H18: =원가!C12 -> 2600 | I18: =D18*F18*H18 -> 37180 | J18: 12000 | K18: =I18+J18 -> 49180
A19: 11 | B19: SPLIT COLLAR | C19: C95800 | D19: 1 | F19: 3.86 | H19: 8000 | I19: =D19*F19*H19 -> 30880 | K19: =I19+J19 -> 30880
A20: 12 | B20: DISC BOLT/NUT | C20: 316L | D20: 3 | F20: 1.45 | I20: 3500 | J20: 4500 | K20: =I20+J20 -> 8000
A21: 13 | B21: DISC RETAINER BOLT | C21: B8M | D21: 28 | F21: 1 | H21: 130 | I21: =D21*F21*H21 -> 3640 | K21: =I21+J21 -> 3640
A22: 14 | B22: BOTTOM COVER BOLT/WASHER | C22: B8M | D22: 6 | F22: 1 | H22: 6000 | I22: =D22*F22*H22 -> 36000 | K22: =I22+J22 -> 36000
A23: 15 | B23: TOP FLG COVER | C23: =원가!B13 -> WCB | D23: 1 | F23: 80 | H23: =원가!C13 -> 2600 | I23: =D23*F23*H23 -> 208000 | J23: 35000 | K23: =I23+J23 -> 243000
A24: 16 | B24: TOP COVER BOLT | C24: B8M | D24: 4 | F24: 1 | H24: 10000 | I24: =D24*F24*H24 -> 40000 | K24: =I24+J24 -> 40000
A25: 17 | B25: BOTTOM O-RING | C25: EPDM | D25: 1 | F25: 1 | H25: 1080 | I25: =D25*F25*H25 -> 1080 | J25: 1000 | K25: =I25+J25 -> 2080
A26: 18 | B26: GEAR BOX | C26: =원가!B17 -> 10 BAR | D26: 1 | F26: 305 | J26: TMG | K26: =IF(C26="PIYAKE",L26,IF(C26="10 BAR",M26,IF(C26="20 BAR",N26))) -> 1301000 | L26: 970245 | M26: 1301000 | N26: 1823000
B27: GEAR BOX BOLT/WASHER | D27: 8 | F27: 1 | H27: 13000 | I27: =D27*F27*H27 -> 104000 | K27: =I27+J27 -> 104000
A28: 19 | B28: KEY & TAG | C28: SUS | D28: 1 | F28: 1 | I28: 7100 | J28: 4400 | K28: =I28+J28 -> 11500
A29: 20 | B29: 페인트 | D29: 1 | F29: 1 | I29: 150000 | K29: =I29+J29 -> 150000
A30: 21 | B30: 조립.검사 | D30: 1 | F30: 1 | I30: 130000 | K30: =I30+J30 -> 130000
A31: 22 | B31: 밸브합산 | K31: =SUM(K6:K30) -> 11049545
A32: 23 | B32: LIMIT SWITCH
A33: 24 | B33: ACTUATOR | D33: 1
B34: ACTUATOR BOLT/WASHER | D34: 4
A35: 25 | B35: 포장비용 | D35: 1 | F35: 1 | K35: 350000
A36: 26 | B36: RUBBER LINNING | D36: 1 | F36: 1
A37: 27 | B37: 밸브외 사급품 비용 연산 | I37: =SUM(K32:K36) -> 350000 | J37: 1 | K37: =J37*I37 -> 350000
A38: 28
A39: 29 | B39: FACTOR | E39: 1차견적가 | F39: =L40 -> 0 | I39: =K31 -> 11049545 | J39: =원가!B15 -> 1 | K39: =J39*I39 -> 11049545 | L39: 1차견적가
A40: 30 | B40: 견적가격(TOTAL금액) | E40: 네고가능가 | F40: =K40 -> 11399545 | H40: 환율 | I40: =원가!B2 -> 1 | K40: =SUM(K37:K39)/I40 -> 11399545

Sheet 1200A
A1: 제수변 BFV 원가 分析表
A3: SIZE : 1200A | C3: 압력 : 150#
A5: NO. | B5: 부품명 | C5: 재질 | D5: 수량 | E5: 규격 | F5: 단중 | G5: 업체 | H5: 단가 | I5: 소계 | J5: 가공비 | K5: 합계
A6: 1 | B6: BODY | C6: =원가!B4 -> WCB | D6: 1 | F6: 1450 | H6: =원가!C4 -> 2600 | I6: =D6*F6*H6 -> 3770000 | J6: 540000 | K6: =I6+J6 -> 4310000
A7: 2 | B7: DISC | C7: =원가!B5 -> WCB | D7: 1 | F7: 709 | H7: =원가!C5 -> 2600 | I7: =D7*F7*H7 -> 1843400 | J7: 300000 | K7: =I7+J7 -> 2143400
A8: 3 | B8: SEAT | C8: EPDM | D8: 1 | F8: + | I8: 35000 | J8: 10000 | K8: =I8+J8 -> 45000
A9: 4 | B9: STEM(上,下) | C9: =원가!B6 -> A276T316L | D9: 1 | F9: 189.4 | H9: =원가!C6 -> 8500 | I9: =D9*F9*H9 -> 1609900 | J9: 200000 | K9: =I9+J9 -> 1809900
A10: 5 | B10: DISC RETAINER | C10: =원가!B7 -> 316L | D10: 1 | F10: 65.23 | H10: =원가!C7 -> 8500 | I10: =D10*F10*H10 -> 554455 | J10: 151000 | K10: =I10+J10 -> 705455
B11: BODY RETAINER | C11: =원가!B8 -> 316L | D11: 1 | F11: 72.93 | H11: =원가!C8 -> 8500 | I11: =D11*F11*H11 -> 619905 | J11: 151000 | K11: =I11+J11 -> 770905
A12: 6 | B12: BUSH(上) | C12: =원가!B9 -> B148 | D12: 1 | F12: 14.5 | H12: =원가!C9 -> 12500 | I12: =D12*F12*H12 -> 181250 | J12: 15000 | K12: =I12+J12 -> 196250
B13: BUSH(下) | C13: =원가!B10 -> B148 | D13: 1 | F13: 14.5 | H13: =원가!C10 -> 12500 | I13: =D13*F13*H13 -> 181250 | J13: 15000 | K13: =I13+J13 -> 196250
A14: 7 | B14: PACKING RING | C14: EPDM | D14: 5 | F14: 1 | H14: 550 | I14: =D14*F14*H14 -> 2750 | K14: =I14+J14 -> 2750
B15: PACKING BUSH | C15: C95800 | D15: 4 | F15: 1.6 | H15: 3150 | I15: =D15*F15*H15 -> 20160 | K15: =I15+J15 -> 20160
A16: 8 | B16: PACKING GLAND | C16: =원가!B11 -> WCB | D16: 1 | F16: 14 | H16: =원가!C11 -> 2600 | I16: =D16*F16*H16 -> 36400 | J16: 12000 | K16: =I16+J16 -> 48400
A17: 9 | B17: STAND BOLT/NUT | C17: B8M | D17: 4 | F17: 1 | H17: 2400 | I17: =D17*F17*H17 -> 9600 | K17: =I17+J17 -> 9600
A18: 10 | B18: BOTTOM COVER | C18: =원가!B12 -> WCB | D18: 1 | F18: 16 | H18: =원가!C12 -> 2600 | I18: =D18*F18*H18 -> 41600 | J18: 15000 | K18: =I18+J18 -> 56600
A19: 11 | B19: SPLIT COLLAR | C19: C95800 | D19: 1 | F19: 4.95 | I19: 35980 | K19: =I19+J19 -> 35980
A20: 12 | B20: DISC BOLT/NUT | C20: 316L | D20: 4 | F20: 2.72 | H20: 25050 | I20: =D20*F20*H20 -> 272544 | J20: 13600 | K20: =I20+J20 -> 286144
A21: 13 | B21: DISC RETAINER BOLT | C21: B8M | D21: 28 | F21: 1 | H21: 360 | I21: =D21*F21*H21 -> 10080 | K21: =I21+J21 -> 10080
A22: 14 | B22: BOTTOM COVER BOLT/WASHER | C22: B8M | D22: 6 | F22: 1 | H22: 6000 | I22: =D22*F22*H22 -> 36000 | K22: =I22+J22 -> 36000
A23: 15 | B23: TOP FLG COVER | C23: =원가!B13 -> WCB | D23: 1 | F23: 95 | H23: =원가!C13 -> 2600 | I23: =D23*F23*H23 -> 247000 | J23: 38000 | K23: =I23+J23 -> 285000
A24: 16 | B24: TOP COVER BOLT | C24: B8M | D24: 6 | F24: 1 | H24: 10000 | I24: =D24*F24*H24 -> 60000 | K24: =I24+J24 -> 60000
A25: 17 | B25: BOTTOM O-RING | C25: EPDM | D25: 1 | F25: 1 | H25: 1450 | I25: =D25*F25*H25 -> 1450 | K25: =I25+J25 -> 1450
A26: 18 | B26: GEAR BOX | C26: =원가!B17 -> 10 BAR | D26: 1 | F26: 305 | J26: TMG | K26: =IF(C26="PIYAKE",L26,IF(C26="10 BAR",M26,IF(C26="20 BAR",N26))) -> 1301000 | L26: 970245 | M26: 1301000 | N26: 1823000
B27: GEAR BOX BOLT/WASHER | D27: 8 | F27: 1 | I27: =D27*F27*H27 -> 0 | K27: =I27+J27 -> 0
A28: 19 | B28: KEY & TAG | C28: SUS | D28: 1 | F28: 1 | I28: 7100 | J28: 4400 | K28: =I28+J28 -> 11500
A29: 20 | B29: 페인트 | D29: 1 | F29: 1 | I29: 170000 | K29: =I29+J29 -> 170000
A30: 21 | B30: 조립.검사 | D30: 1 | F30: 1 | I30: 150000 | K30: =I30+J30 -> 150000
A31: 22 | B31: 밸브합산 | K31: =SUM(K6:K30) -> 12661824
A32: 23 | B32: LIMIT | D32: 2
A33: 24 | B33: ACTUATOR | D33: 1
B34: ACTUATOR BOLT/WASHER | D34: 4
A35: 25 | B35: 포장비용 | D35: 1 | F35: 1 | K35: 500000
A36: 26 | B36: RUBBER LINNING | D36: 1 | F36: 1
A37: 27 | B37: 밸브외 사급품 비용 연산 | I37: =SUM(K32:K36) -> 500000 | J37: 1 | K37: =J37*I37 -> 500000
A38: 28
A39: 29 | B39: FACTOR | E39: 1차견적가 | F39: =L40 -> 69690 | I39: =K31 -> 12661824 | J39: =원가!B15 -> 1 | K39: =J39*I39 -> 12661824 | L39: 1차견적가
A40: 30 | B40: 견적가격(TOTAL금액) | E40: 네고가능가 | F40: =K40 -> 13161824 | H40: 환율 | I40: =원가!B2 -> 1 | K40: =SUM(K37:K39)/I40 -> 13161824 | L40: 69690

Sheet 1300A
A1: 제수변 BFV 원가 分析表
A3: SIZE : 1300A | C3: 압력 : 150#
A5: NO. | B5: 부품명 | C5: 재질 | D5: 수량 | E5: 규격 | F5: 단중 | G5: 업체 | H5: 단가 | I5: 소계 | J5: 가공비 | K5: 합계
A6: 1 | B6: BODY | C6: =원가!B4 -> WCB | D6: 1 | E6: 1745 | F6: 1534 | H6: =원가!C4 -> 2600 | I6: =D6*F6*H6 -> 3988400 | J6: 850000 | K6: =I6+J6 -> 4838400
A7: 2 | B7: DISC | C7: =원가!B5 -> WCB | D7: 1 | E7: 818 | F7: 800 | H7: =원가!C5 -> 2600 | I7: =D7*F7*H7 -> 2080000 | J7: 450000 | K7: =I7+J7 -> 2530000
A8: 3 | B8: SEAT | C8: EPDM | D8: 1 | F8: 1 | I8: 45000 | J8: 10000 | K8: =I8+J8 -> 55000
A9: 4 | B9: STEM(上,下) | C9: =원가!B6 -> A276T316L | D9: 1 | F9: 182 | H9: =원가!C6 -> 8500 | I9: =D9*F9*H9 -> 1547000 | J9: 200000 | K9: =I9+J9 -> 1747000
A10: 5 | B10: DISC RETAINER | C10: =원가!B7 -> 316L | D10: 1 | F10: 77 | H10: =원가!C7 -> 8500 | I10: =D10*F10*H10 -> 654500 | J10: 226000 | K10: =I10+J10 -> 880500
B11: BODY RETAINER | C11: =원가!B8 -> 316L | D11: 1 | F11: 77 | H11: =원가!C8 -> 8500 | I11: =D11*F11*H11 -> 654500 | J11: 226000 | K11: =I11+J11 -> 880500
A12: 6 | B12: BUSH(上) | C12: =원가!B9 -> B148 | D12: 1 | F12: 19 | H12: =원가!C9 -> 12500 | I12: =D12*F12*H12 -> 237500 | J12: 32000 | K12: =I12+J12 -> 269500
B13: BUSH(下) | C13: =원가!B10 -> B148 | D13: 1 | F13: 14 | H13: =원가!C10 -> 12500 | I13: =D13*F13*H13 -> 175000 | J13: 32000 | K13: =I13+J13 -> 207000
A14: 7 | B14: PACKING RING | C14: EPDM | D14: 5 | F14: 1 | H14: 1700 | I14: =D14*F14*H14 -> 8500 | K14: =I14+J14 -> 8500
B15: PACKING BUSH | C15: C95800 | D15: 4 | F15: 1.6 | H15: 11200 | I15: =D15*F15*H15 -> 71680 | J15: 7500 | K15: =I15+J15 -> 79180
A16: 8 | B16: PACKING GLAND | C16: =원가!B11 -> WCB | D16: 1 | F16: 14.4 | H16: =원가!C11 -> 2600 | I16: =D16*F16*H16 -> 37440 | J16: 18000 | K16: =I16+J16 -> 55440
A17: 9 | B17: STAND BOLT/NUT | C17: B8M | D17: 4 | F17: 1 | H17: 2400 | I17: =D17*F17*H17 -> 9600 | K17: =I17+J17 -> 9600
A18: 10 | B18: BOTTOM COVER | C18: =원가!B12 -> WCB | D18: 1 | F18: 26 | H18: =원가!C12 -> 2600 | I18: =D18*F18*H18 -> 67600 | J18: 20000 | K18: =I18+J18 -> 87600
A19: 11 | B19: SPLIT COLLAR | C19: C95800 | D19: 1 | F19: 5.32 | H19: 8000 | I19: =D19*F19*H19 -> 42560 | J19: 9200 | K19: =I19+J19 -> 51760
A20: 12 | B20: DISC BOLT/NUT | C20: 316L | D20: 4 | F20: 2.9 | H20: 20590 | I20: =D20*F20*H20 -> 238844 | J20: 24800 | K20: =I20+J20 -> 263644
A21: 13 | B21: DISC RETAINER BOLT | C21: B8M | D21: 40 | F21: 1 | H21: 360 | I21: =D21*F21*H21 -> 14400 | K21: =I21+J21 -> 14400
A22: 14 | B22: BOTTOM COVER BOLT/WASHER | C22: B8M | D22: 8 | F22: 1 | H22: 8000 | I22: =D22*F22*H22 -> 64000 | K22: =I22+J22 -> 64000
A23: 15 | B23: TOP FLG COVER | C23: =원가!B13 -> WCB | D23: 1 | F23: 100 | H23: =원가!C13 -> 2600 | I23: =D23*F23*H23 -> 260000 | J23: 38000 | K23: =I23+J23 -> 298000
A24: 16 | B24: TOP COVER BOLT | C24: B8M | D24: 6 | F24: 1 | H24: 11000 | I24: =D24*F24*H24 -> 66000 | K24: =I24+J24 -> 66000
A25: 17 | B25: BOTTOM O-RING | C25: EPDM | D25: 1 | F25: 1 | H25: 1400 | I25: =D25*F25*H25 -> 1400 | J25: 1000 | K25: =I25+J25 -> 2400
A26: 18 | B26: GEAR BOX | C26: =원가!B17 -> 10 BAR | D26: 1 | F26: 305 | J26: TMG | K26: =IF(C26="PIYAKE",L26,IF(C26="10 BAR",M26,IF(C26="20 BAR",N26))) -> 1823000 | L26: 970245 | M26: 1823000 | N26: 3508000
B27: GEAR BOX BOLT/WASHER | D27: 8 | F27: 1 | H27: 13000 | I27: =D27*F27*H27 -> 104000 | K27: =I27+J27 -> 104000
A28: 19 | B28: KEY & TAG | C28: SUS | D28: 1 | F28: 1 | I28: 7100 | J28: 4400 | K28: =I28+J28 -> 11500
A29: 20 | B29: 페인트 | D29: 1 | F29: 1 | I29: 180000 | K29: =I29+J29 -> 180000
A30: 21 | B30: 조립.검사 | D30: 1 | F30: 1 | I30: 160000 | K30: =I30+J30 -> 160000
A31: 22 | B31: 밸브합산 | K31: =SUM(K6:K30) -> 14686924
A32: 23
A33: 24 | B33: ACTUATOR | D33: 1
B34: ACTUATOR BOLT/WASHER | D34: 4
A35: 25 | B35: 포장비용 | D35: 1 | F35: 1 | K35: 500000
A36: 26 | B36: RUBBER LINNING | D36: 1 | F36: 1
A37: 27 | B37: 밸브외 사급품 비용 연산 | I37: =SUM(K32:K36) -> 500000 | J37: 1 | K37: =J37*I37 -> 500000
A38: 28
A39: 29 | B39: FACTOR | E39: 1차견적가 | F39: =L40 -> 72440 | I39: =K31 -> 14686924 | J39: =원가!B15 -> 1 | K39: =J39*I39 -> 14686924 | L39: 1차견적가
A40: 30 | B40: 견적가격(TOTAL금액) | E40: 네고가능가 | F40: =K40 -> 15186924 | H40: 환율 | I40: =원가!B2 -> 1 | K40: =SUM(K37:K39)/I40 -> 15186924 | L40: 72440

Sheet 1400A
A1: 제수변 BFV 원가 分析表
A3: SIZE : 1400A | C3: 압력 : 150#
A5: NO. | B5: 부품명 | C5: 재질 | D5: 수량 | E5: 규격 | F5: 단중 | G5: 업체 | H5: 단가 | I5: 소계 | J5: 가공비 | K5: 합계
A6: 1 | B6: BODY | C6: =원가!B4 -> WCB | D6: 1 | E6: 1954 | F6: 1897 | H6: =원가!C4 -> 2600 | I6: =D6*F6*H6 -> 4932200 | J6: 900000 | K6: =I6+J6 -> 5832200
A7: 2 | B7: DISC | C7: =원가!B5 -> WCB | D7: 1 | E7: 916 | F7: 975 | H7: =원가!C5 -> 2600 | I7: =D7*F7*H7 -> 2535000 | J7: 480000 | K7: =I7+J7 -> 3015000
A8: 3 | B8: SEAT | C8: EPDM | D8: 1 | F8: 1 | I8: 45000 | J8: 10000 | K8: =I8+J8 -> 55000
A9: 4 | B9: STEM(上,下) | C9: =원가!B6 -> A276T316L | D9: 1 | F9: 215 | H9: =원가!C6 -> 8500 | I9: =D9*F9*H9 -> 1827500 | J9: 200000 | K9: =I9+J9 -> 2027500
A10: 5 | B10: DISC RETAINER | C10: =원가!B7 -> 316L | D10: 1 | F10: 103.5 | H10: =원가!C7 -> 8500 | I10: =D10*F10*H10 -> 879750 | J10: 226000 | K10: =I10+J10 -> 1105750
B11: BODY RETAINER | C11: =원가!B8 -> 316L | D11: 1 | F11: 103.5 | H11: =원가!C8 -> 8500 | I11: =D11*F11*H11 -> 879750 | J11: 226000 | K11: =I11+J11 -> 1105750
A12: 6 | B12: BUSH(上) | C12: =원가!B9 -> B148 | D12: 1 | F12: 17 | H12: =원가!C9 -> 12500 | I12: =D12*F12*H12 -> 212500 | J12: 32000 | K12: =I12+J12 -> 244500
B13: BUSH(下) | C13: =원가!B10 -> B148 | D13: 1 | F13: 16 | H13: =원가!C10 -> 12500 | I13: =D13*F13*H13 -> 200000 | J13: 32000 | K13: =I13+J13 -> 232000
A14: 7 | B14: PACKING RING | C14: EPDM | D14: 5 | F14: 1 | H14: 1700 | I14: =D14*F14*H14 -> 8500 | K14: =I14+J14 -> 8500
B15: PACKING BUSH | C15: C95800 | D15: 4 | F15: 1.6 | H15: 11200 | I15: =D15*F15*H15 -> 71680 | J15: 7500 | K15: =I15+J15 -> 79180
A16: 8 | B16: PACKING GLAND | C16: =원가!B11 -> WCB | D16: 1 | F16: 14.4 | H16: =원가!C11 -> 2600 | I16: =D16*F16*H16 -> 37440 | J16: 18000 | K16: =I16+J16 -> 55440
A17: 9 | B17: STAND BOLT/NUT | C17: B8M | D17: 4 | F17: 1 | H17: 2400 | I17: =D17*F17*H17 -> 9600 | K17: =I17+J17 -> 9600
A18: 10 | B18: BOTTOM COVER | C18: =원가!B12 -> WCB | D18: 1 | F18: 18.2 | H18: =원가!C12 -> 2600 | I18: =D18*F18*H18 -> 47320 | J18: 20000 | K18: =I18+J18 -> 67320
A19: 11 | B19: SPLIT COLLAR | C19: C95800 | D19: 1 | F19: 5.32 | H19: 8000 | I19: =D19*F19*H19 -> 42560 | J19: 9200 | K19: =I19+J19 -> 51760
A20: 12 | B20: DISC BOLT/NUT | C20: 316L | D20: 4 | F20: 1 | H20: 20590 | I20: =D20*F20*H20 -> 82360 | J20: 24800 | K20: =I20+J20 -> 107160
A21: 13 | B21: DISC RETAINER BOLT | C21: B8M | D21: 40 | F21: 1 | H21: 360 | I21: =D21*F21*H21 -> 14400 | K21: =I21+J21 -> 14400
A22: 14 | B22: BOTTOM COVER BOLT/WASHER | C22: B8M | D22: 8 | F22: 1 | H22: 8000 | I22: =D22*F22*H22 -> 64000 | K22: =I22+J22 -> 64000
A23: 15 | B23: TOP FLG COVER | C23: =원가!B13 -> WCB | D23: 1 | F23: 100 | H23: =원가!C13 -> 2600 | I23: =D23*F23*H23 -> 260000 | J23: 38000 | K23: =I23+J23 -> 298000
A24: 16 | B24: TOP COVER BOLT | C24: B8M | D24: 6 | F24: 1 | H24: 11000 | I24: =D24*F24*H24 -> 66000 | K24: =I24+J24 -> 66000
A25: 17 | B25: BOTTOM O-RING | C25: EPDM | D25: 1 | F25: 1 | H25: 1400 | I25: =D25*F25*H25 -> 1400 | J25: 1000 | K25: =I25+J25 -> 2400
A26: 18 | B26: GEAR BOX | C26: =원가!B17 -> 10 BAR | D26: 1 | F26: 305 | J26: TMG | K26: =IF(C26="PIYAKE",L26,IF(C26="10 BAR",M26,IF(C26="20 BAR",N26))) -> 1823000 | L26: 970245 | M26: 1823000 | N26: 3508000
B27: GEAR BOX BOLT/WASHER | D27: 8 | F27: 1 | H27: 13000 | I27: =D27*F27*H27 -> 104000 | K27: =I27+J27 -> 104000
A28: 19 | B28: KEY & TAG | C28: SUS | D28: 1 | F28: 1 | I28: 7100 | J28: 4400 | K28: =I28+J28 -> 11500
A29: 20 | B29: 페인트 | D29: 1 | F29: 1 | I29: 200000 | K29: =I29+J29 -> 200000
A30: 21 | B30: 조립.검사 | D30: 1 | F30: 1 | I30: 170000 | K30: =I30+J30 -> 170000
A31: 22 | B31: 밸브합산 | K31: =SUM(K6:K30) -> 16749960
A32: 23
A33: 24 | B33: ACTUATOR | D33: 1
B34: ACTUATOR BOLT/WASHER | D34: 4
A35: 25 | B35: 포장비용 | D35: 1 | F35: 1 | K35: 600000
A36: 26 | B36: RUBBER LINNING | D36: 1 | F36: 1
A37: 27 | B37: 밸브외 사급품 비용 연산 | I37: =SUM(K32:K36) -> 600000 | J37: 1 | K37: =J37*I37 -> 600000
A38: 28
A39: 29 | B39: FACTOR | E39: 1차견적가 | F39: =L40 -> 72440 | I39: =K31 -> 16749960 | J39: =원가!B15 -> 1 | K39: =J39*I39 -> 16749960 | L39: 1차견적가
A40: 30 | B40: 견적가격(TOTAL금액) | E40: 네고가능가 | F40: =K40 -> 17349960 | H40: 환율 | I40: =원가!B2 -> 1 | K40: =SUM(K37:K39)/I40 -> 17349960 | L40: 72440

Sheet 1500A
A1: 제수변 BFV 원가 分析表
A3: SIZE : 1500A | C3: 압력 : 150#
A5: NO. | B5: 부품명 | C5: 재질 | D5: 수량 | E5: 규격 | F5: 단중 | G5: 업체 | H5: 단가 | I5: 소계 | J5: 가공비 | K5: 합계
A6: 1 | B6: BODY | C6: =원가!B4 -> WCB | D6: 1 | E6: 1745 | F6: 2360 | H6: =원가!C4 -> 2600 | I6: =D6*F6*H6 -> 6136000 | J6: 900000 | K6: =I6+J6 -> 7036000
A7: 2 | B7: DISC | C7: =원가!B5 -> WCB | D7: 1 | E7: 818 | F7: 1150 | H7: =원가!C5 -> 2600 | I7: =D7*F7*H7 -> 2990000 | J7: 480000 | K7: =I7+J7 -> 3470000
A8: 3 | B8: SEAT | C8: EPDM | D8: 1 | F8: 1 | I8: 60000 | J8: 10000 | K8: =I8+J8 -> 70000
A9: 4 | B9: STEM(上,下) | C9: =원가!B6 -> A276T316L | D9: 1 | F9: 270.3 | H9: =원가!C6 -> 8500 | I9: =D9*F9*H9 -> 2297550 | J9: 200000 | K9: =I9+J9 -> 2497550
A10: 5 | B10: DISC RETAINER | C10: =원가!B7 -> 316L | D10: 1 | F10: 94.8 | H10: =원가!C7 -> 8500 | I10: =D10*F10*H10 -> 805800 | J10: 280000 | K10: =I10+J10 -> 1085800
B11: BODY RETAINER | C11: =원가!B8 -> 316L | D11: 1 | F11: 94.8 | H11: =원가!C8 -> 8500 | I11: =D11*F11*H11 -> 805800 | J11: 320000 | K11: =I11+J11 -> 1125800
A12: 6 | B12: BUSH(上) | C12: =원가!B9 -> B148 | D12: 1 | F12: 19.5 | H12: =원가!C9 -> 12500 | I12: =D12*F12*H12 -> 243750 | J12: 32000 | K12: =I12+J12 -> 275750
B13: BUSH(下) | C13: =원가!B10 -> B148 | D13: 1 | F13: 19.5 | H13: =원가!C10 -> 12500 | I13: =D13*F13*H13 -> 243750 | J13: 32000 | K13: =I13+J13 -> 275750
A14: 7 | B14: PACKING RING | C14: EPDM | D14: 5 | F14: 1 | H14: 1700 | I14: =D14*F14*H14 -> 8500 | K14: =I14+J14 -> 8500
B15: PACKING BUSH | C15: C95800 | D15: 4 | F15: 1.6 | H15: 11200 | I15: =D15*F15*H15 -> 71680 | J15: 7500 | K15: =I15+J15 -> 79180
A16: 8 | B16: PACKING GLAND | C16: =원가!B11 -> WCB | D16: 1 | F16: 14.4 | H16: =원가!C11 -> 2600 | I16: =D16*F16*H16 -> 37440 | J16: 18000 | K16: =I16+J16 -> 55440
A17: 9 | B17: STAND BOLT/NUT | C17: B8M | D17: 4 | F17: 1 | H17: 2400 | I17: =D17*F17*H17 -> 9600 | K17: =I17+J17 -> 9600
A18: 10 | B18: BOTTOM COVER | C18: =원가!B12 -> WCB | D18: 1 | F18: 43 | H18: =원가!C12 -> 2600 | I18: =D18*F18*H18 -> 111800 | J18: 20000 | K18: =I18+J18 -> 131800
A19: 11 | B19: SPLIT COLLAR | C19: C95800 | D19: 1 | F19: 5.32 | H19: 8000 | I19: =D19*F19*H19 -> 42560 | J19: 9200 | K19: =I19+J19 -> 51760
A20: 12 | B20: DISC BOLT/NUT | C20: 316L | D20: 4 | F20: 1 | H20: 20590 | I20: =D20*F20*H20 -> 82360 | J20: 24800 | K20: =I20+J20 -> 107160
A21: 13 | B21: DISC RETAINER BOLT | C21: B8M | D21: 40 | F21: 1 | H21: 360 | I21: =D21*F21*H21 -> 14400 | K21: =I21+J21 -> 14400
A22: 14 | B22: BOTTOM COVER BOLT/WASHER | C22: B8M | D22: 8 | F22: 1 | H22: 8000 | I22: =D22*F22*H22 -> 64000 | K22: =I22+J22 -> 64000
A23: 15 | B23: TOP FLG COVER | C23: =원가!B13 -> WCB | D23: 1 | F23: 110 | H23: =원가!C13 -> 2600 | I23: =D23*F23*H23 -> 286000 | J23: 38000 | K23: =I23+J23 -> 324000
A24: 16 | B24: TOP COVER BOLT | C24: B8M | D24: 6 | F24: 1 | H24: 12000 | I24: =D24*F24*H24 -> 72000 | K24: =I24+J24 -> 72000
A25: 17 | B25: BOTTOM O-RING | C25: EPDM | D25: 1 | F25: 1 | H25: 1400 | I25: =D25*F25*H25 -> 1400 | J25: 1000 | K25: =I25+J25 -> 2400
A26: 18 | B26: GEAR BOX | C26: =원가!B17 -> 10 BAR | D26: 1 | F26: 580 | J26: TMG | K26: =IF(C26="PIYAKE",L26,IF(C26="10 BAR",M26,IF(C26="20 BAR",N26))) -> 1823000 | L26: 970245 | M26: 1823000 | N26: 3508000
B27: GEAR BOX BOLT/WASHER | D27: 8 | F27: 1 | H27: 13000 | I27: =D27*F27*H27 -> 104000 | K27: =I27+J27 -> 104000
A28: 19 | B28: KEY & TAG | C28: SUS | D28: 1 | F28: 1 | I28: 7100 | J28: 4400 | K28: =I28+J28 -> 11500
A29: 20 | B29: 페인트 | D29: 1 | F29: 1 | I29: 200000 | K29: =I29+J29 -> 200000
A30: 21 | B30: 조립.검사 | D30: 1 | F30: 1 | I30: 170000 | K30: =I30+J30 -> 170000
A31: 22 | B31: 밸브합산 | K31: =SUM(K6:K30) -> 19065390
A32: 23
A33: 24 | B33: ACTUATOR | D33: 1
B34: ACTUATOR BOLT/WASHER | D34: 4
A35: 25 | B35: 포장비용 | D35: 1 | F35: 1 | K35: 600000
A36: 26 | B36: RUBBER LINNING | D36: 1 | F36: 1
A37: 27 | B37: 밸브외 사급품 비용 연산 | I37: =SUM(K32:K36) -> 600000 | J37: 1 | K37: =J37*I37 -> 600000
A38: 28
A39: 29 | B39: FACTOR | E39: 1차견적가 | F39: =L40 -> 72440 | I39: =K31 -> 19065390 | J39: =원가!B15 -> 1 | K39: =J39*I39 -> 19065390 | L39: 1차견적가
A40: 30 | B40: 견적가격(TOTAL금액) | E40: 네고가능가 | F40: =K40 -> 19665390 | H40: 환율 | I40: =원가!B2 -> 1 | K40: =SUM(K37:K39)/I40 -> 19665390 | L40: 72440

Sheet 1600A
A1: 제수변 BFV 원가 分析表
A3: SIZE : 1600A | C3: 압력 : 150# | G3: REMARK : 1650A 중량기준
A5: NO. | B5: 부품명 | C5: 재질 | D5: 수량 | E5: 규격 | F5: 단중 | G5: 업체 | H5: 단가 | I5: 소계 | J5: 가공비 | K5: 합계
A6: 1 | B6: BODY | C6: =원가!B4 -> WCB | D6: 1 | F6: 2622 | H6: =원가!C4 -> 2600 | I6: =D6*F6*H6 -> 6817200 | J6: 1000000 | K6: =I6+J6 -> 7817200
A7: 2 | B7: DISC | C7: =원가!B5 -> WCB | D7: 1 | F7: 1326 | H7: =원가!C5 -> 2600 | I7: =D7*F7*H7 -> 3447600 | J7: 780000 | K7: =I7+J7 -> 4227600
A8: 3 | B8: SEAT | C8: EPDM | D8: 1 | F8: 1 | I8: 80000 | J8: 10000 | K8: =I8+J8 -> 90000
A9: 4 | B9: STEM(上,下) | C9: =원가!B6 -> A276T316L | D9: 1 | F9: 281.7 | H9: =원가!C6 -> 8500 | I9: =D9*F9*H9 -> 2394450 | J9: 300000 | K9: =I9+J9 -> 2694450
A10: 5 | B10: DISC RETAINER | C10: =원가!B7 -> 316L | D10: 1 | F10: 118.8 | H10: =원가!C7 -> 8500 | I10: =D10*F10*H10 -> 1009800 | J10: 360000 | K10: =I10+J10 -> 1369800
B11: BODY RETAINER | C11: =원가!B8 -> 316L | D11: 1 | F11: 118.8 | H11: =원가!C8 -> 8500 | I11: =D11*F11*H11 -> 1009800 | J11: 360000 | K11: =I11+J11 -> 1369800
A12: 6 | B12: BUSH(上) | C12: =원가!B9 -> B148 | D12: 1 | F12: 19 | H12: =원가!C9 -> 12500 | I12: =D12*F12*H12 -> 237500 | J12: 25000 | K12: =I12+J12 -> 262500
B13: BUSH(下) | C13: =원가!B10 -> B148 | D13: 1 | F13: 19 | H13: =원가!C10 -> 12500 | I13: =D13*F13*H13 -> 237500 | J13: 25000 | K13: =I13+J13 -> 262500
A14: 7 | B14: PACKING RING | C14: EPDM | D14: 5 | F14: 1 | H14: 1700 | I14: =D14*F14*H14 -> 8500 | K14: =I14+J14 -> 8500
B15: PACKING BUSH | C15: C95800 | D15: 4 | F15: 1.5 | H15: 11200 | I15: =D15*F15*H15 -> 67200 | J15: 8000 | K15: =I15+J15 -> 75200
A16: 8 | B16: PACKING GLAND | C16: =원가!B11 -> WCB | D16: 1 | F16: 15.5 | H16: =원가!C11 -> 2600 | I16: =D16*F16*H16 -> 40300 | J16: 20000 | K16: =I16+J16 -> 60300
A17: 9 | B17: STAND BOLT/NUT | C17: B8M | D17: 4 | F17: 1 | H17: 2400 | I17: =D17*F17*H17 -> 9600 | K17: =I17+J17 -> 9600
A18: 10 | B18: BOTTOM COVER | C18: =원가!B12 -> WCB | D18: 1 | F18: 62 | H18: =원가!C12 -> 2600 | I18: =D18*F18*H18 -> 161200 | J18: 30000 | K18: =I18+J18 -> 191200
A19: 11 | B19: SPLIT COLLAR | C19: C95800 | D19: 1 | F19: 5.4 | H19: 8000 | I19: =D19*F19*H19 -> 43200 | J19: 11000 | K19: =I19+J19 -> 54200
A20: 12 | B20: DISC BOLT/NUT | C20: 316L | D20: 3 | F20: 3.95 | H20: 7500 | I20: =D20*F20*H20 -> 88875 | J20: 5500 | K20: =I20+J20 -> 94375
A21: 13 | B21: DISC RETAINER BOLT | C21: B8M | D21: 40 | F21: 1 | H21: 360 | I21: =D21*F21*H21 -> 14400 | K21: =I21+J21 -> 14400
A22: 14 | B22: BOTTOM COVER BOLT/WASHER | C22: B8M | D22: 8 | F22: 1 | H22: 8000 | I22: =D22*F22*H22 -> 64000 | K22: =I22+J22 -> 64000
A23: 15 | B23: TOP FLG COVER | C23: =원가!B13 -> WCB | D23: 1 | F23: 120 | H23: =원가!C13 -> 2600 | I23: =D23*F23*H23 -> 312000 | J23: 40000 | K23: =I23+J23 -> 352000
A24: 16 | B24: TOP COVER BOLT | C24: B8M | D24: 6 | F24: 1 | H24: 12000 | I24: =D24*F24*H24 -> 72000 | K24: =I24+J24 -> 72000
A25: 17 | B25: BOTTOM O-RING | C25: EPDM | D25: 1 | F25: 1 | H25: 1400 | I25: =D25*F25*H25 -> 1400 | J25: 1000 | K25: =I25+J25 -> 2400
A26: 18 | B26: GEAR BOX | C26: =원가!B17 -> 10 BAR | D26: 1 | F26: 580 | I26: 1101445 | J26: TMG | K26: =IF(C26="PIYAKE",L26,IF(C26="10 BAR",M26,IF(C26="20 BAR",N26))) -> 3508000 | M26: 3508000 | N26: 5200000
B27: GEAR BOX BOLT/WASHER | D27: 12 | F27: 1 | H27: 13000 | I27: =D27*F27*H27 -> 156000 | K27: =I27+J27 -> 156000
B28: CONTROL SHAFT | C28: 316L | D28: 1 | F28: 8.65 | H28: 7500 | I28: =D28*F28*H28 -> 64875 | J28: 45000
B29: BOLT COVER | C29: 316L | D29: 2 | F29: 6.5 | H29: 7500 | I29: =D29*F29*H29 -> 97500 | J29: 9000
B30: CONTROL SHAFT NUT | D30: 4
A31: 19 | B31: KEY & TAG | C31: SUS | D31: 1 | F31: 1 | I31: 8200 | J31: 4900 | K31: =I31+J31 -> 13100
A32: 20 | B32: 페인트 | D32: 1 | F32: 1 | I32: 235000 | K32: =I32+J32 -> 235000
A33: 21 | B33: 조립.검사 | D33: 1 | F33: 1 | I33: 190000 | K33: =I33+J33 -> 190000
A34: 22 | B34: 밸브합산 | K34: =SUM(K6:K33) -> 23194125
A35: 23 | B35: Braket | D35: 1 | L35: 10000000
A36: 24 | B36: LCP | D36: 1 | L36: 8100000
B37: HYD | D37: 1 | L37: 43000000
A38: 25 | B38: 포장비용 | K38: 800000 | L38: 3000000
A39: 26 | B39: RUBBER LINNING(BODY+DISC) | D39: 2 | H39: 1650000 | L39: =I39*E39 -> 0
A40: 27 | B40: 밸브외 사급품 비용 연산 | I40: =SUM(K35:K39) -> 800000 | J40: 1 | K40: =J40*I40 -> 800000
A41: 28
A42: 29 | B42: FACTOR | E42: 1차견적가 | F42: =L43 -> 0 | I42: =K34 -> 23194125 | J42: =원가!B15 -> 1 | K42: =J42*I42 -> 23194125 | L42: 1차견적가
A43: 30 | B43: 견적가격(TOTAL금액) | E43: 네고가능가 | F43: =K43 -> 23994125 | H43: 환율 | I43: =원가!B2 -> 1 | K43: =SUM(K40:K42)/I43 -> 23994125

Sheet 1650A
A1: 제수변 BFV 원가 分析表
A3: SIZE : 1650A | C3: 압력 : 150# | G3: REMARK : 1650A 중량기준
A5: NO. | B5: 부품명 | C5: 재질 | D5: 수량 | E5: 규격 | F5: 단중 | G5: 업체 | H5: 단가 | I5: 소계 | J5: 가공비 | K5: 합계
A6: 1 | B6: BODY | C6: =원가!B4 -> WCB | D6: 1 | F6: 2830 | H6: =원가!C4 -> 2600 | I6: =D6*F6*H6 -> 7358000 | J6: 1000000 | K6: =I6+J6 -> 8358000
A7: 2 | B7: DISC | C7: =원가!B5 -> WCB | D7: 1 | F7: 1626 | H7: =원가!C5 -> 2600 | I7: =D7*F7*H7 -> 4227600 | J7: 780000 | K7: =I7+J7 -> 5007600
A8: 3 | B8: SEAT | C8: EPDM | D8: 1 | F8: 1 | I8: 80000 | J8: 10000 | K8: =I8+J8 -> 90000
A9: 4 | B9: STEM(上,下) | C9: =원가!B6 -> A276T316L | D9: 1 | F9: 356 | H9: =원가!C6 -> 8500 | I9: =D9*F9*H9 -> 3026000 | J9: 300000 | K9: =I9+J9 -> 3326000
A10: 5 | B10: DISC RETAINER | C10: =원가!B7 -> 316L | D10: 1 | F10: 108 | H10: =원가!C7 -> 8500 | I10: =D10*F10*H10 -> 918000 | J10: 360000 | K10: =I10+J10 -> 1278000
B11: BODY RETAINER | C11: =원가!B8 -> 316L | D11: 1 | F11: 108 | H11: =원가!C8 -> 8500 | I11: =D11*F11*H11 -> 918000 | J11: 360000 | K11: =I11+J11 -> 1278000
A12: 6 | B12: BUSH(上) | C12: =원가!B9 -> B148 | D12: 1 | F12: 24.5 | H12: =원가!C9 -> 12500 | I12: =D12*F12*H12 -> 306250 | J12: 25000 | K12: =I12+J12 -> 331250
B13: BUSH(下) | C13: =원가!B10 -> B148 | D13: 1 | F13: 24.5 | H13: =원가!C10 -> 12500 | I13: =D13*F13*H13 -> 306250 | J13: 25000 | K13: =I13+J13 -> 331250
A14: 7 | B14: PACKING RING | C14: EPDM | D14: 5 | F14: 1 | H14: 1700 | I14: =D14*F14*H14 -> 8500 | K14: =I14+J14 -> 8500
B15: PACKING BUSH | C15: C95800 | D15: 4 | F15: 3 | H15: 11200 | I15: =D15*F15*H15 -> 134400 | J15: 8000 | K15: =I15+J15 -> 142400
A16: 8 | B16: PACKING GLAND | C16: =원가!B11 -> WCB | D16: 1 | F16: 17 | H16: =원가!C11 -> 2600 | I16: =D16*F16*H16 -> 44200 | J16: 20000 | K16: =I16+J16 -> 64200
A17: 9 | B17: STAND BOLT/NUT | C17: B8M | D17: 4 | F17: 1 | H17: 2400 | I17: =D17*F17*H17 -> 9600 | K17: =I17+J17 -> 9600
A18: 10 | B18: BOTTOM COVER | C18: =원가!B12 -> WCB | D18: 1 | F18: 58 | H18: =원가!C12 -> 2600 | I18: =D18*F18*H18 -> 150800 | J18: 30000 | K18: =I18+J18 -> 180800
A19: 11 | B19: SPLIT COLLAR | C19: C95800 | D19: 1 | F19: 5.4 | H19: 8000 | I19: =D19*F19*H19 -> 43200 | J19: 11000 | K19: =I19+J19 -> 54200
A20: 12 | B20: DISC BOLT/NUT | C20: 316L | D20: 3 | F20: 3.95 | H20: 7500 | I20: =D20*F20*H20 -> 88875 | J20: 5500 | K20: =I20+J20 -> 94375
A21: 13 | B21: DISC RETAINER BOLT | C21: B8M | D21: 40 | F21: 1 | H21: 360 | I21: =D21*F21*H21 -> 14400 | K21: =I21+J21 -> 14400
A22: 14 | B22: BOTTOM COVER BOLT/WASHER | C22: B8M | D22: 8 | F22: 1 | H22: 9000 | I22: =D22*F22*H22 -> 72000 | K22: =I22+J22 -> 72000
A23: 15 | B23: TOP FLG COVER | C23: =원가!B13 -> WCB | D23: 1 | F23: 132 | H23: =원가!C13 -> 2600 | I23: =D23*F23*H23 -> 343200 | J23: 40000 | K23: =I23+J23 -> 383200
A24: 16 | B24: TOP COVER BOLT | C24: B8M | D24: 6 | F24: 1 | H24: 13000 | I24: =D24*F24*H24 -> 78000 | K24: =I24+J24 -> 78000
A25: 17 | B25: BOTTOM O-RING | C25: EPDM | D25: 1 | F25: 1 | H25: 1400 | I25: =D25*F25*H25 -> 1400 | J25: 1000 | K25: =I25+J25 -> 2400
A26: 18 | B26: GEAR BOX | C26: =원가!B17 -> 10 BAR | D26: 1 | F26: 580 | I26: 1101445 | J26: TMG | K26: =IF(C26="PIYAKE",L26,IF(C26="10 BAR",M26,IF(C26="20 BAR",N26))) -> 3508000 | M26: 3508000 | N26: 5200000
B27: GEAR BOX BOLT/WASHER | D27: 12 | F27: 1 | H27: 13000 | I27: =D27*F27*H27 -> 156000 | K27: =I27+J27 -> 156000
B28: CONTROL SHAFT | C28: 316L | D28: 1 | F28: 10.65 | H28: 7500 | I28: =D28*F28*H28 -> 79875 | J28: 45000
B29: BOLT COVER | C29: 316L | D29: 2 | F29: 6.5 | H29: 7500 | I29: =D29*F29*H29 -> 97500 | J29: 9000
B30: CONTROL SHAFT NUT | D30: 4
A31: 19 | B31: KEY & TAG | C31: SUS | D31: 1 | F31: 1 | I31: 8200 | J31: 4900 | K31: =I31+J31 -> 13100
A32: 20 | B32: 페인트 | D32: 1 | F32: 1 | I32: 235000 | K32: =I32+J32 -> 235000
A33: 21 | B33: 조립.검사 | D33: 1 | F33: 1 | I33: 190000 | K33: =I33+J33 -> 190000
A34: 22 | B34: 밸브합산 | K34: =SUM(K6:K33) -> 25206275
A35: 23 | B35: AUMA 감속기어 | F35: GS315/GZ30-F40
A36: 24 | B36: ACTUATOR | D36: 1 | F36: SAM 14.1
B37: ACTUATOR BOLT/WASHER | D37: 4 | F37: 1 | H37: 630 | I37: =D37*F37*H37 -> 2520
A38: 25 | B38: 포장비용 | D38: 1 | F38: 1 | K38: 800000
A39: 26 | B39: RUBBER LINNING | D39: 1 | F39: 1
A40: 27 | B40: 밸브외 사급품 비용 연산 | I40: =SUM(K35:K39) -> 800000 | J40: 1 | K40: =J40*I40 -> 800000
A41: 28
A42: 29 | B42: FACTOR | E42: 1차견적가 | F42: =L43 -> 0 | I42: =K34 -> 25206275 | J42: =원가!B15 -> 1 | K42: =J42*I42 -> 25206275 | L42: 1차견적가
A43: 30 | B43: 견적가격(TOTAL금액) | E43: 네고가능가 | F43: =K43 -> 26006275 | H43: 환율 | I43: =원가!B2 -> 1 | K43: =SUM(K40:K42)/I43 -> 26006275

Sheet 1700A
A1: 제수변 BFV 원가 分析表
A3: SIZE : 1700A | C3: 압력 : 150# | G3: REMARK : 1650A 중량기준
A5: NO. | B5: 부품명 | C5: 재질 | D5: 수량 | E5: 규격 | F5: 단중 | G5: 업체 | H5: 단가 | I5: 소계 | J5: 가공비 | K5: 합계
A6: 1 | B6: BODY | C6: =원가!B4 -> WCB | D6: 1 | F6: 3100 | H6: =원가!C4 -> 2600 | I6: =D6*F6*H6 -> 8060000 | J6: 1000000 | K6: =I6+J6 -> 9060000
A7: 2 | B7: DISC | C7: =원가!B5 -> WCB | D7: 1 | F7: 1750 | H7: =원가!C5 -> 2600 | I7: =D7*F7*H7 -> 4550000 | J7: 780000 | K7: =I7+J7 -> 5330000
A8: 3 | B8: SEAT | C8: EPDM | D8: 1 | F8: 1 | I8: 80000 | J8: 10000 | K8: =I8+J8 -> 90000
A9: 4 | B9: STEM(上,下) | C9: =원가!B6 -> A276T316L | D9: 1 | F9: 400 | H9: =원가!C6 -> 8500 | I9: =D9*F9*H9 -> 3400000 | J9: 300000 | K9: =I9+J9 -> 3700000
A10: 5 | B10: DISC RETAINER | C10: =원가!B7 -> 316L | D10: 1 | F10: 152.6 | H10: =원가!C7 -> 8500 | I10: =D10*F10*H10 -> 1297100 | J10: 360000 | K10: =I10+J10 -> 1657100
B11: BODY RETAINER | C11: =원가!B8 -> 316L | D11: 1 | F11: 152.6 | H11: =원가!C8 -> 8500 | I11: =D11*F11*H11 -> 1297100 | J11: 360000 | K11: =I11+J11 -> 1657100
A12: 6 | B12: BUSH(上) | C12: =원가!B9 -> B148 | D12: 1 | F12: 19 | H12: =원가!C9 -> 12500 | I12: =D12*F12*H12 -> 237500 | J12: 25000 | K12: =I12+J12 -> 262500
B13: BUSH(下) | C13: =원가!B10 -> B148 | D13: 1 | F13: 19 | H13: =원가!C10 -> 12500 | I13: =D13*F13*H13 -> 237500 | J13: 25000 | K13: =I13+J13 -> 262500
A14: 7 | B14: PACKING RING | C14: EPDM | D14: 5 | F14: 1 | H14: 1700 | I14: =D14*F14*H14 -> 8500 | K14: =I14+J14 -> 8500
B15: PACKING BUSH | C15: C95800 | D15: 4 | F15: 1.5 | H15: 11200 | I15: =D15*F15*H15 -> 67200 | J15: 8000 | K15: =I15+J15 -> 75200
A16: 8 | B16: PACKING GLAND | C16: =원가!B11 -> WCB | D16: 1 | F16: 15.5 | H16: =원가!C11 -> 2600 | I16: =D16*F16*H16 -> 40300 | J16: 20000 | K16: =I16+J16 -> 60300
A17: 9 | B17: STAND BOLT/NUT | C17: B8M | D17: 4 | F17: 1 | H17: 2400 | I17: =D17*F17*H17 -> 9600 | K17: =I17+J17 -> 9600
A18: 10 | B18: BOTTOM COVER | C18: =원가!B12 -> WCB | D18: 1 | F18: 62 | H18: =원가!C12 -> 2600 | I18: =D18*F18*H18 -> 161200 | J18: 30000 | K18: =I18+J18 -> 191200
A19: 11 | B19: SPLIT COLLAR | C19: C95800 | D19: 1 | F19: 5.4 | H19: 8000 | I19: =D19*F19*H19 -> 43200 | J19: 11000 | K19: =I19+J19 -> 54200
A20: 12 | B20: DISC BOLT/NUT | C20: 316L | D20: 3 | F20: 4.5 | H20: 7500 | I20: =D20*F20*H20 -> 101250 | J20: 5500 | K20: =I20+J20 -> 106750
A21: 13 | B21: DISC RETAINER BOLT | C21: B8M | D21: 40 | F21: 1 | H21: 360 | I21: =D21*F21*H21 -> 14400 | K21: =I21+J21 -> 14400
A22: 14 | B22: BOTTOM COVER BOLT/WASHER | C22: B8M | D22: 8 | F22: 1 | H22: 9000 | I22: =D22*F22*H22 -> 72000 | K22: =I22+J22 -> 72000
A23: 15 | B23: TOP FLG COVER | C23: =원가!B13 -> WCB | D23: 1 | F23: 135 | H23: =원가!C13 -> 2600 | I23: =D23*F23*H23 -> 351000 | J23: 40000 | K23: =I23+J23 -> 391000
A24: 16 | B24: TOP COVER BOLT | C24: B8M | D24: 6 | F24: 1 | H24: 13000 | I24: =D24*F24*H24 -> 78000 | K24: =I24+J24 -> 78000
A25: 17 | B25: BOTTOM O-RING | C25: EPDM | D25: 1 | F25: 1 | H25: 1400 | I25: =D25*F25*H25 -> 1400 | J25: 1000 | K25: =I25+J25 -> 2400
A26: 18 | B26: GEAR BOX | C26: =원가!B17 -> 10 BAR | D26: 1 | F26: 580 | I26: 1101445 | J26: TMG | K26: =IF(C26="PIYAKE",L26,IF(C26="10 BAR",M26,IF(C26="20 BAR",N26))) -> 3508000 | M26: 3508000 | N26: 5200000
B27: GEAR BOX BOLT/WASHER | D27: 12 | F27: 1 | H27: 13000 | I27: =D27*F27*H27 -> 156000 | K27: =I27+J27 -> 156000
B28: CONTROL SHAFT | C28: 316L | D28: 1 | F28: 12.65 | H28: 7500 | I28: =D28*F28*H28 -> 94875 | J28: 45000 | K28: =I28+J28 -> 139875
B29: BOLT COVER | C29: 316L | D29: 2 | F29: 6.5 | H29: 7500 | I29: =D29*F29*H29 -> 97500 | J29: 9000 | K29: =I29+J29 -> 106500
B30: CONTROL SHAFT NUT | D30: 4
A31: 19 | B31: KEY & TAG | C31: SUS | D31: 1 | F31: 1 | I31: 8200 | J31: 4900 | K31: =I31+J31 -> 13100
A32: 20 | B32: 페인트 | D32: 1 | F32: 1 | I32: 250000 | K32: =I32+J32 -> 250000
A33: 21 | B33: 조립.검사 | D33: 1 | F33: 1 | I33: 200000 | K33: =I33+J33 -> 200000
A34: 22 | B34: 밸브합산 | K34: =SUM(K6:K33) -> 27456225
A35: 23 | B35: AUMA 감속기어 | F35: GS315/GZ30-F40
A36: 24 | B36: ACTUATOR | D36: 1 | F36: SAM 14.1
B37: ACTUATOR BOLT/WASHER | D37: 4 | F37: 1 | H37: 630 | I37: =D37*F37*H37 -> 2520
A38: 25 | B38: 포장비용 | D38: 1 | F38: 1 | K38: 1000000
A39: 26 | B39: RUBBER LINNING | D39: 1 | F39: 1
A40: 27 | B40: 밸브외 사급품 비용 연산 | I40: =SUM(K35:K39) -> 1000000 | J40: 1 | K40: =J40*I40 -> 1000000
A41: 28
A42: 29 | B42: FACTOR | E42: 1차견적가 | F42: =L43 -> 0 | I42: =K34 -> 27456225 | J42: =원가!B15 -> 1 | K42: =J42*I42 -> 27456225 | L42: 1차견적가
A43: 30 | B43: 견적가격(TOTAL금액) | E43: 네고가능가 | F43: =K43 -> 28456225 | H43: 환율 | I43: =원가!B2 -> 1 | K43: =SUM(K40:K42)/I43 -> 28456225

Sheet 1800A
A1: 제수변 BFV 원가 分析表
A3: SIZE : 1800A | C3: 압력 : 150#
A5: NO. | B5: 부품명 | C5: 재질 | D5: 수량 | E5: 규격 | F5: 단중 | G5: 업체 | H5: 단가 | I5: 소계 | J5: 가공비 | K5: 합계
A6: 1 | B6: BODY | C6: =원가!B4 -> WCB | D6: 1 | F6: 3000 | H6: =원가!C4 -> 2600 | I6: =D6*F6*H6 -> 7800000 | J6: 1200000 | K6: =I6+J6 -> 9000000
A7: 2 | B7: DISC | C7: =원가!B5 -> WCB | D7: 1 | F7: 1900 | H7: =원가!C5 -> 2600 | I7: =D7*F7*H7 -> 4940000 | J7: 600000 | K7: =I7+J7 -> 5540000
A8: 3 | B8: SEAT | C8: EPDM | D8: 1 | F8: 1 | I8: 220000 | K8: =I8+J8 -> 220000
A9: 4 | B9: STEM(上,下) | C9: =원가!B6 -> A276T316L | D9: 1 | F9: 600 | H9: 20000 | I9: =D9*F9*H9 -> 12000000 | J9: 220000 | K9: =I9+J9 -> 12220000
A10: 5 | B10: DISC RETAINER | C10: =원가!B7 -> 316L | D10: 1 | F10: 270 | H10: 20000 | I10: =D10*F10*H10 -> 5400000 | J10: 370000 | K10: =I10+J10 -> 5770000
B11: BODY RETAINER | C11: =원가!B8 -> 316L | D11: 1 | F11: 270 | H11: =원가!C8 -> 8500 | I11: =D11*F11*H11 -> 2295000 | J11: 350000 | K11: =I11+J11 -> 2645000
A12: 6 | B12: BUSH(上) | C12: =원가!B9 -> B148 | D12: 1 | F12: 17 | H12: =원가!C9 -> 12500 | I12: =D12*F12*H12 -> 212500 | J12: 25000 | K12: =I12+J12 -> 237500
B13: BUSH(下) | C13: =원가!B10 -> B148 | D13: 1 | F13: 17 | H13: =원가!C10 -> 12500 | I13: =D13*F13*H13 -> 212500 | J13: 25000 | K13: =I13+J13 -> 237500
A14: 7 | B14: PACKING RING | C14: EPDM | D14: 1 | F14: 1 | H14: 13300 | I14: =D14*F14*H14 -> 13300 | K14: =I14+J14 -> 13300
B15: PACKING BUSH | C15: C95800 | D15: 4 | F15: 1.5 | H15: 11200 | I15: =D15*F15*H15 -> 67200 | J15: 8000 | K15: =I15+J15 -> 75200
A16: 8 | B16: PACKING GLAND | C16: =원가!B11 -> WCB | D16: 1 | F16: 18 | H16: =원가!C11 -> 2600 | I16: =D16*F16*H16 -> 46800 | J16: 22000 | K16: =I16+J16 -> 68800
A17: 9 | B17: STAND BOLT/NUT | C17: B8M | D17: 4 | F17: 1 | H17: 9000 | I17: =D17*F17*H17 -> 36000 | K17: =I17+J17 -> 36000
A18: 10 | B18: BOTTOM COVER | C18: =원가!B12 -> WCB | D18: 1 | F18: 62 | H18: =원가!C12 -> 2600 | I18: =D18*F18*H18 -> 161200 | J18: 50000 | K18: =I18+J18 -> 211200
A19: 11 | B19: SPLIT COLLAR | C19: C95800 | D19: 1 | F19: 5.4 | H19: 12500 | I19: =D19*F19*H19 -> 67500 | J19: 15000 | K19: =I19+J19 -> 82500
A20: 12 | B20: DISC PIN | C20: 316L | D20: 3 | F20: 8.8 | H20: 7500 | I20: =D20*F20*H20 -> 198000 | J20: 17000 | K20: =I20+J20 -> 215000
A21: 13 | B21: DISC RETAINER BOLT | C21: B8M | D21: 40 | F21: 1 | H21: 3500 | I21: =D21*F21*H21 -> 140000 | K21: =I21+J21 -> 140000
A22: 14 | B22: BOTTOM COVER BOLT/WASHER | C22: B8M | D22: 8 | F22: 1 | H22: 9000 | I22: =D22*F22*H22 -> 72000 | K22: =I22+J22 -> 72000
A23: 15 | B23: TOP FLG COVER | C23: =원가!B13 -> WCB | D23: 1 | F23: 142 | H23: =원가!C13 -> 2600 | I23: =D23*F23*H23 -> 369200 | J23: 44000 | K23: =I23+J23 -> 413200
A24: 16 | B24: TOP COVER BOLT | C24: B8M | D24: 6 | F24: 1 | H24: 13000 | I24: =D24*F24*H24 -> 78000 | K24: =I24+J24 -> 78000
A25: 17 | B25: BOTTOM O-RING | C25: EPDM | D25: 1 | F25: 1 | H25: 1400 | I25: =D25*F25*H25 -> 1400 | J25: 1000 | K25: =I25+J25 -> 2400
A26: 18 | B26: GEAR BOX | C26: =원가!B17 -> 10 BAR | D26: 1 | F26: 580 | I26: 1101445 | J26: TMG | K26: =IF(C26="PIYAKE",L26,IF(C26="10 BAR",M26,IF(C26="20 BAR",N26))) -> 3508000 | M26: 3508000 | N26: 5200000
B27: GEAR BOX BOLT/WASHER | D27: 12 | F27: 1 | H27: 13000 | I27: =D27*F27*H27 -> 156000 | K27: =I27+J27 -> 156000
B28: CONTROL SHAFT | C28: 316L | D28: 1 | F28: 14.73 | H28: 7500 | I28: =D28*F28*H28 -> 110475 | J28: 45000
B29: BOLT COVER | C29: 316L | D29: 2 | F29: 6.5 | H29: 7500 | I29: =D29*F29*H29 -> 97500 | J29: 9000
B30: CONTROL SHAFT NUT | D30: 4
A31: 19 | B31: KEY & TAG | C31: SUS | D31: 1 | F31: 1 | I31: 8200 | J31: 4900 | K31: =I31+J31 -> 13100
A32: 20 | B32: 페인트 | D32: 1 | F32: 1 | I32: 250000 | K32: =I32+J32 -> 250000
A33: 21 | B33: 조립.검사 | D33: 1 | F33: 1 | I33: 200000 | K33: =I33+J33 -> 200000
A34: 22 | B34: 밸브합산 | K34: =SUM(K6:K33) -> 41404700
A35: 23 | B35: AUMA 감속기어
A36: 24 | B36: ACTUATOR | D36: 1
B37: ACTUATOR BOLT/WASHER | D37: 4 | F37: 1 | H37: 630 | I37: =D37*F37*H37 -> 2520
A38: 25 | B38: 포장비용 | D38: 1 | F38: 1 | K38: 1000000
A39: 26 | B39: RUBBER LINNING | D39: 1 | F39: 1
A40: 27 | B40: 밸브외 사급품 비용 연산 | I40: =SUM(K35:K39) -> 1000000 | J40: 1 | K40: =J40*I40 -> 1000000
A41: 28
A42: 29 | B42: FACTOR | E42: 1차견적가 | F42: =L43 -> 131840 | I42: =K34 -> 41404700 | J42: =원가!B15 -> 1 | K42: =J42*I42 -> 41404700 | L42: 1차견적가
A43: 30 | B43: 견적가격(TOTAL금액) | E43: 네고가능가 | F43: =K43 -> 42404700 | H43: 환율 | I43: =원가!B2 -> 1 | K43: =SUM(K40:K42)/I43 -> 42404700 | L43: 131840

Sheet 1900A
A1: 제수변 BFV 원가 分析表
A3: SIZE : 1900A | C3: 압력 : 150#
A5: NO. | B5: 부품명 | C5: 재질 | D5: 수량 | E5: 규격 | F5: 단중 | G5: 업체 | H5: 단가 | I5: 소계 | J5: 가공비 | K5: 합계
A6: 1 | B6: BODY | C6: =원가!B4 -> WCB | D6: 1 | F6: 3400 | H6: =원가!C4 -> 2600 | I6: =D6*F6*H6 -> 8840000 | J6: 1350000 | K6: =I6+J6 -> 10190000
A7: 2 | B7: DISC | C7: =원가!B5 -> WCB | D7: 1 | F7: 2100 | H7: =원가!C5 -> 2600 | I7: =D7*F7*H7 -> 5460000 | J7: 900000 | K7: =I7+J7 -> 6360000
A8: 3 | B8: SEAT | C8: EPDM | D8: 1 | F8: 1 | I8: 95000 | J8: 15000 | K8: =I8+J8 -> 110000
A9: 4 | B9: STEM(上,下) | C9: =원가!B6 -> A276T316L | D9: 1 | F9: 340 | H9: =원가!C6 -> 8500 | I9: =D9*F9*H9 -> 2890000 | J9: 300000 | K9: =I9+J9 -> 3190000
A10: 5 | B10: DISC RETAINER | C10: =원가!B7 -> 316L | D10: 1 | F10: 177.2 | H10: =원가!C7 -> 8500 | I10: =D10*F10*H10 -> 1506200 | J10: 381450 | K10: =I10+J10 -> 1887650
B11: BODY RETAINER | C11: =원가!B8 -> 316L | D11: 1 | F11: 177.2 | H11: =원가!C8 -> 8500 | I11: =D11*F11*H11 -> 1506200 | J11: 381450 | K11: =I11+J11 -> 1887650
A12: 6 | B12: BUSH(上) | C12: =원가!B9 -> B148 | D12: 1 | F12: 22 | H12: =원가!C9 -> 12500 | I12: =D12*F12*H12 -> 275000 | J12: 34000 | K12: =I12+J12 -> 309000
B13: BUSH(下) | C13: =원가!B10 -> B148 | D13: 1 | F13: 22 | H13: =원가!C10 -> 12500 | I13: =D13*F13*H13 -> 275000 | J13: 34000 | K13: =I13+J13 -> 309000
A14: 7 | B14: PACKING RING | C14: EPDM | D14: 5 | F14: 1 | H14: 1700 | I14: =D14*F14*H14 -> 8500 | K14: =I14+J14 -> 8500
B15: PACKING BUSH | C15: C95800 | D15: 4 | F15: 2.1 | H15: 11200 | I15: =D15*F15*H15 -> 94080 | J15: 8000 | K15: =I15+J15 -> 102080
A16: 8 | B16: PACKING GLAND | C16: =원가!B11 -> WCB | D16: 1 | F16: 16 | H16: =원가!C11 -> 2600 | I16: =D16*F16*H16 -> 41600 | J16: 22000 | K16: =I16+J16 -> 63600
A17: 9 | B17: STAND BOLT/NUT | C17: B8M | D17: 4 | F17: 1 | H17: 2400 | I17: =D17*F17*H17 -> 9600 | K17: =I17+J17 -> 9600
A18: 10 | B18: BOTTOM COVER | C18: =원가!B12 -> WCB | D18: 1 | F18: 64 | H18: =원가!C12 -> 2600 | I18: =D18*F18*H18 -> 166400 | J18: 50000 | K18: =I18+J18 -> 216400
A19: 11 | B19: SPLIT COLLAR | C19: C95800 | D19: 1 | F19: 6.3 | H19: 8000 | I19: =D19*F19*H19 -> 50400 | J19: 11000 | K19: =I19+J19 -> 61400
A20: 12 | B20: DISC BOLT/NUT | C20: 316L | D20: 4 | F20: 7 | H20: 7500 | I20: =D20*F20*H20 -> 210000 | J20: 17000 | K20: =I20+J20 -> 227000
A21: 13 | B21: DISC RETAINER BOLT | C21: B8M | D21: 40 | F21: 1 | H21: 360 | I21: =D21*F21*H21 -> 14400 | K21: =I21+J21 -> 14400
A22: 14 | B22: BOTTOM COVER BOLT/WASHER | C22: B8M | D22: 8 | F22: 1 | H22: 9000 | I22: =D22*F22*H22 -> 72000 | K22: =I22+J22 -> 72000
A23: 15 | B23: TOP FLG COVER | C23: =원가!B13 -> WCB | D23: 1 | F23: 145 | H23: =원가!C13 -> 2600 | I23: =D23*F23*H23 -> 377000 | J23: 44000 | K23: =I23+J23 -> 421000
A24: 16 | B24: TOP COVER BOLT | C24: B8M | D24: 6 | F24: 1 | H24: 13000 | I24: =D24*F24*H24 -> 78000 | K24: =I24+J24 -> 78000
A25: 17 | B25: BOTTOM O-RING | C25: EPDM | D25: 1 | F25: 1 | H25: 1400 | I25: =D25*F25*H25 -> 1400 | J25: 1000 | K25: =I25+J25 -> 2400
A26: 18 | B26: GEAR BOX | C26: =원가!B17 -> 10 BAR | D26: 1 | F26: 580 | J26: TMG | K26: =IF(C26="PIYAKE",L26,IF(C26="10 BAR",M26,IF(C26="20 BAR",N26))) -> 3508000 | M26: 3508000 | N26: 확인
B27: GEAR BOX BOLT/WASHER | D27: 12 | F27: 1 | H27: 13000 | I27: =D27*F27*H27 -> 156000 | K27: =I27+J27 -> 156000
B28: CONTROL SHAFT | C28: 316L | D28: 1 | F28: 16.92 | H28: 7500 | I28: =D28*F28*H28 -> 126900 | J28: 45000
B29: BOLT COVER | C29: 316L | D29: 2 | F29: 8.1 | H29: 7500 | I29: =D29*F29*H29 -> 121500 | J29: 9000
B30: CONTROL SHAFT NUT | D30: 4
A31: 19 | B31: KEY & TAG | C31: SUS | D31: 1 | F31: 1 | I31: 8200 | J31: 4900 | K31: =I31+J31 -> 13100
A32: 20 | B32: 페인트 | D32: 1 | F32: 1 | I32: 300000 | K32: =I32+J32 -> 300000
A33: 21 | B33: 조립.검사 | D33: 1 | F33: 1 | I33: 220000 | K33: =I33+J33 -> 220000
A34: 22 | B34: 밸브합산 | K34: =SUM(K6:K33) -> 29716780
A35: 23 | B35: AUMA 감속기어 | F35: GS400/GZ35-F48
A36: 24 | B36: ACTUATOR | D36: 1 | F36: SAM 14.5
B37: ACTUATOR BOLT/WASHER | D37: 4 | F37: 1 | H37: 630 | I37: =D37*F37*H37 -> 2520
A38: 25 | B38: 포장비용 | D38: 1 | F38: 1 | K38: 1200000
A39: 26 | B39: RUBBER LINNING | D39: 1 | F39: 1 | I39: 3300000
A40: 27 | B40: 밸브외 사급품 비용 연산 | I40: =SUM(K35:K39) -> 1200000 | J40: 1 | K40: =J40*I40 -> 1200000
A41: 28
A42: 29 | B42: FACTOR | E42: 1차견적가 | F42: =L43 -> 131840 | I42: =K34 -> 29716780 | J42: =원가!B15 -> 1 | K42: =J42*I42 -> 29716780 | L42: 1차견적가
A43: 30 | B43: 견적가격(TOTAL금액) | E43: 네고가능가 | F43: =K43 -> 30916780 | H43: 환율 | I43: =원가!B2 -> 1 | K43: =SUM(K40:K42)/I43 -> 30916780 | L43: 131840

Sheet 1950A
A1: 제수변 BFV 원가 分析表
A3: SIZE : 1950A | C3: 압력 : 150#
A5: NO. | B5: 부품명 | C5: 재질 | D5: 수량 | E5: 규격 | F5: 단중 | G5: 업체 | H5: 단가 | I5: 소계 | J5: 가공비 | K5: 합계
A6: 1 | B6: BODY | C6: =원가!B4 -> WCB | D6: 1 | F6: 3480 | H6: =원가!C4 -> 2600 | I6: =D6*F6*H6 -> 9048000 | J6: 1400000 | K6: =I6+J6 -> 10448000
A7: 2 | B7: DISC | C7: =원가!B5 -> WCB | D7: 1 | F7: 2240 | H7: =원가!C5 -> 2600 | I7: =D7*F7*H7 -> 5824000 | J7: 900000 | K7: =I7+J7 -> 6724000
A8: 3 | B8: SEAT | C8: EPDM | D8: 1 | F8: 3 | I8: 95000 | J8: 15000 | K8: =I8+J8 -> 110000
A9: 4 | B9: STEM(上,下) | C9: =원가!B6 -> A276T316L | D9: 1 | F9: 311.6 | H9: =원가!C6 -> 8500 | I9: =D9*F9*H9 -> 2648600 | J9: 300000 | K9: =I9+J9 -> 2948600
A10: 5 | B10: DISC RETAINER | C10: =원가!B7 -> 316L | D10: 1 | F10: 184.7 | H10: =원가!C7 -> 8500 | I10: =D10*F10*H10 -> 1569950 | J10: 381450 | K10: =I10+J10 -> 1951400
B11: BODY RETAINER | C11: =원가!B8 -> 316L | D11: 1 | F11: 184.7 | H11: =원가!C8 -> 8500 | I11: =D11*F11*H11 -> 1569950 | J11: 381450 | K11: =I11+J11 -> 1951400
A12: 6 | B12: BUSH(上) | C12: =원가!B9 -> B148 | D12: 1 | F12: 25 | H12: =원가!C9 -> 12500 | I12: =D12*F12*H12 -> 312500 | J12: 34000 | K12: =I12+J12 -> 346500
B13: BUSH(下) | C13: =원가!B10 -> B148 | D13: 1 | F13: 25 | H13: =원가!C10 -> 12500 | I13: =D13*F13*H13 -> 312500 | J13: 34000 | K13: =I13+J13 -> 346500
A14: 7 | B14: PACKING RING | C14: EPDM | D14: 5 | F14: 1 | H14: 1700 | I14: =D14*F14*H14 -> 8500 | K14: =I14+J14 -> 8500
B15: PACKING BUSH | C15: C95800 | D15: 4 | F15: 2.7 | H15: 11200 | I15: =D15*F15*H15 -> 120960 | J15: 8000 | K15: =I15+J15 -> 128960
A16: 8 | B16: PACKING GLAND | C16: =원가!B11 -> WCB | D16: 1 | F16: 16.5 | H16: =원가!C11 -> 2600 | I16: =D16*F16*H16 -> 42900 | J16: 22000 | K16: =I16+J16 -> 64900
A17: 9 | B17: STAND BOLT/NUT | C17: B8M | D17: 4 | F17: 1 | H17: 2400 | I17: =D17*F17*H17 -> 9600 | K17: =I17+J17 -> 9600
A18: 10 | B18: BOTTOM COVER | C18: =원가!B12 -> WCB | D18: 1 | F18: 66 | H18: =원가!C12 -> 2600 | I18: =D18*F18*H18 -> 171600 | J18: 50000 | K18: =I18+J18 -> 221600
A19: 11 | B19: SPLIT COLLAR | C19: C95800 | D19: 1 | F19: 7.2 | H19: 8000 | I19: =D19*F19*H19 -> 57600 | J19: 11000 | K19: =I19+J19 -> 68600
A20: 12 | B20: DISC BOLT/NUT | C20: 316L | D20: 3 | F20: 4.6 | H20: 7500 | I20: =D20*F20*H20 -> 103500 | J20: 17000 | K20: =I20+J20 -> 120500
A21: 13 | B21: DISC RETAINER BOLT | C21: B8M | D21: 40 | F21: 1 | H21: 360 | I21: =D21*F21*H21 -> 14400 | K21: =I21+J21 -> 14400
A22: 14 | B22: BOTTOM COVER BOLT/WASHER | C22: B8M | D22: 8 | F22: 1 | H22: 9500 | I22: =D22*F22*H22 -> 76000 | K22: =I22+J22 -> 76000
A23: 15 | B23: TOP FLG COVER | C23: =원가!B13 -> WCB | D23: 1 | F23: 150 | H23: =원가!C13 -> 2600 | I23: =D23*F23*H23 -> 390000 | J23: 50000 | K23: =I23+J23 -> 440000
A24: 16 | B24: TOP COVER BOLT | C24: B8M | D24: 6 | F24: 1 | H24: 15000 | I24: =D24*F24*H24 -> 90000 | K24: =I24+J24 -> 90000
A25: 17 | B25: BOTTOM O-RING | C25: EPDM | D25: 1 | F25: 1 | H25: 1400 | I25: =D25*F25*H25 -> 1400 | J25: 1000 | K25: =I25+J25 -> 2400
A26: 18 | B26: GEAR BOX | C26: =원가!B17 -> 10 BAR | D26: 1 | F26: 580 | J26: TMG | K26: =IF(C26="PIYAKE",L26,IF(C26="10 BAR",M26,IF(C26="20 BAR",N26))) -> 3508000 | M26: 3508000 | N26: 확인
B27: GEAR BOX BOLT/WASHER | D27: 12 | F27: 1 | H27: 13000 | I27: =D27*F27*H27 -> 156000 | K27: =I27+J27 -> 156000
B28: CONTROL SHAFT | C28: 316L | D28: 1 | F28: 19.11 | H28: 7500 | I28: =D28*F28*H28 -> 143325 | J28: 45000
B29: BOLT COVER | C29: 316L | D29: 2 | F29: 9.7 | H29: 7500 | I29: =D29*F29*H29 -> 145500 | J29: 9000
B30: CONTROL SHAFT NUT | D30: 4
A31: 19 | B31: KEY & TAG | C31: SUS | D31: 1 | F31: 1 | I31: 8200 | J31: 4900 | K31: =I31+J31 -> 13100
A32: 20 | B32: 페인트 | D32: 1 | F32: 1 | I32: 350000 | K32: =I32+J32 -> 350000
A33: 21 | B33: 조립.검사 | D33: 1 | F33: 1 | I33: 250000 | K33: =I33+J33 -> 250000
A34: 22 | B34: 밸브합산 | K34: =SUM(K6:K33) -> 30348960
A35: 23 | B35: AUMA 감속기어 | F35: GS400/GZ35-F48
A36: 24 | B36: ACTUATOR | D36: 1 | F36: SAM 14.5
B37: ACTUATOR BOLT/WASHER | D37: 4 | F37: 1 | H37: 630 | I37: =D37*F37*H37 -> 2520
A38: 25 | B38: 포장비용 | D38: 1 | F38: 1 | K38: 1200000
A39: 26 | B39: RUBBER LINNING | D39: 1 | F39: 1
A40: 27 | B40: 밸브외 사급품 비용 연산 | I40: =SUM(K35:K39) -> 1200000 | J40: 1 | K40: =J40*I40 -> 1200000
A41: 28
A42: 29 | B42: FACTOR | E42: 1차견적가 | F42: =L43 -> 131840 | I42: =K34 -> 30348960 | J42: =원가!B15 -> 1 | K42: =J42*I42 -> 30348960 | L42: 1차견적가
A43: 30 | B43: 견적가격(TOTAL금액) | E43: 네고가능가 | F43: =K43 -> 31548960 | H43: 환율 | I43: =원가!B2 -> 1 | K43: =SUM(K40:K42)/I43 -> 31548960 | L43: 131840

Sheet 2000A
A1: 제수변 BFV 원가 分析表
A3: SIZE : 2000A | C3: 압력 : 150#
A5: NO. | B5: 부품명 | C5: 재질 | D5: 수량 | E5: 규격 | F5: 단중 | G5: 업체 | H5: 단가 | I5: 소계 | J5: 가공비 | K5: 합계
A6: 1 | B6: BODY | C6: =원가!B4 -> WCB | D6: 1 | F6: 3538 | H6: =원가!C4 -> 2600 | I6: =D6*F6*H6 -> 9198800 | J6: 1800000 | K6: =I6+J6 -> 10998800
A7: 2 | B7: DISC | C7: =원가!B5 -> WCB | D7: 1 | F7: 2480 | H7: =원가!C5 -> 2600 | I7: =D7*F7*H7 -> 6448000 | J7: 900000 | K7: =I7+J7 -> 7348000
A8: 3 | B8: SEAT | C8: EPDM | D8: 1 | F8: 1 | I8: 110000 | J8: 15000 | K8: =I8+J8 -> 125000
A9: 4 | B9: STEM(上,下) | C9: =원가!B6 -> A276T316L | D9: 1 | F9: 479 | H9: =원가!C6 -> 8500 | I9: =D9*F9*H9 -> 4071500 | J9: 300000 | K9: =I9+J9 -> 4371500
A10: 5 | B10: DISC RETAINER | C10: =원가!B7 -> 316L | D10: 1 | F10: 187 | H10: =원가!C7 -> 8500 | I10: =D10*F10*H10 -> 1589500 | J10: 381450 | K10: =I10+J10 -> 1970950
B11: BODY RETAINER | C11: =원가!B8 -> 316L | D11: 1 | F11: 119.5 | H11: =원가!C8 -> 8500 | I11: =D11*F11*H11 -> 1015750 | J11: 381450 | K11: =I11+J11 -> 1397200
A12: 6 | B12: BUSH(上) | C12: =원가!B9 -> B148 | D12: 1 | F12: 22 | H12: =원가!C9 -> 12500 | I12: =D12*F12*H12 -> 275000 | J12: 34000 | K12: =I12+J12 -> 309000
B13: BUSH(下) | C13: =원가!B10 -> B148 | D13: 1 | F13: 22 | H13: =원가!C10 -> 12500 | I13: =D13*F13*H13 -> 275000 | J13: 34000 | K13: =I13+J13 -> 309000
A14: 7 | B14: PACKING RING | C14: EPDM | D14: 5 | F14: 1 | H14: 1700 | I14: =D14*F14*H14 -> 8500 | K14: =I14+J14 -> 8500
B15: PACKING BUSH | C15: C95800 | D15: 4 | F15: 3.29 | H15: 11200 | I15: =D15*F15*H15 -> 147392 | J15: 8000 | K15: =I15+J15 -> 155392
A16: 8 | B16: PACKING GLAND | C16: =원가!B11 -> WCB | D16: 1 | F16: 17 | H16: =원가!C11 -> 2600 | I16: =D16*F16*H16 -> 44200 | J16: 22000 | K16: =I16+J16 -> 66200
A17: 9 | B17: STAND BOLT/NUT | C17: B8M | D17: 4 | F17: 1 | H17: 2400 | I17: =D17*F17*H17 -> 9600 | K17: =I17+J17 -> 9600
A18: 10 | B18: BOTTOM COVER | C18: =원가!B12 -> WCB | D18: 1 | F18: 68 | H18: =원가!C12 -> 2600 | I18: =D18*F18*H18 -> 176800 | J18: 50000 | K18: =I18+J18 -> 226800
A19: 11 | B19: SPLIT COLLAR | C19: C95800 | D19: 1 | F19: 8.2 | H19: 8000 | I19: =D19*F19*H19 -> 65600 | J19: 11000 | K19: =I19+J19 -> 76600
A20: 12 | B20: DISC BOLT/NUT | C20: 316L | D20: 3 | F20: 4.72 | H20: 7500 | I20: =D20*F20*H20 -> 106200 | J20: 17000 | K20: =I20+J20 -> 123200
A21: 13 | B21: DISC RETAINER BOLT | C21: B8M | D21: 40 | F21: 1 | H21: 360 | I21: =D21*F21*H21 -> 14400 | K21: =I21+J21 -> 14400
A22: 14 | B22: BOTTOM COVER BOLT/WASHER | C22: B8M | D22: 8 | F22: 1 | H22: 10000 | I22: =D22*F22*H22 -> 80000 | K22: =I22+J22 -> 80000
A23: 15 | B23: TOP FLG COVER | C23: =원가!B13 -> WCB | D23: 1 | F23: 160 | H23: =원가!C13 -> 2600 | I23: =D23*F23*H23 -> 416000 | J23: 50000 | K23: =I23+J23 -> 466000
A24: 16 | B24: TOP COVER BOLT | C24: B8M | D24: 6 | F24: 1 | H24: 15000 | I24: =D24*F24*H24 -> 90000 | K24: =I24+J24 -> 90000
A25: 17 | B25: BOTTOM O-RING | C25: EPDM | D25: 1 | F25: 1 | H25: 1400 | I25: =D25*F25*H25 -> 1400 | J25: 1000 | K25: =I25+J25 -> 2400
A26: 18 | B26: GEAR BOX | C26: =원가!B17 -> 10 BAR | D26: 1 | F26: 580 | J26: TMG | K26: =IF(C26="PIYAKE",L26,IF(C26="10 BAR",M26,IF(C26="20 BAR",N26))) -> 3508000 | M26: 3508000 | N26: 확인
B27: GEAR BOX BOLT/WASHER | D27: 12 | F27: 1 | H27: 13000 | I27: =D27*F27*H27 -> 156000 | K27: =I27+J27 -> 156000
B28: CONTROL SHAFT | C28: 316L | D28: 1 | F28: 21.31 | H28: 7500 | I28: =D28*F28*H28 -> 159825 | J28: 45000
B29: BOLT COVER | C29: 316L | D29: 2 | F29: 11.5 | H29: 7500 | I29: =D29*F29*H29 -> 172500 | J29: 9000
B30: CONTROL SHAFT NUT | D30: 4
A31: 19 | B31: KEY & TAG | C31: SUS | D31: 1 | F31: 1 | I31: 8200 | J31: 4900 | K31: =I31+J31 -> 13100
A32: 20 | B32: 페인트 | D32: 1 | F32: 1 | I32: 400000 | K32: =I32+J32 -> 400000
A33: 21 | B33: 조립.검사 | D33: 1 | F33: 1 | I33: 300000 | K33: =I33+J33 -> 300000
A34: 22 | B34: 밸브합산 | K34: =SUM(K6:K33) -> 32525642
A35: 23 | B35: AUMA 감속기어 | F35: GS400/GZ35-F48
A36: 24 | B36: ACTUATOR | D36: 1 | F36: SAM 14.5
B37: ACTUATOR BOLT/WASHER | D37: 4 | F37: 1 | H37: 630 | I37: =D37*F37*H37 -> 2520
A38: 25 | B38: 포장비용 | D38: 1 | F38: 1 | K38: 1500000
A39: 26 | B39: RUBBER LINNING | D39: 1 | F39: 1 | I39: 3700000
A40: 27 | B40: 밸브외 사급품 비용 연산 | I40: =SUM(K35:K39) -> 1500000 | J40: 1 | K40: =J40*I40 -> 1500000
A41: 28
A42: 29 | B42: FACTOR | E42: 1차견적가 | F42: =L43 -> 131840 | I42: =K34 -> 32525642 | J42: =원가!B15 -> 1 | K42: =J42*I42 -> 32525642 | L42: 1차견적가
A43: 30 | B43: 견적가격(TOTAL금액) | E43: 네고가능가 | F43: =K43 -> 34025642 | H43: 환율 | I43: =원가!B2 -> 1 | K43: =SUM(K40:K42)/I43 -> 34025642 | L43: 131840

Sheet 2100A
A1: 제수변 BFV 원가 分析表
A3: SIZE : 2100A | C3: 압력 : 150#
A5: NO. | B5: 부품명 | C5: 재질 | D5: 수량 | E5: 규격 | F5: 단중 | G5: 업체 | H5: 단가 | I5: 소계 | J5: 가공비 | K5: 합계
A6: 1 | B6: BODY | C6: =원가!B4 -> WCB | D6: 1 | F6: 3566 | H6: =원가!C4 -> 2600 | I6: =D6*F6*H6 -> 9271600 | J6: 1800000 | K6: =I6+J6 -> 11071600
A7: 2 | B7: DISC | C7: =원가!B5 -> WCB | D7: 1 | F7: 2860 | H7: =원가!C5 -> 2600 | I7: =D7*F7*H7 -> 7436000 | J7: 900000 | K7: =I7+J7 -> 8336000
A8: 3 | B8: SEAT | C8: EPDM | D8: 1 | F8: 1 | I8: 110000 | J8: 15000 | K8: =I8+J8 -> 125000
A9: 4 | B9: STEM(上,下) | C9: =원가!B6 -> A276T316L | D9: 1 | F9: 550 | H9: =원가!C6 -> 8500 | I9: =D9*F9*H9 -> 4675000 | J9: 300000 | K9: =I9+J9 -> 4975000
A10: 5 | B10: DISC RETAINER | C10: =원가!B7 -> 316L | D10: 1 | F10: 169.7 | H10: =원가!C7 -> 8500 | I10: =D10*F10*H10 -> 1442450 | J10: 381450 | K10: =I10+J10 -> 1823900
B11: BODY RETAINER | C11: =원가!B8 -> 316L | D11: 1 | H11: =원가!C8 -> 8500 | I11: =D11*F11*H11 -> 0 | J11: 381450 | K11: =I11+J11 -> 381450
A12: 6 | B12: BUSH(上) | C12: =원가!B9 -> B148 | D12: 1 | F12: 29 | H12: =원가!C9 -> 12500 | I12: =D12*F12*H12 -> 362500 | J12: 34000 | K12: =I12+J12 -> 396500
B13: BUSH(下) | C13: =원가!B10 -> B148 | D13: 1 | F13: 29 | H13: =원가!C10 -> 12500 | I13: =D13*F13*H13 -> 362500 | J13: 34000 | K13: =I13+J13 -> 396500
A14: 7 | B14: PACKING RING | C14: EPDM | D14: 5 | F14: 1 | H14: 1700 | I14: =D14*F14*H14 -> 8500 | K14: =I14+J14 -> 8500
B15: PACKING BUSH | C15: C95800 | D15: 4 | F15: 3.29 | H15: 11200 | I15: =D15*F15*H15 -> 147392 | J15: 8000 | K15: =I15+J15 -> 155392
A16: 8 | B16: PACKING GLAND | C16: =원가!B11 -> WCB | D16: 1 | F16: 19.8 | H16: =원가!C11 -> 2600 | I16: =D16*F16*H16 -> 51480 | J16: 22000 | K16: =I16+J16 -> 73480
A17: 9 | B17: STAND BOLT/NUT | C17: B8M | D17: 4 | F17: 1 | H17: 2400 | I17: =D17*F17*H17 -> 9600 | K17: =I17+J17 -> 9600
A18: 10 | B18: BOTTOM COVER | C18: =원가!B12 -> WCB | D18: 1 | F18: 68 | H18: =원가!C12 -> 2600 | I18: =D18*F18*H18 -> 176800 | J18: 50000 | K18: =I18+J18 -> 226800
A19: 11 | B19: SPLIT COLLAR | C19: C95800 | D19: 1 | F19: 8.2 | H19: 8000 | I19: =D19*F19*H19 -> 65600 | J19: 11000 | K19: =I19+J19 -> 76600
A20: 12 | B20: DISC BOLT/NUT | C20: 316L | D20: 3 | F20: 4.72 | H20: 7500 | I20: =D20*F20*H20 -> 106200 | J20: 17000 | K20: =I20+J20 -> 123200
A21: 13 | B21: DISC RETAINER BOLT | C21: B8M | D21: 40 | F21: 1 | H21: 360 | I21: =D21*F21*H21 -> 14400 | K21: =I21+J21 -> 14400
A22: 14 | B22: BOTTOM COVER BOLT/WASHER | C22: B8M | D22: 8 | F22: 1 | H22: 10000 | I22: =D22*F22*H22 -> 80000 | K22: =I22+J22 -> 80000
A23: 15 | B23: TOP FLG COVER | C23: =원가!B13 -> WCB | D23: 1 | F23: 165 | H23: =원가!C13 -> 2600 | I23: =D23*F23*H23 -> 429000 | J23: 50000 | K23: =I23+J23 -> 479000
A24: 16 | B24: TOP COVER BOLT | C24: B8M | D24: 6 | F24: 1 | H24: 15000 | I24: =D24*F24*H24 -> 90000 | K24: =I24+J24 -> 90000
A25: 17 | B25: BOTTOM O-RING | C25: EPDM | D25: 1 | F25: 1 | H25: 1400 | I25: =D25*F25*H25 -> 1400 | J25: 1000 | K25: =I25+J25 -> 2400
A26: 18 | B26: GEAR BOX | C26: =원가!B17 -> 10 BAR | D26: 1 | F26: 580 | J26: TMG | K26: =IF(C26="PIYAKE",L26,IF(C26="10 BAR",M26,IF(C26="20 BAR",N26))) -> 5200000 | L26: 1700000 | M26: 5200000 | N26: 확인
B27: GEAR BOX BOLT/WASHER | D27: 12 | F27: 1 | H27: 13000 | I27: =D27*F27*H27 -> 156000 | K27: =I27+J27 -> 156000
B28: CONTROL SHAFT | C28: 316L | D28: 1 | F28: 21.3 | H28: 7500 | I28: =D28*F28*H28 -> 159750 | J28: 45000
B29: BOLT COVER | C29: 316L | D29: 2 | F29: 11.5 | H29: 7500 | I29: =D29*F29*H29 -> 172500 | J29: 9000
B30: CONTROL SHAFT NUT | D30: 4
A31: 19 | B31: KEY & TAG | C31: SUS | D31: 1 | F31: 1 | I31: 8200 | J31: 4900 | K31: =I31+J31 -> 13100
A32: 20 | B32: 페인트 | D32: 1 | F32: 1 | I32: 400000 | K32: =I32+J32 -> 400000
A33: 21 | B33: 조립.검사 | D33: 1 | F33: 1 | I33: 300000 | K33: =I33+J33 -> 300000
A34: 22 | B34: 밸브합산 | K34: =SUM(K6:K33) -> 34914422
A35: 23 | B35: AUMA 감속기어 | F35: GS400/GZ35-F48
A36: 24 | B36: ACTUATOR | D36: 1 | F36: SAM 14.5
B37: ACTUATOR BOLT/WASHER | D37: 4 | F37: 1 | H37: 630 | I37: =D37*F37*H37 -> 2520
A38: 25 | B38: 포장비용 | D38: 1 | F38: 1 | K38: 1500000
A39: 26 | B39: RUBBER LINNING | D39: 1 | F39: 1
A40: 27 | B40: 밸브외 사급품 비용 연산 | I40: =SUM(K35:K39) -> 1500000 | J40: 1 | K40: =J40*I40 -> 1500000
A41: 28
A42: 29 | B42: FACTOR | E42: 1차견적가 | F42: =L43 -> 131840 | I42: =K34 -> 34914422 | J42: =원가!B15 -> 1 | K42: =J42*I42 -> 34914422 | L42: 1차견적가
A43: 30 | B43: 견적가격(TOTAL금액) | E43: 네고가능가 | F43: =K43 -> 36414422 | H43: 환율 | I43: =원가!B2 -> 1 | K43: =SUM(K40:K42)/I43 -> 36414422 | L43: 131840

Sheet 2250A
A1: 제수변 BFV 원가 分析表
A3: SIZE : 2250A | C3: 압력 : 150#
A5: NO. | B5: 부품명 | C5: 재질 | D5: 수량 | E5: 규격 | F5: 단중 | G5: 업체 | H5: 단가 | I5: 소계 | J5: 가공비 | K5: 합계
A6: 1 | B6: BODY | C6: =원가!B4 -> WCB | D6: 1 | F6: 4381 | H6: =원가!C4 -> 2600 | I6: =D6*F6*H6 -> 11390600 | J6: 2100000 | K6: =I6+J6 -> 13490600
A7: 2 | B7: DISC | C7: =원가!B5 -> WCB | D7: 1 | F7: 2818 | H7: =원가!C5 -> 2600 | I7: =D7*F7*H7 -> 7326800 | J7: 1000000 | K7: =I7+J7 -> 8326800
A8: 3 | B8: SEAT | C8: EPDM | D8: 1 | F8: 1 | I8: 140000 | J8: 15000 | K8: =I8+J8 -> 155000
A9: 4 | B9: STEM(上,下) | C9: =원가!B6 -> A276T316L | D9: 1 | F9: 650 | H9: =원가!C6 -> 8500 | I9: =D9*F9*H9 -> 5525000 | J9: 300000 | K9: =I9+J9 -> 5825000
A10: 5 | B10: DISC RETAINER | C10: =원가!B7 -> 316L | D10: 1 | F10: 226.6 | H10: =원가!C7 -> 8500 | I10: =D10*F10*H10 -> 1926100 | J10: 560000 | K10: =I10+J10 -> 2486100
B11: BODY RETAINER | C11: =원가!B8 -> 316L | D11: 1 | H11: =원가!C8 -> 8500 | I11: =D11*F11*H11 -> 0 | J11: 560000 | K11: =I11+J11 -> 560000
A12: 6 | B12: BUSH(上) | C12: =원가!B9 -> B148 | D12: 1 | F12: 29 | H12: =원가!C9 -> 12500 | I12: =D12*F12*H12 -> 362500 | J12: 40000 | K12: =I12+J12 -> 402500
B13: BUSH(下) | C13: =원가!B10 -> B148 | D13: 1 | F13: 29 | H13: =원가!C10 -> 12500 | I13: =D13*F13*H13 -> 362500 | J13: 40000 | K13: =I13+J13 -> 402500
A14: 7 | B14: PACKING RING | C14: EPDM | D14: 5 | F14: 1 | H14: 1700 | I14: =D14*F14*H14 -> 8500 | K14: =I14+J14 -> 8500
B15: PACKING BUSH | C15: C95800 | D15: 4 | F15: 3.29 | H15: 11200 | I15: =D15*F15*H15 -> 147392 | J15: 8000 | K15: =I15+J15 -> 155392
A16: 8 | B16: PACKING GLAND | C16: =원가!B11 -> WCB | D16: 1 | F16: 22.6 | H16: =원가!C11 -> 2600 | I16: =D16*F16*H16 -> 58760 | J16: 30000 | K16: =I16+J16 -> 88760
A17: 9 | B17: STAND BOLT/NUT | C17: B8M | D17: 4 | F17: 1 | H17: 2400 | I17: =D17*F17*H17 -> 9600 | K17: =I17+J17 -> 9600
A18: 10 | B18: BOTTOM COVER | C18: =원가!B12 -> WCB | D18: 1 | F18: 68 | H18: =원가!C12 -> 2600 | I18: =D18*F18*H18 -> 176800 | J18: 50000 | K18: =I18+J18 -> 226800
A19: 11 | B19: SPLIT COLLAR | C19: C95800 | D19: 1 | F19: 8.2 | H19: 8000 | I19: =D19*F19*H19 -> 65600 | J19: 11000 | K19: =I19+J19 -> 76600
A20: 12 | B20: DISC BOLT/NUT | C20: 316L | D20: 3 | F20: 4.72 | H20: 7500 | I20: =D20*F20*H20 -> 106200 | J20: 5500 | K20: =I20+J20 -> 111700
A21: 13 | B21: DISC RETAINER BOLT | C21: B8M | D21: 40 | F21: 1 | H21: 360 | I21: =D21*F21*H21 -> 14400 | K21: =I21+J21 -> 14400
A22: 14 | B22: BOTTOM COVER BOLT/WASHER | C22: B8M | D22: 8 | F22: 1 | H22: 13000 | I22: =D22*F22*H22 -> 104000 | K22: =I22+J22 -> 104000
A23: 15 | B23: TOP FLG COVER | C23: =원가!B13 -> WCB | D23: 1 | F23: 165 | H23: =원가!C13 -> 2600 | I23: =D23*F23*H23 -> 429000 | J23: 50000 | K23: =I23+J23 -> 479000
A24: 16 | B24: TOP COVER BOLT | C24: B8M | D24: 6 | F24: 1 | H24: 16000 | I24: =D24*F24*H24 -> 96000 | K24: =I24+J24 -> 96000
A25: 17 | B25: BOTTOM O-RING | C25: EPDM | D25: 1 | F25: 1 | H25: 1400 | I25: =D25*F25*H25 -> 1400 | J25: 2000 | K25: =I25+J25 -> 3400
A26: 18 | B26: GEAR BOX | C26: =원가!B17 -> 10 BAR | D26: 1 | J26: TMG | K26: =IF(C26="PIYAKE",L26,IF(C26="10 BAR",M26,IF(C26="20 BAR",N26))) -> 5200000 | M26: 5200000 | N26: 확인
B27: GEAR BOX BOLT/WASHER | D27: 12 | F27: 1 | H27: 13000 | I27: =D27*F27*H27 -> 156000 | K27: =I27+J27 -> 156000
B28: CONTROL SHAFT | C28: 316L | D28: 1 | F28: 21.3 | H28: 7500 | I28: =D28*F28*H28 -> 159750 | J28: 45000
B29: BOLT COVER | C29: 316L | D29: 2 | F29: 11.5 | H29: 7500 | I29: =D29*F29*H29 -> 172500 | J29: 9000
B30: CONTROL SHAFT NUT | D30: 4
A31: 19 | B31: KEY & TAG | C31: SUS | D31: 1 | F31: 1 | I31: 8200 | J31: 4900 | K31: =I31+J31 -> 13100
A32: 20 | B32: 페인트 | D32: 1 | F32: 1 | I32: 450000 | K32: =I32+J32 -> 450000
A33: 21 | B33: 조립.검사 | D33: 1 | F33: 1 | I33: 350000 | K33: =I33+J33 -> 350000
A34: 22 | B34: 밸브합산 | K34: =SUM(K6:K33) -> 39191752
A35: 23 | B35: AUMA 감속기어 | F35: GS400/GZ35-F48
A36: 24 | B36: ACTUATOR | D36: 1 | F36: SAM 14.5
B37: ACTUATOR BOLT/WASHER | D37: 4 | F37: 1 | H37: 630 | I37: =D37*F37*H37 -> 2520
A38: 25 | B38: 포장비용 | D38: 1 | F38: 1 | K38: 1600000
A39: 26 | B39: RUBBER LINNING | D39: 1 | F39: 1
A40: 27 | B40: 밸브외 사급품 비용 연산 | I40: =SUM(K35:K39) -> 1600000 | J40: 1 | K40: =J40*I40 -> 1600000
A41: 28
A42: 29 | B42: FACTOR | E42: 1차견적가 | F42: =L43 -> 0 | I42: =K34 -> 39191752 | J42: =원가!B15 -> 1 | K42: =J42*I42 -> 39191752 | L42: 1차견적가
A43: 30 | B43: 견적가격(TOTAL금액) | E43: 네고가능가 | F43: =K43 -> 40791752 | H43: 환율 | I43: =원가!B2 -> 1 | K43: =SUM(K40:K42)/I43 -> 40791752

Sheet 2400A
A1: 제수변 BFV 원가 分析表
A3: SIZE : 2400A | C3: 압력 : 150#
A5: NO. | B5: 부품명 | C5: 재질 | D5: 수량 | E5: 규격 | F5: 단중 | G5: 업체 | H5: 단가 | I5: 소계 | J5: 가공비 | K5: 합계
A6: 1 | B6: BODY | C6: =원가!B4 -> WCB | D6: 1 | F6: 5680 | H6: =원가!C4 -> 2600 | I6: =D6*F6*H6 -> 14768000 | J6: 2300000 | K6: =I6+J6 -> 17068000
A7: 2 | B7: DISC | C7: =원가!B5 -> WCB | D7: 1 | F7: 3622 | H7: =원가!C5 -> 2600 | I7: =D7*F7*H7 -> 9417200 | J7: 1180000 | K7: =I7+J7 -> 10597200
A8: 3 | B8: SEAT | C8: EPDM | D8: 1 | F8: 1 | I8: 140000 | J8: 15000 | K8: =I8+J8 -> 155000
A9: 4 | B9: STEM(上,下) | C9: =원가!B6 -> A276T316L | D9: 1 | F9: 650 | H9: =원가!C6 -> 8500 | I9: =D9*F9*H9 -> 5525000 | J9: 400000 | K9: =I9+J9 -> 5925000
A10: 5 | B10: DISC RETAINER | C10: =원가!B7 -> 316L | D10: 1 | F10: 244 | H10: =원가!C7 -> 8500 | I10: =D10*F10*H10 -> 2074000 | J10: 560000 | K10: =I10+J10 -> 2634000
B11: BODY RETAINER | C11: =원가!B8 -> 316L | D11: 1 | F11: 244 | H11: =원가!C8 -> 8500 | I11: =D11*F11*H11 -> 2074000 | J11: 560000 | K11: =I11+J11 -> 2634000
A12: 6 | B12: BUSH(上) | C12: =원가!B9 -> B148 | D12: 1 | F12: 29 | H12: =원가!C9 -> 12500 | I12: =D12*F12*H12 -> 362500 | J12: 40000 | K12: =I12+J12 -> 402500
B13: BUSH(下) | C13: =원가!B10 -> B148 | D13: 1 | F13: 29 | H13: =원가!C10 -> 12500 | I13: =D13*F13*H13 -> 362500 | J13: 40000 | K13: =I13+J13 -> 402500
A14: 7 | B14: PACKING RING | C14: EPDM | D14: 5 | F14: 1 | H14: 1700 | I14: =D14*F14*H14 -> 8500 | K14: =I14+J14 -> 8500
B15: PACKING BUSH | C15: C95800 | D15: 4 | F15: 3.29 | H15: 11200 | I15: =D15*F15*H15 -> 147392 | J15: 8000 | K15: =I15+J15 -> 155392
A16: 8 | B16: PACKING GLAND | C16: =원가!B11 -> WCB | D16: 1 | F16: 26.5 | H16: =원가!C11 -> 2600 | I16: =D16*F16*H16 -> 68900 | J16: 30000 | K16: =I16+J16 -> 98900
A17: 9 | B17: STAND BOLT/NUT | C17: B8M | D17: 4 | F17: 1 | H17: 2400 | I17: =D17*F17*H17 -> 9600 | K17: =I17+J17 -> 9600
A18: 10 | B18: BOTTOM COVER | C18: =원가!B12 -> WCB | D18: 1 | F18: 74 | H18: =원가!C12 -> 2600 | I18: =D18*F18*H18 -> 192400 | J18: 50000 | K18: =I18+J18 -> 242400
A19: 11 | B19: SPLIT COLLAR | C19: C95800 | D19: 1 | F19: 8.2 | H19: 8000 | I19: =D19*F19*H19 -> 65600 | J19: 11000 | K19: =I19+J19 -> 76600
A20: 12 | B20: DISC BOLT/NUT | C20: 316L | D20: 3 | F20: 4.89 | H20: 7500 | I20: =D20*F20*H20 -> 110025 | J20: 5500 | K20: =I20+J20 -> 115525
A21: 13 | B21: DISC RETAINER BOLT | C21: B8M | D21: 40 | F21: 1 | H21: 360 | I21: =D21*F21*H21 -> 14400 | K21: =I21+J21 -> 14400
A22: 14 | B22: BOTTOM COVER BOLT/WASHER | C22: B8M | D22: 8 | F22: 1 | H22: 14000 | I22: =D22*F22*H22 -> 112000 | K22: =I22+J22 -> 112000
A23: 15 | B23: TOP FLG COVER | C23: =원가!B13 -> WCB | D23: 1 | F23: 170 | H23: =원가!C13 -> 2600 | I23: =D23*F23*H23 -> 442000 | J23: 50000 | K23: =I23+J23 -> 492000
A24: 16 | B24: TOP COVER BOLT | C24: B8M | D24: 6 | F24: 1 | H24: 16000 | I24: =D24*F24*H24 -> 96000 | K24: =I24+J24 -> 96000
A25: 17 | B25: BOTTOM O-RING | C25: EPDM | D25: 1 | F25: 1 | H25: 1400 | I25: =D25*F25*H25 -> 1400 | J25: 2000 | K25: =I25+J25 -> 3400
A26: 18 | B26: GEAR BOX | C26: =원가!B17 -> 10 BAR | D26: 1 | F26: 580 | J26: TMG | K26: =IF(C26="PIYAKE",L26,IF(C26="10 BAR",M26,IF(C26="20 BAR",N26))) -> 5200000 | L26: 1700000 | M26: 5200000 | N26: 확인
B27: GEAR BOX BOLT/WASHER | D27: 12 | F27: 1 | H27: 13000 | I27: =D27*F27*H27 -> 156000 | K27: =I27+J27 -> 156000
B28: CONTROL SHAFT | C28: 316L | D28: 1 | F28: 21.31 | H28: 7500 | I28: =D28*F28*H28 -> 159825 | J28: 45000
B29: BOLT COVER | C29: 316L | D29: 2 | F29: 11.5 | H29: 7500 | I29: =D29*F29*H29 -> 172500 | J29: 9000
B30: CONTROL SHAFT NUT | D30: 4
A31: 19 | B31: KEY & TAG | C31: SUS | D31: 1 | F31: 1 | I31: 8200 | J31: 4900 | K31: =I31+J31 -> 13100
A32: 20 | B32: 페인트 | D32: 1 | F32: 1 | I32: 450000 | K32: =I32+J32 -> 450000
A33: 21 | B33: 조립.검사 | D33: 1 | F33: 1 | I33: 350000 | K33: =I33+J33 -> 350000
A34: 22 | B34: 밸브합산 | K34: =SUM(K6:K33) -> 47412017
A35: 23 | B35: AUMA 감속기어 | F35: GS400/GZ35-F48
A36: 24 | B36: ACTUATOR | D36: 1 | F36: SAM 14.5
B37: ACTUATOR BOLT/WASHER | D37: 4 | F37: 1 | H37: 630 | I37: =D37*F37*H37 -> 2520
A38: 25 | B38: 포장비용 | D38: 1 | F38: 1 | K38: 1800000
A39: 26 | B39: RUBBER LINNING | D39: 1 | F39: 1
A40: 27 | B40: 밸브외 사급품 비용 연산 | I40: =SUM(K35:K39) -> 1800000 | J40: 1 | K40: =J40*I40 -> 1800000
A41: 28
A42: 29 | B42: FACTOR | E42: 1차견적가 | F42: =L43 -> 0 | I42: =K34 -> 47412017 | J42: =원가!B15 -> 1 | K42: =J42*I42 -> 47412017 | L42: 1차견적가
A43: 30 | B43: 견적가격(TOTAL금액) | E43: 네고가능가 | F43: =K43 -> 49212017 | H43: 환율 | I43: =원가!B2 -> 1 | K43: =SUM(K40:K42)/I43 -> 49212017

Sheet 2500A
A1: 제수변 BFV 원가 分析表
A3: SIZE : 2500A | C3: 압력 : 150# | G3: REMARK : 2250A 기준
A5: NO. | B5: 부품명 | C5: 재질 | D5: 수량 | E5: 규격 | F5: 단중 | G5: 업체 | H5: 단가 | I5: 소계 | J5: 가공비 | K5: 합계
A6: 1 | B6: BODY | C6: =원가!B4 -> WCB | D6: 1 | F6: 6816 | H6: =원가!C4 -> 2600 | I6: =D6*F6*H6 -> 17721600 | J6: 2400000 | K6: =I6+J6 -> 20121600
A7: 2 | B7: DISC | C7: =원가!B5 -> WCB | D7: 1 | F7: 4346 | H7: =원가!C5 -> 2600 | I7: =D7*F7*H7 -> 11299600 | J7: 1400000 | K7: =I7+J7 -> 12699600
A8: 3 | B8: SEAT | C8: EPDM | D8: 1 | F8: 1 | I8: 140000 | J8: 15000 | K8: =I8+J8 -> 155000
A9: 4 | B9: STEM(上,下) | C9: =원가!B6 -> A276T316L | D9: 1 | F9: 650 | H9: =원가!C6 -> 8500 | I9: =D9*F9*H9 -> 5525000 | J9: 500000 | K9: =I9+J9 -> 6025000
A10: 5 | B10: DISC RETAINER | C10: =원가!B7 -> 316L | D10: 1 | F10: 292.8 | H10: =원가!C7 -> 8500 | I10: =D10*F10*H10 -> 2488800 | J10: 560000 | K10: =I10+J10 -> 3048800
B11: BODY RETAINER | C11: =원가!B8 -> 316L | D11: 1 | F11: 292.8 | H11: =원가!C8 -> 8500 | I11: =D11*F11*H11 -> 2488800 | J11: 560000 | K11: =I11+J11 -> 3048800
A12: 6 | B12: BUSH(上) | C12: =원가!B9 -> B148 | D12: 1 | F12: 29 | H12: =원가!C9 -> 12500 | I12: =D12*F12*H12 -> 362500 | J12: 40000 | K12: =I12+J12 -> 402500
B13: BUSH(下) | C13: =원가!B10 -> B148 | D13: 1 | F13: 29 | H13: =원가!C10 -> 12500 | I13: =D13*F13*H13 -> 362500 | J13: 40000 | K13: =I13+J13 -> 402500
A14: 7 | B14: PACKING RING | C14: EPDM | D14: 5 | F14: 1 | H14: 1700 | I14: =D14*F14*H14 -> 8500 | K14: =I14+J14 -> 8500
B15: PACKING BUSH | C15: C95800 | D15: 4 | F15: 3.29 | H15: 11200 | I15: =D15*F15*H15 -> 147392 | J15: 8000 | K15: =I15+J15 -> 155392
A16: 8 | B16: PACKING GLAND | C16: =원가!B11 -> WCB | D16: 1 | F16: 25.5 | H16: =원가!C11 -> 2600 | I16: =D16*F16*H16 -> 66300 | J16: 30000 | K16: =I16+J16 -> 96300
A17: 9 | B17: STAND BOLT/NUT | C17: B8M | D17: 4 | F17: 1 | H17: 2400 | I17: =D17*F17*H17 -> 9600 | K17: =I17+J17 -> 9600
A18: 10 | B18: BOTTOM COVER | C18: =원가!B12 -> WCB | D18: 1 | F18: 68 | H18: =원가!C12 -> 2600 | I18: =D18*F18*H18 -> 176800 | J18: 50000 | K18: =I18+J18 -> 226800
A19: 11 | B19: SPLIT COLLAR | C19: C95800 | D19: 1 | F19: 8.2 | H19: 8000 | I19: =D19*F19*H19 -> 65600 | J19: 11000 | K19: =I19+J19 -> 76600
A20: 12 | B20: DISC BOLT/NUT | C20: 316L | D20: 3 | F20: 5.1 | H20: 7500 | I20: =D20*F20*H20 -> 114750 | J20: 5500 | K20: =I20+J20 -> 120250
A21: 13 | B21: DISC RETAINER BOLT | C21: B8M | D21: 40 | F21: 1 | H21: 360 | I21: =D21*F21*H21 -> 14400 | K21: =I21+J21 -> 14400
A22: 14 | B22: BOTTOM COVER BOLT/WASHER | C22: B8M | D22: 8 | F22: 1 | H22: 14000 | I22: =D22*F22*H22 -> 112000 | K22: =I22+J22 -> 112000
A23: 15 | B23: TOP FLG COVER | C23: =원가!B13 -> WCB | D23: 1 | F23: 170 | H23: =원가!C13 -> 2600 | I23: =D23*F23*H23 -> 442000 | J23: 50000 | K23: =I23+J23 -> 492000
A24: 16 | B24: TOP COVER BOLT | C24: B8M | D24: 6 | F24: 1 | H24: 16000 | I24: =D24*F24*H24 -> 96000 | K24: =I24+J24 -> 96000
A25: 17 | B25: BOTTOM O-RING | C25: EPDM | D25: 1 | F25: 1 | H25: 1400 | I25: =D25*F25*H25 -> 1400 | J25: 2000 | K25: =I25+J25 -> 3400
A26: 18 | B26: GEAR BOX | C26: =원가!B17 -> 10 BAR | D26: 1 | F26: 580 | J26: TMG | K26: =IF(C26="PIYAKE",L26,IF(C26="10 BAR",M26,IF(C26="20 BAR",N26))) -> 5200000 | L26: 1700000 | M26: 5200000
B27: GEAR BOX BOLT/WASHER | D27: 12 | F27: 1 | H27: 13000 | I27: =D27*F27*H27 -> 156000 | K27: =I27+J27 -> 156000
B28: CONTROL SHAFT | C28: 316L | D28: 1 | F28: 21.31 | H28: 7500 | I28: =D28*F28*H28 -> 159825 | J28: 45000
B29: BOLT COVER | C29: 316L | D29: 2 | F29: 11.5 | H29: 7500 | I29: =D29*F29*H29 -> 172500 | J29: 9000
B30: CONTROL SHAFT NUT | D30: 4
A31: 19 | B31: KEY & TAG | C31: SUS | D31: 1 | F31: 1 | I31: 8200 | J31: 4900 | K31: =I31+J31 -> 13100
A32: 20 | B32: 페인트 | D32: 1 | F32: 1 | I32: 500000 | K32: =I32+J32 -> 500000
A33: 21 | B33: 조립.검사 | D33: 1 | F33: 1 | I33: 450000 | K33: =I33+J33 -> 450000
A34: 22 | B34: 밸브합산 | K34: =SUM(K6:K33) -> 53634142
A35: 23 | B35: AUMA 감속기어 | F35: GS400/GZ35-F48
A36: 24 | B36: ACTUATOR | D36: 1 | F36: SAM 14.5
B37: ACTUATOR BOLT/WASHER | D37: 4 | F37: 1 | H37: 630 | I37: =D37*F37*H37 -> 2520
A38: 25 | B38: 포장비용 | D38: 1 | F38: 1 | K38: 2000000
A39: 26 | B39: RUBBER LINNING | D39: 1 | F39: 1
A40: 27 | B40: 밸브외 사급품 비용 연산 | I40: =SUM(K35:K39) -> 2000000 | J40: 1 | K40: =J40*I40 -> 2000000
A41: 28
A42: 29 | B42: FACTOR | E42: 1차견적가 | F42: =L43 -> 0 | I42: =K34 -> 53634142 | J42: =원가!B15 -> 1 | K42: =J42*I42 -> 53634142 | L42: 1차견적가
A43: 30 | B43: 견적가격(TOTAL금액) | E43: 네고가능가 | F43: =K43 -> 55634142 | H43: 환율 | I43: =원가!B2 -> 1 | K43: =SUM(K40:K42)/I43 -> 55634142

Sheet Sheet1
