Workbook
Name _1: #N/A
Name _11: #N/A
Name _2: #N/A
Name _22: #N/A
Name _AOC2: #REF!
Name _ELL45: #REF!
Name _ELL90: #REF!
Name _RE100: #REF!
Name _RE104: #REF!
Name _RE112: #REF!
Name _RE26: #REF!
Name _RE28: #REF!
Name _RE30: #REF!
Name _RE32: #REF!
Name _RE34: #REF!
Name _RE36: #REF!
Name _RE38: #REF!
Name _RE40: #REF!
Name _RE42: #REF!
Name _RE44: #REF!
Name _RE48: #REF!
Name _RE52: #REF!
Name _RE56: #REF!
Name _RE60: #REF!
Name _RE64: #REF!
Name _RE68: #REF!
Name _RE72: #REF!
Name _RE76: #REF!
Name _RE80: #REF!
Name _RE88: #REF!
Name _RE92: #REF!
Name _RE96: #REF!
Name \a: #N/A
Name \p: '[2]FWBS7000,8000'!#REF!
Name A7JB_WIRES: [3]A7!$S$68
Name AAA: 5
Name AIR: #REF!
Name air_trap: #REF!
Name angle: #REF!
Name B_FLG: #REF!
Name back_pressure: #REF!
Name ball: #REF!
Name BOLT: #REF!
Name BOSS: #REF!
Name butterfly: #REF!
Name CAP: #REF!
Name CCS: '[4]Product-part-a'!$R$11
Name check: #REF!
Name COM: #REF!
Name CPLG: #REF!
Name CS: #REF!
Name CS_DB: #REF!
Name data: #REF!
Name DESCRIPTION: #REF!
Name diameter: #REF!
Name diaphragm: #REF!
Name drain_trap: #REF!
Name dual_plate_check: #REF!
Name duplex_strainer: #REF!
Name EOL: #REF!

Sheet BFLY
A11: 환 율 | B11: 1000 | E11: US $ | F11: BASIC COST | I11: TOTAL COST
B12: MATERIAL | C12: 소재 단가 | E12: SIZE | F12: BARE | G12: LEVER | H12: GEAR | I12: BARE | J12: LEVER | K12: GEAR
A13: BODY(WAFER) | B13: CF8 | C13: 4000 | E13: 50A | F13: ='50A'!$K$29/$B$11 -> 159.826 | G13: ='50A'!$K$30/$B$11 -> 182.826 | H13: ='50A'!$K$31/$B$11 -> 257.826 | I13: ='50A'!$K$41/$B$11 -> 169.326 | J13: ='50A'!$K$42/$B$11 -> 192.326 | K13: ='50A'!$K$43/$B$11 -> 267.326
A14: BODY(LUG) | E14: 65A | F14: ='65A'!$K$29/$B$11 -> 172.23 | G14: ='65A'!$K$30/$B$11 -> 195.23 | H14: ='65A'!$K$31/$B$11 -> 270.23 | I14: ='65A'!$K$41/$B$11 -> 181.73 | J14: ='65A'!$K$42/$B$11 -> 204.73 | K14: ='65A'!$K$43/$B$11 -> 279.73
A15: BODY(FLANGE) | B15: CF8 | E15: 80A | F15: ='80A'!$K$29/$B$11 -> 192.253 | G15: ='80A'!$K$30/$B$11 -> 215.253 | H15: ='80A'!$K$31/$B$11 -> 290.253 | I15: ='80A'!$K$41/$B$11 -> 202.253 | J15: ='80A'!$K$42/$B$11 -> 225.253 | K15: ='80A'!$K$43/$B$11 -> 300.253
A16: DISC | B16: CF8M | C16: 8000 | E16: 100A | F16: ='100A'!$K$29/$B$11 -> 228.912 | G16: ='100A'!$K$30/$B$11 -> 251.912 | H16: ='100A'!$K$31/$B$11 -> 326.912 | I16: ='100A'!$K$41/$B$11 -> 243.412 | J16: ='100A'!$K$42/$B$11 -> 266.412 | K16: ='100A'!$K$43/$B$11 -> 341.412
A17: STEM | B17: A564T630 | C17: 8000 | E17: 125A | F17: ='125A'!$K$29/$B$11 -> 258.03 | G17: ='125A'!$K$30/$B$11 -> 281.03 | H17: ='125A'!$K$31/$B$11 -> 356.03 | I17: ='125A'!$K$41/$B$11 -> 272.03 | J17: ='125A'!$K$42/$B$11 -> 295.03 | K17: ='125A'!$K$43/$B$11 -> 370.03
E18: 150A | F18: ='150A'!$K$29/$B$11 -> 338.76 | G18: ='150A'!$K$30/$B$11 -> 361.76 | H18: ='150A'!$K$31/$B$11 -> 436.76 | I18: ='150A'!$K$41/$B$11 -> 353.76 | J18: ='150A'!$K$42/$B$11 -> 376.76 | K18: ='150A'!$K$43/$B$11 -> 451.76
A19: SEAT | B19: RTFE | E19: 200A | F19: ='200A'!$K$29/$B$11 -> 448.532 | G19: ='200A'!$K$30/$B$11 -> 474.452 | H19: ='200A'!$K$31/$B$11 -> 546.532 | I19: ='200A'!$K$41/$B$11 -> 465.532 | J19: ='200A'!$K$42/$B$11 -> 491.452 | K19: ='200A'!$K$43/$B$11 -> 563.532
A20: PRESSURE | B20: 10 BAR | E20: 250A | F20: ='250A'!$K$29/$B$11 -> 628.025 | G20: ='250A'!$K$30/$B$11 -> 653.945 | H20: ='250A'!$K$31/$B$11 -> 726.025 | I20: ='250A'!$K$41/$B$11 -> 652.225 | J20: ='250A'!$K$42/$B$11 -> 678.145 | K20: ='250A'!$K$43/$B$11 -> 750.225
A21: FACTOR | B21: 1 | E21: 300A | F21: ='300A'!$K$29/$B$11 -> 808.605 | G21: ='300A'!$K$30/$B$11 -> 836.465 | H21: ='300A'!$K$31/$B$11 -> 1011.605 | I21: ='300A'!$K$41/$B$11 -> 842.605 | J21: ='300A'!$K$42/$B$11 -> 870.465 | K21: ='300A'!$K$43/$B$11 -> 1045.605
A22: 목형관리대장 | E22: 350A | F22: ='350A'!$K$37/$B$11 -> 1370.1 | H22: ='350A'!$K$38/$B$11 -> 1573.1 | I22: ='350A'!$K$39/$B$11 -> 1370.1 | K22: ='350A'!$K$40/$B$11 -> 1573.1
A23: DIMESION TABLE | E23: 400A | F23: ='400A'!$K$37/$B$11 -> 1900.32 | H23: ='400A'!$K$38/$B$11 -> 2205.32 | I23: ='400A'!$K$39/$B$11 -> 1900.32 | K23: ='400A'!$K$40/$B$11 -> 2205.32
E24: 450A | F24: ='450A'!$K$37/$B$11 -> 2198.81 | H24: ='450A'!$K$38/$B$11 -> 2503.81 | I24: ='450A'!$K$39/$B$11 -> 2198.81 | K24: ='450A'!$K$40/$B$11 -> 2503.81
E25: 500A | F25: ='500A'!$K$37/$B$11 -> 2678.8 | H25: ='500A'!$K$38/$B$11 -> 2983.8 | I25: ='500A'!$K$39/$B$11 -> 2678.8 | K25: ='500A'!$K$40/$B$11 -> 2983.8
A26: MATERIAL | B26: KG당 비용 | E26: 600A | F26: ='600A'!$K$37/$B$11 -> 3336.086 | H26: ='600A'!$K$38/$B$11 -> 3691.086 | I26: ='600A'!$K$39/$B$11 -> 3336.086 | K26: ='600A'!$K$40/$B$11 -> 3691.086
A27: A126 (FC250) GG25 | B27: 2500 | E27: 650A | F27: ='650A'!$K$37/$B$11 -> 4422.31 | H27: ='650A'!$K$38/$B$11 -> 4777.31 | I27: ='650A'!$K$39/$B$11 -> 4422.31 | K27: ='650A'!$K$40/$B$11 -> 4777.31
A28: A536 (FCD400) GGG40 | B28: 2500 | E28: 700A | F28: ='700A'!$K$37/$B$11 -> 5458.38 | H28: ='700A'!$K$38/$B$11 -> 6047.38 | I28: ='700A'!$K$39/$B$11 -> 5458.38 | K28: ='700A'!$K$40/$B$11 -> 6047.38
A29: A216 (WCB) | B29: 3100 | E29: 750A | F29: ='750A'!$K$37/$B$11 -> 5953.56 | H29: ='750A'!$K$38/$B$11 -> 6542.56 | I29: ='750A'!$K$39/$B$11 -> 5953.56 | K29: ='750A'!$K$40/$B$11 -> 6542.56
A30: 304 (CF8) SCS13 | B30: 7000 | E30: 800A | F30: ='800A'!$K$37/$B$11 -> 6533.99 | H30: ='800A'!$K$38/$B$11 -> 7122.99 | I30: ='800A'!$K$39/$B$11 -> 6533.99 | K30: ='800A'!$K$40/$B$11 -> 7122.99
A31: 316 (CF8M) SCS14 | B31: 9000 | E31: 900A | F31: ='900A'!$K$37/$B$11 -> 10098.38 | H31: ='900A'!$K$38/$B$11 -> 10846.38 | I31: ='900A'!$K$39/$B$11 -> 10098.38 | K31: ='900A'!$K$40/$B$11 -> 10846.38
A32: 316L (CF3M) SCS16 | B32: 11000 | E32: 1000A | F32: ='1000A'!$K$37/$B$11 -> 11403.15 | H32: ='1000A'!$K$38/$B$11 -> 12151.15 | I32: ='1000A'!$K$39/$B$11 -> 11403.15 | K32: ='1000A'!$K$40/$B$11 -> 12151.15
A33: B148 (ALBC3) | B33: 15000
A34: MONEL(K400) | B34: 55000
A35: MONEL(K500) | B35: 62000
A36: DUPLEX(CD4MCU) | B36: 23000
A37: A217 GR CA 15 | B37: 3000
A38: 317L | B38: 12500
A39: SS630 | B39: 10500
A40: T410 | B40: 6000
A41: A276 가공비 ≒ 316 가공비
A46: DISC | B46: SEAT | D46: BODY | F46: STEM | G46: GEAR
A47: CF8 | B47: RTFE | D47: WCB | F47: A564T630 | G47: PIYAKE | H47: SRS924
A48: CF8M | B48: RTFE-A | D48: CF8 | F48: A276T316 | G48: 10 BAR | H48: SRS925
A49: CF3M | B49: METAL-B | D49: CF8M | F49: A276T304 | G49: 20 BAR | H49: SRS926
A50: B148 | B50: RTFE + METAL

Sheet 50A
A1: HIGH PERFORMANCE BFV 원가 分析表
A3: SIZE : 50A | C3: 압력 : 150# | F3: PJT :
A5: NO. | B5: 부품명 | C5: 재질 | D5: 수량 | E5: 규격 | F5: 단중 | G5: 업체 | H5: 단가 | I5: 소계 | J5: 가공비 | K5: 합계 | Q5: 소재비 | R5: 가공비 | T5: 합
A6: 1 | B6: BODY(WAFER) | C6: =BFLY!B13 -> CF8 | D6: 1 | F6: =IF(C6="WCB",3,IF(C6="CF8",3,IF(C6="CF8M",3))) -> 3 | H6: =BFLY!C13 -> 4000 | I6: =D6*F6*H6 -> 12000 | J6: =IF(C6="WCB",30000,IF(C6="CF8",30000,IF(C6="CF8M",30000))) -> 30000 | K6: =I6+J6 -> 42000 | P6: 외주가공 WAFER | R6: 30000 | T6: =R6+Q6 -> 30000
B7: BODY(LUG) | C7: =BFLY!B14 -> 0 | D7: 1 | F7: =IF(C7="WCB",3.63,IF(C7="CF8",3.63,IF(C7="CF8M",4.4))) -> FALSE | H7: =BFLY!C14 -> 0 | I7: =D7*F7*H7 -> 0 | J7: =IF(C7="WCB",28000,IF(C7="CF8",28000,IF(C7="CF8M",28000))) -> FALSE | K7: =I7+J7 -> 0 | P7: 외주가공 LUG | R7: 35000 | T7: =R7+Q7 -> 35000
B8: BODY(FLANGE) | C8: =BFLY!B15 -> CF8 | D8: 1 | F8: =12*1.1 -> 13.2 | H8: =BFLY!C15 -> 0 | I8: =D8*F8*H8 -> 0 | J8: =IF(C8="WCB",40000,IF(C8="CF8",40000,IF(C8="CF8M",40000))) -> 40000 | K8: =I8+J8 -> 40000 | L8: TEFLON SEAT | M8: METAL TEFLON SEAT | P8: 외주가공 FLANGE | R8: 40000 | T8: =R8+Q8 -> 40000
A9: 2 | B9: DISC | C9: =BFLY!B16 -> CF8M | D9: 1 | F9: =IF(C9="CF8",0.12,IF(C9="CF8M",0.12,IF(C9="CF3M",0.12,IF(C9="B148",0.5)))) -> 0.12 | H9: =BFLY!C16 -> 8000 | I9: =D9*F9*H9 -> 960 | J9: =IF(C9="WCB",8000,IF(C9="CF8",8000,IF(C9="CF8M",8000))) -> 8000 | K9: =I9+J9 -> 8960 | L9: TEFLON | M9: TEFLON | N9: METAL | O9: 합계
A10: 3 | B10: SEAT | C10: =BFLY!B19 -> RTFE | D10: 1 | I10: =IF(C10="RTFE",4400,IF(C10="RTFE-A",4400,IF(C10="METAL-B",2000,IF(C10="RTFE + METAL",4200)))) -> 4400 | J10: =IF(C10="RTFE",1500,IF(C10="METAL-B",10000,IF(C10="RTFE + METAL",8000))) -> 1500 | K10: =I10+J10 -> 5900 | L10: 4400 | M10: 2700 | N10: 1500 | O10: =M10+N10 -> 4200
A11: 4 | B11: STEM(上,下) | C11: =BFLY!B17 -> A564T630 | D11: 1 | F11: 0.32 | H11: =BFLY!C17 -> 8000 | I11: =D11*F11*H11 -> 2560 | J11: 7000 | K11: =I11+J11 -> 9560 | P11: STEM | R11: 3500 | T11: =R11+Q11 -> 3500
A12: 5 | B12: RETAINER RING | C12: SS316 | D12: 1 | F12: 1 | H12: 4500 | I12: =D12*F12*H12 -> 4500 | J12: 7000 | K12: =I12+J12 -> 11500 | P12: RETAINER RING | Q12: =ROUND(3.67*1200,0) -> 4404 | R12: 7000 | T12: =R12+Q12 -> 11404
A13: 6 | B13: RETAINER BOLT | C13: B8M | D13: 4 | F13: 1 | H13: 600 | I13: =D13*F13*H13 -> 2400 | K13: =H13*D13 -> 2400 | T13: =R13+Q13 -> 0
A14: 7 | B14: BUSH | C14: SS316 | D14: 2 | F14: 1 | I14: 2170 | J14: 4980 | K14: =(I14+J14)*D14 -> 14300 | T14: =R14+Q14 -> 0
A15: 8 | B15: PACKING | C15: PTFE | D15: 1 | F15: 1 | H15: 3500 | I15: =D15*F15*H15 -> 3500 | K15: =I15+J15 -> 3500 | P15: PTFE PACKING (완제품) | T15: 2050
A16: 9 | B16: PACKING GLAND | C16: CF8/CF8M | D16: 1 | F16: 1 | H16: 956 | I16: =D16*F16*H16 -> 956 | J16: 300 | K16: =I16+J16 -> 1256 | P16: PACKING GLAND (소재+가공비) | R16: =ROUND(0.96*1200,-2) -> 1200
A17: 10 | B17: GLAND BOLT/NUT | C17: B8M | D17: 2 | F17: 1 | H17: 600 | I17: =D17*F17*H17 -> 1200 | K17: =I17+J17 -> 1200 | T17: =R17+Q17 -> 0
A18: 11 | B18: COLOR | C18: SS316 | D18: 1 | F18: 1 | H18: 80 | I18: =D18*F18*H18 -> 80 | J18: 100 | K18: =I18+J18 -> 180 | T18: =R18+Q18 -> 0
A19: 12 | B19: DISCK PIN | C19: =C11 -> A564T630 | D19: 1 | F19: 1 | H19: 150 | I19: =D19*F19*H19 -> 150 | J19: 160 | K19: =I19+J19 -> 310 | T19: =R19+Q19 -> 0
A20: 13 | B20: END COVER | C20: WCB | D20: 1 | F20: 1 | H20: 435 | I20: =D20*F20*H20 -> 435 | J20: 300 | K20: 2900 | P20: END COVER (소재+가공비) | R20: =ROUND(2.43*1200,-2) -> 2900 | T20: =R20+Q20 -> 2900
A21: 14 | B21: END COVER BOLT | C21: B8M | D21: 4 | F21: 1 | H21: 100 | I21: =D21*F21*H21 -> 400 | K21: =I21+J21 -> 400
A22: 15 | B22: GASKET | C22: N-ASBESTOS | D22: 1 | F22: 1 | H22: 920 | I22: =D22*F22*H22 -> 920 | K22: =I22+J22 -> 920
A23: 16 | B23: TAG | C23: SS316 | D23: 1 | F23: 1 | H23: 900 | I23: =D23*F23*H23 -> 900 | K23: =I23+J23 -> 900
A24: 17 | B24: INDICATOR | C24: SS304 | D24: 1 | F24: 1 | H24: 3000 | I24: =D24*F24*H24 -> 3000 | K24: =I24+J24 -> 3000
A25: 18 | B25: INDICATOR BOLT/NUT | C25: B8M | D25: 4 | F25: 1 | H25: 160 | I25: =D25*F25*H25 -> 640 | K25: =I25+J25 -> 640
A26: 19 | B26: LEVER | C26: SS304 | D26: 1 | F26: 1 | J26: SUS | K26: 23000 | L26: 11000
A27: 20 | B27: GEAR BOX | C27: =BFLY!B20 -> 10 BAR | D27: 1 | F27: 1 | J27: =C27 -> 10 BAR | K27: =IF(C27="PIYAKE",L27,IF(C27="10 BAR",M27,IF(C27="20 BAR",N27))) -> 98000 | L27: 16410 | M27: 98000 | N27: 98000
A28: 21 | B28: 페인트, 조립 | C28: CEPHAS | D28: 1 | F28: 1 | I28: 5000 | J28: 5000 | K28: =I28+J28 -> 10000
A29: 22 | B29: 밸브합산(BEAR) | K29: =SUM(K6:K25,K28) -> 159826
A30: 23 | B30: 밸브합산(LEVER) | K30: =SUM(K6:K26,K28) -> 182826
A31: 24 | B31: 밸브합산(GEAR) | K31: =SUM(K6:K25,K27:K28) -> 257826
A32: 25
A33: 26 | B33: ACTUATOR | D33: 1 | K33: =I33+J33 -> 0
A34: 27 | B34: ACTUATOR BOLT/WASHER | D34: 4 | K34: =I34+J34 -> 0
B35: 포장비용 | C35: CEPHAS | D35: 1 | K35: 9500
A36: 28 | B36: 밸브외 사급품 비용 연산 | I36: =SUM(K32:K35) -> 9500 | J36: 1 | K36: =J36*I36 -> 9500
A37: 29
A38: 30 | B38: FACTOR(BEAR) | I38: =K29 -> 159826 | J38: =BFLY!B21 -> 1 | K38: =J38*I38 -> 159826
A39: 31 | B39: FACTOR(LEVER) | I39: =K30 -> 182826 | J39: =BFLY!B21 -> 1 | K39: =J39*I39 -> 182826
A40: 32 | B40: FACTOR(GEAR) | I40: =K31 -> 257826 | J40: =BFLY!B21 -> 1 | K40: =J40*I40 -> 257826
A41: 33 | B41: 견적가격(TOTAL금액) - BEAR | K41: =SUM(K36,K38) -> 169326
A42: 34 | B42: 견적가격(TOTAL금액) - LEVER | K42: =SUM(K36,K39) -> 192326
A43: 35 | B43: 견적가격(TOTAL금액) - GEAR | K43: =SUM(K36,K40) -> 267326

Sheet 65A
A1: HIGH PERFORMANCE BFV 원가 分析表
A3: SIZE : 65A | C3: 압력 : 150# | F3: PJT :
A5: NO. | B5: 부품명 | C5: 재질 | D5: 수량 | E5: 규격 | F5: 단중 | G5: 업체 | H5: 단가 | I5: 소계 | J5: 가공비 | K5: 합계
A6: 1 | B6: BODY(WAFER) | C6: =BFLY!B13 -> CF8 | D6: 1 | F6: =IF(C6="WCB",3,IF(C6="CF8",3,IF(C6="CF8M",3))) -> 3 | H6: =BFLY!C13 -> 4000 | I6: =D6*F6*H6 -> 12000 | J6: =IF(C6="WCB",35000,IF(C6="CF8",35000,IF(C6="CF8M",35000))) -> 35000 | K6: =I6+J6 -> 47000 | Q6: 소재비 | R6: 가공비 | T6: 합
B7: BODY(LUG) | C7: =BFLY!B14 -> 0 | D7: 1 | F7: =IF(C7="WCB",4.44,IF(C7="CF8",4.44,IF(C7="CF8M",4.44))) -> FALSE | H7: =BFLY!C14 -> 0 | I7: =D7*F7*H7 -> 0 | J7: =IF(C7="WCB",40000,IF(C7="CF8",40000,IF(C7="CF8M",40000))) -> FALSE | K7: =I7+J7 -> 0 | P7: 외주가공 WAFER | R7: 35000 | T7: =R7+Q7 -> 35000
B8: BODY(FLANGE) | C8: =BFLY!B15 -> CF8 | D8: 1 | F8: =13*1.1 -> 14.3 | H8: =BFLY!C15 -> 0 | I8: =D8*F8*H8 -> 0 | J8: =IF(C8="WCB",45000,IF(C8="CF8",45000,IF(C8="CF8M",45000))) -> 45000 | K8: =I8+J8 -> 45000 | L8: TEFLON SEAT | M8: METAL TEFLON SEAT | P8: 외주가공 LUG | R8: 40000 | T8: =R8+Q8 -> 40000
A9: 2 | B9: DISC | C9: =BFLY!B16 -> CF8M | D9: 1 | F9: =IF(C9="CF8",0.21,IF(C9="CF8M",0.21,IF(C9="CF3M",0.21,IF(C9="B148",0.6)))) -> 0.21 | H9: =BFLY!C16 -> 8000 | I9: =D9*F9*H9 -> 1680 | J9: 8000 | K9: =I9+J9 -> 9680 | L9: TEFLON | M9: TEFLON | N9: METAL | O9: 합계 | P9: 외주가공 FLANGE | R9: 45000 | T9: =R9+Q9 -> 45000
A10: 3 | B10: SEAT | C10: =BFLY!B19 -> RTFE | D10: 1 | I10: =IF(C10="RTFE",5600,IF(C10="RTFE-A",3120,IF(C10="METAL-B",2260,IF(C10="RTFE + METAL",5200)))) -> 5600 | J10: =IF(C10="RTFE",1500,IF(C10="METAL-B",10000,IF(C10="RTFE + METAL",8000))) -> 1500 | K10: =I10+J10 -> 7100 | L10: 5600 | M10: 3200 | N10: 2000 | O10: =M10+N10 -> 5200
A11: 4 | B11: STEM(上,下) | C11: =BFLY!B17 -> A564T630 | D11: 1 | F11: 0.45 | H11: =BFLY!C17 -> 8000 | I11: =D11*F11*H11 -> 3600 | J11: 3500 | K11: =I11+J11 -> 7100 | P11: STEM | R11: 3500 | T11: =R11+Q11 -> 3500
A12: 5 | B12: RETAINER RING | C12: SS316 | D12: 1 | F12: 1 | H12: 5570 | I12: =D12*F12*H12 -> 5570 | J12: 7000 | K12: =I12+J12 -> 12570 | P12: RETAINER RING | Q12: =4.64*1200 -> 5568 | R12: 7000 | T12: =R12+Q12 -> 12568
A13: 6 | B13: RETAINER BOLT | C13: B8M | D13: 4 | F13: 1 | H13: 600 | I13: =D13*F13*H13 -> 2400 | K13: =H13*D13 -> 2400
A14: 7 | B14: BUSH | C14: SS316 | D14: 2 | F14: 1 | I14: 2800 | J14: 5950 | K14: =(I14+J14)*D14 -> 17500 | T14: =R14+Q14 -> 0
A15: 8 | B15: PACKING | C15: RTFE | D15: 1 | F15: 1 | H15: 3900 | I15: =D15*F15*H15 -> 3900 | K15: 2100 | P15: PACKING (완제품) | T15: 2100
A16: 9 | B16: PACKING GLAND | C16: CF8/CF8M | D16: 1 | F16: 1 | H16: 956 | I16: =D16*F16*H16 -> 956 | J16: 300 | K16: 1150 | P16: PACKING GLAND (소재+가공비) | T16: =0.96*1200 -> 1152
A17: 10 | B17: GLAND BOLT/NUT | C17: B8M | D17: 2 | F17: 1 | H17: 600 | I17: =D17*F17*H17 -> 1200 | K17: =I17+J17 -> 1200
A18: 11 | B18: COLOR | C18: SS316 | D18: 1 | F18: 1 | H18: 80 | I18: =D18*F18*H18 -> 80 | J18: 100 | K18: =I18+J18 -> 180 | T18: =R18+Q18 -> 0
A19: 12 | B19: DISCK PIN | C19: SS630 | D19: 1 | F19: 1 | H19: 150 | I19: =D19*F19*H19 -> 150 | J19: 160 | K19: =I19+J19 -> 310 | T19: =R19+Q19 -> 0
A20: 13 | B20: END COVER | C20: SS316 | D20: 1 | F20: 1 | H20: 435 | I20: =D20*F20*H20 -> 435 | J20: 300 | K20: 2900 | P20: END COVER (소재+가공비) | T20: =2.43*1200 -> 2916
A21: 14 | B21: END COVER BOLT | C21: B8M | D21: 4 | F21: 1 | H21: 100 | I21: =D21*F21*H21 -> 400 | K21: =I21+J21 -> 400
A22: 15 | B22: GASKET | C22: N-ASBESTOS | D22: 1 | F22: 1 | H22: 1100 | I22: =D22*F22*H22 -> 1100 | K22: =I22+J22 -> 1100
A23: 16 | B23: TAG | C23: SS316 | D23: 1 | F23: 1 | H23: 900 | I23: =D23*F23*H23 -> 900 | K23: =I23+J23 -> 900
A24: 17 | B24: INDICATOR | C24: SS304 | D24: 1 | F24: 1 | H24: 3000 | I24: =D24*F24*H24 -> 3000 | K24: =I24+J24 -> 3000
A25: 18 | B25: INDICATOR BOLT/NUT | C25: B8M | D25: 4 | F25: 1 | H25: 160 | I25: =D25*F25*H25 -> 640 | K25: =I25+J25 -> 640
A26: 19 | B26: LEVER | C26: SS304 | D26: 1 | F26: 1 | I26: 11000 | J26: SUS | K26: 23000 | L26: 11000
A27: 20 | B27: GEAR BOX | C27: =BFLY!B20 -> 10 BAR | D27: 1 | F27: 1 | J27: =C27 -> 10 BAR | K27: =IF(C27="PIYAKE",L27,IF(C27="10 BAR",M27,IF(C27="20 BAR",N27))) -> 98000 | L27: 16410 | M27: 98000 | N27: 98000
A28: 21 | B28: 페인트, 조립 | C28: CEPHAS | D28: 1 | F28: 1 | I28: 5000 | J28: 5000 | K28: =I28+J28 -> 10000
A29: 22 | B29: 밸브합산(BEAR) | K29: =SUM(K6:K25,K28) -> 172230
A30: 23 | B30: 밸브합산(LEVER) | K30: =SUM(K6:K26,K28) -> 195230
A31: 24 | B31: 밸브합산(GEAR) | K31: =SUM(K6:K25,K27:K28) -> 270230
A32: 25
A33: 26 | B33: ACTUATOR | D33: 1 | K33: =I33+J33 -> 0
A34: 27 | B34: ACTUATOR BOLT/WASHER | D34: 4 | K34: =I34+J34 -> 0
B35: 포장비용 | D35: 1 | K35: 9500
A36: 28 | B36: 밸브외 사급품 비용 연산 | I36: =SUM(K32:K35) -> 9500 | J36: 1 | K36: =J36*I36 -> 9500
A37: 29
A38: 30 | B38: FACTOR(BEAR) | I38: =K29 -> 172230 | J38: =BFLY!B21 -> 1 | K38: =J38*I38 -> 172230
A39: 31 | B39: FACTOR(LEVER) | I39: =K30 -> 195230 | J39: =BFLY!B21 -> 1 | K39: =J39*I39 -> 195230
A40: 32 | B40: FACTOR(GEAR) | I40: =K31 -> 270230 | J40: =BFLY!B21 -> 1 | K40: =J40*I40 -> 270230
A41: 33 | B41: 견적가격(TOTAL금액) - BEAR | K41: =SUM(K36,K38) -> 181730
A42: 34 | B42: 견적가격(TOTAL금액) - LEVER | K42: =SUM(K36,K39) -> 204730
A43: 35 | B43: 견적가격(TOTAL금액) - GEAR | K43: =SUM(K36,K40) -> 279730

Sheet 80A
A1: HIGH PERFORMANCE BFV 원가 分析表
A3: SIZE : 80A | C3: 압력 : 150# | F3: PJT :
A5: NO. | B5: 부품명 | C5: 재질 | D5: 수량 | E5: 규격 | F5: 단중 | G5: 업체 | H5: 단가 | I5: 소계 | J5: 가공비 | K5: 합계 | Q5: 소재비 | R5: 가공비 | T5: 합
A6: 1 | B6: BODY(WAFER) | C6: =BFLY!B13 -> CF8 | D6: 1 | F6: =IF(C6="WCB",3.44,IF(C6="CF8",3.44,IF(C6="CF8M",3.44))) -> 3.44 | H6: =BFLY!C13 -> 4000 | I6: =D6*F6*H6 -> 13760 | J6: =IF(C6="WCB",40000,IF(C6="CF8",40000,IF(C6="CF8M",40000))) -> 40000 | K6: =I6+J6 -> 53760 | P6: 외주가공 WAFER | R6: 40000 | T6: =R6+Q6 -> 40000
B7: BODY(LUG) | C7: =BFLY!B14 -> 0 | D7: 1 | F7: =IF(C7="WCB",7.4,IF(C7="CF8",7.4,IF(C7="CF8M",7.4))) -> FALSE | H7: =BFLY!C14 -> 0 | I7: =D7*F7*H7 -> 0 | J7: =IF(C7="WCB",45000,IF(C7="CF8",45000,IF(C7="CF8M",45000))) -> FALSE | K7: =I7+J7 -> 0 | P7: 외주가공 LUG | R7: 45000 | T7: =R7+Q7 -> 45000
B8: BODY(FLANGE) | C8: =BFLY!B15 -> CF8 | D8: 1 | F8: =16*1.1 -> 17.6 | H8: =BFLY!C15 -> 0 | I8: =D8*F8*H8 -> 0 | J8: =IF(C8="WCB",50000,IF(C8="CF8",50000,IF(C8="CF8M",50000))) -> 50000 | K8: =I8+J8 -> 50000 | L8: TEFLON SEAT | M8: METAL TEFLON SEAT | P8: 외주가공 FLANGE | R8: 50000 | T8: =R8+Q8 -> 50000
A9: 2 | B9: DISC | C9: =BFLY!B16 -> CF8M | D9: 1 | F9: =IF(C9="CF8",0.31,IF(C9="CF8M",0.31,IF(C9="CF3M",0.31,IF(C9="B148",0.7)))) -> 0.31 | H9: =BFLY!C16 -> 8000 | I9: =D9*F9*H9 -> 2480 | J9: 8000 | K9: =I9+J9 -> 10480 | L9: TEFLON | M9: TEFLON | N9: METAL | O9: 합계
A10: 3 | B10: SEAT | C10: =BFLY!B19 -> RTFE | D10: 1 | I10: =IF(C10="RTFE",7300,IF(C10="RTFE-A",4820,IF(C10="METAL-B",2440,IF(C10="RTFE + METAL",8370)))) -> 7300 | J10: =IF(C10="RTFE",1800,IF(C10="METAL-B",10000,IF(C10="RTFE + METAL",8000))) -> 1800 | K10: =I10+J10 -> 9100 | L10: 7300 | M10: 5870 | N10: 2500 | O10: =M10+N10 -> 8370
A11: 4 | B11: STEM(上,下) | C11: =BFLY!B17 -> A564T630 | D11: 1 | F11: 0.486 | H11: =BFLY!C17 -> 8000 | I11: =D11*F11*H11 -> 3888 | J11: 3500 | K11: =I11+J11 -> 7388 | P11: STEM | R11: 3500 | T11: =R11+Q11 -> 3500
A12: 5 | B12: RETAINER RING | C12: SS316 | D12: 1 | F12: 1 | H12: 7440 | I12: =D12*F12*H12 -> 7440 | J12: 8000 | K12: =I12+J12 -> 15440 | P12: RETAINER RING | Q12: =6.2*1200 -> 7440 | R12: 8000 | T12: =R12+Q12 -> 15440
A13: 6 | B13: RETAINER BOLT | C13: B8M | D13: 4 | F13: 1 | H13: 600 | I13: =D13*F13*H13 -> 2400 | K13: =H13*D13 -> 2400
A14: 7 | B14: BUSH | C14: SS316 | D14: 2 | F14: 1 | I14: 2870 | J14: 6040 | K14: =(I14+J14)*D14 -> 17820 | T14: =R14+Q14 -> 0
A15: 8 | B15: PACKING | C15: GRAPHITE | D15: 1 | F15: 1 | H15: 3900 | I15: =D15*F15*H15 -> 3900 | K15: =I15+J15 -> 3900 | P15: PACKING (완제품)
A16: 9 | B16: PACKING GLAND | C16: CF8/CF8M | D16: 1 | F16: 1 | H16: 960 | I16: =D16*F16*H16 -> 960 | J16: 300 | K16: =I16+J16 -> 1260 | P16: PACKING GLAND (소재+가공비) | T16: =0.96*1200 -> 1152
A17: 10 | B17: GLAND BOLT/NUT | C17: B8M | D17: 2 | F17: 1 | H17: 600 | I17: =D17*F17*H17 -> 1200 | K17: =I17+J17 -> 1200
A18: 11 | B18: COLOR | C18: SS316 | D18: 1 | F18: 1 | H18: 80 | I18: =D18*F18*H18 -> 80 | J18: 100 | K18: =I18+J18 -> 180 | T18: =R18+Q18 -> 0
A19: 12 | B19: DISCK PIN | C19: SS630 | D19: 1 | F19: 1 | H19: 225 | I19: =D19*F19*H19 -> 225 | J19: 160 | K19: =I19+J19 -> 385 | T19: =R19+Q19 -> 0
A20: 13 | B20: END COVER | C20: SS316 | D20: 1 | F20: 1 | H20: 435 | I20: =D20*F20*H20 -> 435 | J20: 300 | K20: 2900 | P20: END COVER (소재+가공비) | T20: =2.43*1200 -> 2916
A21: 14 | B21: END COVER BOLT | C21: B8M | D21: 4 | F21: 1 | H21: 100 | I21: =D21*F21*H21 -> 400 | K21: =I21+J21 -> 400
A22: 15 | B22: GASKET | C22: N-ASBESTOS | D22: 1 | F22: 1 | H22: 1100 | I22: =D22*F22*H22 -> 1100 | K22: =I22+J22 -> 1100
A23: 16 | B23: TAG | C23: SS316 | D23: 1 | F23: 1 | H23: 900 | I23: =D23*F23*H23 -> 900 | K23: =I23+J23 -> 900
A24: 17 | B24: INDICATOR | C24: SS304 | D24: 1 | F24: 1 | H24: 3000 | I24: =D24*F24*H24 -> 3000 | K24: =I24+J24 -> 3000
A25: 18 | B25: INDICATOR BOLT/NUT | C25: B8M | D25: 4 | F25: 1 | H25: 160 | I25: =D25*F25*H25 -> 640 | K25: =I25+J25 -> 640
A26: 19 | B26: LEVER | C26: SS304 | D26: 1 | F26: 1 | J26: SUS | K26: 23000 | L26: 11000
A27: 20 | B27: GEAR BOX | C27: =BFLY!B20 -> 10 BAR | D27: 1 | F27: 1 | J27: =C27 -> 10 BAR | K27: =IF(C27="PIYAKE",L27,IF(C27="10 BAR",M27,IF(C27="20 BAR",N27))) -> 98000 | L27: 16410 | M27: 98000 | N27: 98000
A28: 21 | B28: 페인트, 조립 | C28: CEPHAS | D28: 1 | F28: 1 | I28: 5000 | J28: 5000 | K28: =I28+J28 -> 10000
A29: 22 | B29: 밸브합산(BEAR) | K29: =SUM(K6:K25,K28) -> 192253
A30: 23 | B30: 밸브합산(LEVER) | K30: =SUM(K6:K26,K28) -> 215253
A31: 24 | B31: 밸브합산(GEAR) | K31: =SUM(K6:K25,K27:K28) -> 290253
A32: 25
A33: 26 | B33: ACTUATOR | D33: 1 | K33: =I33+J33 -> 0
A34: 27 | B34: ACTUATOR BOLT/WASHER | D34: 4 | K34: =I34+J34 -> 0
B35: 포장비용 | D35: 1 | K35: 10000
A36: 28 | B36: 밸브외 사급품 비용 연산 | I36: =SUM(K32:K35) -> 10000 | J36: 1 | K36: =J36*I36 -> 10000
A37: 29
A38: 30 | B38: FACTOR(BEAR) | I38: =K29 -> 192253 | J38: =BFLY!B21 -> 1 | K38: =J38*I38 -> 192253
A39: 31 | B39: FACTOR(LEVER) | I39: =K30 -> 215253 | J39: =BFLY!B21 -> 1 | K39: =J39*I39 -> 215253
A40: 32 | B40: FACTOR(GEAR) | I40: =K31 -> 290253 | J40: =BFLY!B21 -> 1 | K40: =J40*I40 -> 290253
A41: 33 | B41: 견적가격(TOTAL금액) - BEAR | K41: =SUM(K36,K38) -> 202253
A42: 34 | B42: 견적가격(TOTAL금액) - LEVER | K42: =SUM(K36,K39) -> 225253
A43: 35 | B43: 견적가격(TOTAL금액) - GEAR | K43: =SUM(K36,K40) -> 300253

Sheet 100A
A1: HIGH PERFORMANCE BFV 원가 分析表
A3: SIZE : 100A | C3: 압력 : 150# | F3: PJT :
A5: NO. | B5: 부품명 | C5: 재질 | D5: 수량 | E5: 규격 | F5: 단중 | G5: 업체 | H5: 단가 | I5: 소계 | J5: 가공비 | K5: 합계 | Q5: 소재비 | R5: 가공비 | T5: 합
A6: 1 | B6: BODY(WAFER) | C6: =BFLY!B13 -> CF8 | D6: 1 | F6: =IF(C6="WCB",5,IF(C6="CF8",5,IF(C6="CF8M",5))) -> 5 | H6: =BFLY!C13 -> 4000 | I6: =D6*F6*H6 -> 20000 | J6: =IF(C6="WCB",45000,IF(C6="CF8",45000,IF(C6="CF8M",45000))) -> 45000 | K6: =I6+J6 -> 65000 | P6: 외주가공 WAFER | R6: 45000 | T6: =R6+Q6 -> 45000
B7: BODY(LUG) | C7: =BFLY!B14 -> 0 | D7: 1 | F7: =IF(C7="WCB",13,IF(C7="CF8",13,IF(C7="CF8M",13))) -> FALSE | H7: =BFLY!C14 -> 0 | I7: =D7*F7*H7 -> 0 | J7: =IF(C7="WCB",50000,IF(C7="CF8",50000,IF(C7="CF8M",50000))) -> FALSE | K7: =I7+J7 -> 0 | P7: 외주가공 LUG | R7: 50000 | T7: =R7+Q7 -> 50000
B8: BODY(FLANGE) | C8: =BFLY!B15 -> CF8 | D8: 1 | F8: =26*1.1 -> 28.6 | H8: =BFLY!C15 -> 0 | I8: =D8*F8*H8 -> 0 | J8: =IF(C8="WCB",55000,IF(C8="CF8",55000,IF(C8="CF8M",55000))) -> 55000 | K8: =I8+J8 -> 55000 | L8: TEFLON SEAT | M8: METAL TEFLON SEAT | P8: 외주가공 FLANGE | R8: 55000 | T8: =R8+Q8 -> 55000
A9: 2 | B9: DISC | C9: =BFLY!B16 -> CF8M | D9: 1 | F9: =IF(C9="CF8",0.72,IF(C9="CF8M",0.72,IF(C9="CF3M",0.72,IF(C9="B148",1.3)))) -> 0.72 | H9: =BFLY!C16 -> 8000 | I9: =D9*F9*H9 -> 5760 | J9: 8000 | K9: =I9+J9 -> 13760 | L9: TEFLON | M9: TEFLON | N9: METAL | O9: 합계
A10: 3 | B10: SEAT | C10: =BFLY!B19 -> RTFE | D10: 1 | I10: =IF(C10="RTFE",8500,IF(C10="RTFE-A",6250,IF(C10="METAL-B",2830,IF(C10="RTFE + METAL",8800)))) -> 8500 | J10: =IF(C10="RTFE",2000,IF(C10="METAL-B",12500,IF(C10="RTFE + METAL",8000))) -> 2000 | K10: =I10+J10 -> 10500 | L10: 8500 | M10: 5800 | N10: 3000 | O10: =M10+N10 -> 8800
A11: 4 | B11: STEM(上,下) | C11: =BFLY!B17 -> A564T630 | D11: 1 | F11: 0.854 | H11: =BFLY!C17 -> 8000 | I11: =D11*F11*H11 -> 6832 | J11: 4000 | K11: =I11+J11 -> 10832 | P11: STEM | R11: 4000 | T11: =R11+Q11 -> 4000
A12: 5 | B12: RETAINER RING | C12: SS316 | D12: 1 | F12: 1 | H12: 10900 | I12: =D12*F12*H12 -> 10900 | J12: 8000 | K12: =I12+J12 -> 18900 | P12: RETAINER RING | Q12: =9.09*1200 -> 10908 | R12: 8000 | T12: =R12+Q12 -> 18908
A13: 6 | B13: RETAINER BOLT | C13: B8M | D13: 4 | F13: 1 | H13: 600 | I13: =D13*F13*H13 -> 2400 | K13: =H13*D13 -> 2400
A14: 7 | B14: BUSH | C14: SS316 | D14: 2 | F14: 1 | I14: 3420 | J14: 7530 | K14: =(I14+J14)*D14 -> 21900 | T14: =R14+Q14 -> 0
A15: 8 | B15: PACKING | C15: GRAPHITE | D15: 1 | F15: 1 | H15: 4500 | I15: =D15*F15*H15 -> 4500 | K15: =I15+J15 -> 4500 | P15: PACKING (완제품)
A16: 9 | B16: PACKING GLAND | C16: CF8/CF8M | D16: 1 | F16: 1 | H16: 1050 | I16: =D16*F16*H16 -> 1050 | J16: 300 | K16: =I16+J16 -> 1350 | P16: PACKING GLAND (소재+가공비) | T16: =0.96*1200 -> 1152
A17: 10 | B17: GLAND BOLT/NUT | C17: B8M | D17: 2 | F17: 1 | H17: 600 | I17: =D17*F17*H17 -> 1200 | K17: =I17+J17 -> 1200
A18: 11 | B18: COLOR | C18: SS316 | D18: 1 | F18: 1 | H18: 120 | I18: =D18*F18*H18 -> 120 | J18: 100 | K18: =I18+J18 -> 220 | T18: =R18+Q18 -> 0
A19: 12 | B19: DISCK PIN | C19: SS630 | D19: 2 | F19: 1 | H19: 225 | I19: =D19*F19*H19 -> 450 | J19: 160 | K19: =I19+J19 -> 610 | T19: =R19+Q19 -> 0
A20: 13 | B20: END COVER | C20: SS316 | D20: 1 | F20: 1 | H20: 611 | I20: =D20*F20*H20 -> 611 | J20: 300 | K20: 3350 | P20: END COVER (소재+가공비) | T20: =2.79*1200 -> 3348
A21: 14 | B21: END COVER BOLT | C21: B8M | D21: 4 | F21: 1 | H21: 100 | I21: =D21*F21*H21 -> 400 | K21: =I21+J21 -> 400
A22: 15 | B22: GASKET | C22: N-ASBESTOS | D22: 1 | F22: 1 | H22: 1250 | I22: =D22*F22*H22 -> 1250 | K22: =I22+J22 -> 1250
A23: 16 | B23: TAG | C23: SS316 | D23: 1 | F23: 1 | H23: 900 | I23: =D23*F23*H23 -> 900 | K23: =I23+J23 -> 900
A24: 17 | B24: INDICATOR | C24: SS304 | D24: 1 | F24: 1 | H24: 3000 | I24: =D24*F24*H24 -> 3000 | K24: =I24+J24 -> 3000
A25: 18 | B25: INDICATOR BOLT/NUT | C25: B8M | D25: 4 | F25: 1 | H25: 160 | I25: =D25*F25*H25 -> 640 | K25: =I25+J25 -> 640
A26: 19 | B26: LEVER | C26: SS304 | D26: 1 | F26: 1 | J26: SUS | K26: 23000 | L26: 11000
A27: 20 | B27: GEAR BOX | C27: =BFLY!B20 -> 10 BAR | D27: 1 | F27: 1 | J27: =C27 -> 10 BAR | K27: =IF(C27="PIYAKE",L27,IF(C27="10 BAR",M27,IF(C27="20 BAR",N27))) -> 98000 | L27: 16410 | M27: 98000 | N27: 98000
A28: 21 | B28: 페인트, 조립 | C28: CEPHAS | D28: 1 | F28: 1 | I28: 7200 | J28: 6000 | K28: =I28+J28 -> 13200
A29: 22 | B29: 밸브합산(BEAR) | K29: =SUM(K6:K25,K28) -> 228912
A30: 23 | B30: 밸브합산(LEVER) | K30: =SUM(K6:K26,K28) -> 251912
A31: 24 | B31: 밸브합산(GEAR) | K31: =SUM(K6:K25,K27:K28) -> 326912
A32: 25
A33: 26 | B33: ACTUATOR | D33: 1 | K33: =I33+J33 -> 0
A34: 27 | B34: ACTUATOR BOLT/WASHER | D34: 4 | K34: =I34+J34 -> 0
B35: 포장비용 | D35: 1 | K35: 14500
A36: 28 | B36: 밸브외 사급품 비용 연산 | I36: =SUM(K32:K35) -> 14500 | J36: 1 | K36: =J36*I36 -> 14500
A37: 29
A38: 30 | B38: FACTOR(BEAR) | I38: =K29 -> 228912 | J38: =BFLY!B21 -> 1 | K38: =J38*I38 -> 228912
A39: 31 | B39: FACTOR(LEVER) | I39: =K30 -> 251912 | J39: =BFLY!B21 -> 1 | K39: =J39*I39 -> 251912
A40: 32 | B40: FACTOR(GEAR) | I40: =K31 -> 326912 | J40: =BFLY!B21 -> 1 | K40: =J40*I40 -> 326912
A41: 33 | B41: 견적가격(TOTAL금액) - BEAR | K41: =SUM(K36,K38) -> 243412
A42: 34 | B42: 견적가격(TOTAL금액) - LEVER | K42: =SUM(K36,K39) -> 266412
A43: 35 | B43: 견적가격(TOTAL금액) - GEAR | K43: =SUM(K36,K40) -> 341412

Sheet 125A
A1: HIGH PERFORMANCE BFV 원가 分析表
A3: SIZE : 125A | C3: 압력 : 150# | F3: PJT : | M3: 주강 콘센트릭
A5: NO. | B5: 부품명 | C5: 재질 | D5: 수량 | E5: 규격 | F5: 단중 | G5: 업체 | H5: 단가 | I5: 소계 | J5: 가공비 | K5: 합계 | Q5: 소재비 | R5: 가공비 | T5: 합
A6: 1 | B6: BODY(WAFER) | C6: =BFLY!B13 -> CF8 | D6: 1 | F6: =IF(C6="WCB",6.7,IF(C6="CF8",6.7,IF(C6="CF8M",6.7))) -> 6.7 | H6: =BFLY!C13 -> 4000 | I6: =D6*F6*H6 -> 26800 | J6: =IF(C6="WCB",50000,IF(C6="CF8",50000,IF(C6="CF8M",50000))) -> 50000 | K6: =I6+J6 -> 76800 | P6: 외주가공 WAFER | R6: 50000 | T6: =R6+Q6 -> 50000
B7: BODY(LUG) | C7: =BFLY!B14 -> 0 | D7: 1 | F7: =IF(C7="WCB",16,IF(C7="CF8",16,IF(C7="CF8M",16))) -> FALSE | H7: =BFLY!C14 -> 0 | I7: =D7*F7*H7 -> 0 | J7: =IF(C7="WCB",53000,IF(C7="CF8",53000,IF(C7="CF8M",53000))) -> FALSE | K7: =I7+J7 -> 0 | P7: 외주가공 LUG | R7: 53000 | T7: =R7+Q7 -> 53000
B8: BODY(FLANGE) | C8: =BFLY!B15 -> CF8 | D8: 1 | F8: =29*1.1 -> 31.9 | H8: =BFLY!C15 -> 0 | I8: =D8*F8*H8 -> 0 | J8: =IF(C8="WCB",58000,IF(C8="CF8",58000,IF(C8="CF8M",58000))) -> 58000 | K8: =I8+J8 -> 58000 | L8: TEFLON SEAT | M8: METAL TEFLON SEAT | P8: 외주가공 FLANGE | R8: 58000 | T8: =R8+Q8 -> 58000
A9: 2 | B9: DISC | C9: =BFLY!B16 -> CF8M | D9: 1 | F9: =IF(C9="CF8",1.34,IF(C9="CF8M",1.34,IF(C9="CF3M",1.34,IF(C9="B148",2.7)))) -> 1.34 | H9: =BFLY!C16 -> 8000 | I9: =D9*F9*H9 -> 10720 | J9: 10000 | K9: =I9+J9 -> 20720 | L9: TEFLON | M9: TEFLON | N9: METAL | O9: 합계
A10: 3 | B10: SEAT | C10: =BFLY!B19 -> RTFE | D10: 1 | I10: =IF(C10="RTFE",8900,IF(C10="RTFE-A",8480,IF(C10="METAL-B",3510,IF(C10="RTFE + METAL",11800)))) -> 8900 | J10: =IF(C10="RTFE",2300,IF(C10="METAL-B",12500,IF(C10="RTFE + METAL",8000))) -> 2300 | K10: =I10+J10 -> 11200 | L10: 8900 | M10: 8300 | N10: 3500 | O10: =M10+N10 -> 11800
A11: 4 | B11: STEM(上,下) | C11: =BFLY!B17 -> A564T630 | D11: 1 | F11: 0.92 | H11: =BFLY!C17 -> 8000 | I11: =D11*F11*H11 -> 7360 | J11: 4000 | K11: =I11+J11 -> 11360 | P11: STEM | R11: 4000 | T11: =R11+Q11 -> 4000
A12: 5 | B12: RETAINER RING | C12: SS316 | D12: 1 | F12: 1 | H12: 14050 | I12: =D12*F12*H12 -> 14050 | J12: 9000 | K12: =I12+J12 -> 23050 | P12: RETAINER RING | Q12: =11.71*1200 -> 14052 | R12: 9000 | T12: =R12+Q12 -> 23052
A13: 6 | B13: RETAINER BOLT | C13: B8M | D13: 4 | F13: 1 | H13: 600 | I13: =D13*F13*H13 -> 2400 | K13: =H13*D13 -> 2400
A14: 7 | B14: BUSH | C14: SS316 | D14: 2 | F14: 1 | I14: 3510 | J14: 7530 | K14: =(I14+J14)*D14 -> 22080 | T14: =R14+Q14 -> 0
A15: 8 | B15: PACKING | C15: GRAPHITE | D15: 1 | F15: 1 | H15: 4500 | I15: =D15*F15*H15 -> 4500 | K15: =I15+J15 -> 4500 | P15: PACKING (완제품)
A16: 9 | B16: PACKING GLAND | C16: CF8/CF8M | D16: 1 | F16: 1 | H16: 1050 | I16: =D16*F16*H16 -> 1050 | J16: 300 | K16: =I16+J16 -> 1350 | P16: PACKING GLAND (소재+가공비) | T16: =0.96*1200 -> 1152
A17: 10 | B17: GLAND BOLT/NUT | C17: B8M | D17: 2 | F17: 1 | H17: 600 | I17: =D17*F17*H17 -> 1200 | K17: =I17+J17 -> 1200
A18: 11 | B18: COLOR | C18: SS316 | D18: 1 | F18: 1 | H18: 120 | I18: =D18*F18*H18 -> 120 | J18: 100 | K18: =I18+J18 -> 220 | T18: =R18+Q18 -> 0
A19: 12 | B19: DISCK PIN | C19: SS630 | D19: 2 | F19: 1 | H19: 225 | I19: =D19*F19*H19 -> 450 | J19: 160 | K19: =I19+J19 -> 610 | T19: =R19+Q19 -> 0
A20: 13 | B20: END COVER | C20: SS316 | D20: 1 | F20: 1 | H20: 610 | I20: =D20*F20*H20 -> 610 | J20: 300 | K20: 3350 | P20: END COVER (소재+가공비) | T20: =2.79*1200 -> 3348
A21: 14 | B21: END COVER BOLT | C21: B8M | D21: 4 | F21: 1 | H21: 100 | I21: =D21*F21*H21 -> 400 | K21: =I21+J21 -> 400
A22: 15 | B22: GASKET | C22: N-ASBESTOS | D22: 1 | F22: 1 | H22: 1250 | I22: =D22*F22*H22 -> 1250 | K22: =I22+J22 -> 1250
A23: 16 | B23: TAG | C23: SS316 | D23: 1 | F23: 1 | H23: 900 | I23: =D23*F23*H23 -> 900 | K23: =I23+J23 -> 900
A24: 17 | B24: INDICATOR | C24: SS304 | D24: 1 | F24: 1 | H24: 3000 | I24: =D24*F24*H24 -> 3000 | K24: =I24+J24 -> 3000
A25: 18 | B25: INDICATOR BOLT/NUT | C25: B8M | D25: 4 | F25: 1 | H25: 160 | I25: =D25*F25*H25 -> 640 | K25: =I25+J25 -> 640
A26: 19 | B26: LEVER | C26: SS304 | D26: 1 | F26: 1 | J26: SUS | K26: 23000 | L26: 11000
A27: 20 | B27: GEAR BOX | C27: =BFLY!B20 -> 10 BAR | D27: 1 | F27: 1 | J27: =C27 -> 10 BAR | K27: =IF(C27="PIYAKE",L27,IF(C27="10 BAR",M27,IF(C27="20 BAR",N27))) -> 98000 | L27: 17510 | M27: 98000 | N27: 98000
A28: 21 | B28: 페인트, 조립 | C28: CEPHAS | D28: 1 | F28: 1 | I28: 9000 | J28: 6000 | K28: =I28+J28 -> 15000
A29: 22 | B29: 밸브합산(BEAR) | K29: =SUM(K6:K25,K28) -> 258030
A30: 23 | B30: 밸브합산(LEVER) | K30: =SUM(K6:K26,K28) -> 281030
A31: 24 | B31: 밸브합산(GEAR) | K31: =SUM(K6:K25,K27:K28) -> 356030
A32: 25
A33: 26 | B33: ACTUATOR | D33: 1 | K33: =I33+J33 -> 0
A34: 27 | B34: ACTUATOR BOLT/WASHER | D34: 4 | K34: =I34+J34 -> 0
B35: 포장비용 | D35: 1 | K35: 14000
A36: 28 | B36: 밸브외 사급품 비용 연산 | I36: =SUM(K32:K35) -> 14000 | J36: 1 | K36: =J36*I36 -> 14000
A37: 29
A38: 30 | B38: FACTOR(BEAR) | I38: =K29 -> 258030 | J38: =BFLY!B21 -> 1 | K38: =J38*I38 -> 258030
A39: 31 | B39: FACTOR(LEVER) | I39: =K30 -> 281030 | J39: =BFLY!B21 -> 1 | K39: =J39*I39 -> 281030
A40: 32 | B40: FACTOR(GEAR) | I40: =K31 -> 356030 | J40: =BFLY!B21 -> 1 | K40: =J40*I40 -> 356030
A41: 33 | B41: 견적가격(TOTAL금액) - BEAR | K41: =SUM(K36,K38) -> 272030
A42: 34 | B42: 견적가격(TOTAL금액) - LEVER | K42: =SUM(K36,K39) -> 295030
A43: 35 | B43: 견적가격(TOTAL금액) - GEAR | K43: =SUM(K36,K40) -> 370030

Sheet 150A
A1: HIGH PERFORMANCE BFV 원가 分析表
A3: SIZE : 150A | C3: 압력 : 150# | F3: PJT :
A5: NO. | B5: 부품명 | C5: 재질 | D5: 수량 | E5: 규격 | F5: 단중 | G5: 업체 | H5: 단가 | I5: 소계 | J5: 가공비 | K5: 합계 | Q5: 소재비 | R5: 가공비 | T5: 합
A6: 1 | B6: BODY(WAFER) | C6: =BFLY!B13 -> CF8 | D6: 1 | F6: =IF(C6="WCB",11,IF(C6="CF8",11,IF(C6="CF8M",11))) -> 11 | H6: =BFLY!C13 -> 4000 | I6: =D6*F6*H6 -> 44000 | J6: =IF(C6="WCB",55000,IF(C6="CF8",55000,IF(C6="CF8M",55000))) -> 55000 | K6: =I6+J6 -> 99000 | P6: 외주가공 WAFER | R6: 55000 | T6: =R6+Q6 -> 55000
B7: BODY(LUG) | C7: =BFLY!B14 -> 0 | D7: 1 | F7: =IF(C7="WCB",16,IF(C7="CF8",16,IF(C7="CF8M",16))) -> FALSE | H7: =BFLY!C14 -> 0 | I7: =D7*F7*H7 -> 0 | J7: =IF(C7="WCB",63000,IF(C7="CF8",63000,IF(C7="CF8M",63000))) -> FALSE | K7: =I7+J7 -> 0 | P7: 외주가공 LUG | R7: 63000 | T7: =R7+Q7 -> 63000
B8: BODY(FLANGE) | C8: =BFLY!B15 -> CF8 | D8: 1 | F8: =32*1.1 -> 35.2 | H8: =BFLY!C15 -> 0 | I8: =D8*F8*H8 -> 0 | J8: =IF(C8="WCB",68000,IF(C8="CF8",68000,IF(C8="CF8M",68000))) -> 68000 | K8: =I8+J8 -> 68000 | L8: TEFLON SEAT | M8: METAL TEFLON SEAT | P8: 외주가공 FLANGE | R8: 68000 | T8: =R8+Q8 -> 68000
A9: 2 | B9: DISC | C9: =BFLY!B16 -> CF8M | D9: 1 | F9: =IF(C9="CF8",3.5,IF(C9="CF8M",3.5,IF(C9="CF3M",3.5,IF(C9="B148",3.5)))) -> 3.5 | H9: =BFLY!C16 -> 8000 | I9: =D9*F9*H9 -> 28000 | J9: 10000 | K9: =I9+J9 -> 38000 | L9: TEFLON | M9: TEFLON | N9: METAL | O9: 합계
A10: 3 | B10: SEAT | C10: =BFLY!B19 -> RTFE | D10: 1 | I10: =IF(C10="RTFE",18560,IF(C10="RTFE-A",13050,IF(C10="METAL-B",4800,IF(C10="RTFE + METAL",17100)))) -> 18560 | J10: =IF(C10="RTFE",2500,IF(C10="METAL-B",12500,IF(C10="RTFE + METAL",10000))) -> 2500 | K10: =I10+J10 -> 21060 | L10: 18560 | M10: 11900 | N10: 5200 | O10: =M10+N10 -> 17100
A11: 4 | B11: STEM(上,下) | C11: =BFLY!B17 -> A564T630 | D11: 1 | F11: 1 | H11: =BFLY!C17 -> 8000 | I11: =D11*F11*H11 -> 8000 | J11: 9000 | K11: =I11+J11 -> 17000 | P11: STEM | R11: 4000 | T11: =R11+Q11 -> 4000
A12: 5 | B12: RETAINER RING | C12: SS316 | D12: 1 | F12: 1 | H12: 19200 | I12: =D12*F12*H12 -> 19200 | J12: 10000 | K12: =I12+J12 -> 29200 | P12: RETAINER RING | Q12: =15.99*1200 -> 19188 | R12: 10000 | T12: =R12+Q12 -> 29188
A13: 6 | B13: RETAINER BOLT | C13: B8M | D13: 4 | F13: 1 | H13: 600 | I13: =D13*F13*H13 -> 2400 | K13: =H13*D13 -> 2400
A14: 7 | B14: BUSH | C14: SS316 | D14: 2 | F14: 1 | I14: 4050 | J14: 8790 | K14: =(I14+J14)*D14 -> 25680 | T14: =R14+Q14 -> 0
A15: 8 | B15: PACKING | C15: GRAPHITE | D15: 1 | F15: 1 | H15: 4500 | I15: =D15*F15*H15 -> 4500 | K15: =I15+J15 -> 4500 | P15: PACKING (완제품)
A16: 9 | B16: PACKING GLAND | C16: CF8/CF8M | D16: 1 | F16: 1 | H16: 1050 | I16: =D16*F16*H16 -> 1050 | J16: 300 | K16: =I16+J16 -> 1350 | P16: PACKING GLAND (소재+가공비) | T16: =0.96*1200 -> 1152
A17: 10 | B17: GLAND BOLT/NUT | C17: B8M | D17: 2 | F17: 1 | H17: 600 | I17: =D17*F17*H17 -> 1200 | K17: =I17+J17 -> 1200
A18: 11 | B18: COLOR | C18: SS316 | D18: 1 | F18: 1 | H18: 120 | I18: =D18*F18*H18 -> 120 | J18: 100 | K18: =I18+J18 -> 220 | T18: =R18+Q18 -> 0
A19: 12 | B19: DISCK PIN | C19: SS630 | D19: 2 | F19: 1 | H19: 225 | I19: =D19*F19*H19 -> 450 | J19: 160 | K19: =I19+J19 -> 610 | T19: =R19+Q19 -> 0
A20: 13 | B20: END COVER | C20: SS316 | D20: 1 | F20: 1 | H20: 611 | I20: =D20*F20*H20 -> 611 | J20: 300 | K20: 3350 | P20: END COVER (소재+가공비) | T20: =2.79*1200 -> 3348
A21: 14 | B21: END COVER BOLT | C21: B8M | D21: 4 | F21: 1 | H21: 100 | I21: =D21*F21*H21 -> 400 | K21: =I21+J21 -> 400
A22: 15 | B22: GASKET | C22: N-ASBESTOS | D22: 1 | F22: 1 | H22: 1250 | I22: =D22*F22*H22 -> 1250 | K22: =I22+J22 -> 1250
A23: 16 | B23: TAG | C23: SS316 | D23: 1 | F23: 1 | H23: 900 | I23: =D23*F23*H23 -> 900 | K23: =I23+J23 -> 900
A24: 17 | B24: INDICATOR | C24: SS304 | D24: 1 | F24: 1 | H24: 3000 | I24: =D24*F24*H24 -> 3000 | K24: =I24+J24 -> 3000
A25: 18 | B25: INDICATOR BOLT/NUT | C25: B8M | D25: 4 | F25: 1 | H25: 160 | I25: =D25*F25*H25 -> 640 | K25: =I25+J25 -> 640
A26: 19 | B26: LEVER | C26: SS304 | D26: 1 | F26: 1 | J26: SUS | K26: 23000 | L26: 11000
A27: 20 | B27: GEAR BOX | C27: =BFLY!B20 -> 10 BAR | D27: 1 | F27: 1 | J27: =C27 -> 10 BAR | K27: =IF(C27="PIYAKE",L27,IF(C27="10 BAR",M27,IF(C27="20 BAR",N27))) -> 98000 | L27: 17510 | M27: 98000 | N27: 98000
A28: 21 | B28: 페인트, 조립 | C28: CEPHAS | D28: 1 | F28: 1 | I28: 15000 | J28: 6000 | K28: =I28+J28 -> 21000
A29: 22 | B29: 밸브합산(BEAR) | K29: =SUM(K6:K25,K28) -> 338760
A30: 23 | B30: 밸브합산(LEVER) | K30: =SUM(K6:K26,K28) -> 361760
A31: 24 | B31: 밸브합산(GEAR) | K31: =SUM(K6:K25,K27:K28) -> 436760
A32: 25
A33: 26 | B33: ACTUATOR | D33: 1 | K33: =I33+J33 -> 0
A34: 27 | B34: ACTUATOR BOLT/WASHER | D34: 4 | K34: =I34+J34 -> 0
B35: 포장비용 | D35: 1 | K35: 15000
A36: 28 | B36: 밸브외 사급품 비용 연산 | I36: =SUM(K32:K35) -> 15000 | J36: 1 | K36: =J36*I36 -> 15000
A37: 29
A38: 30 | B38: FACTOR(BEAR) | I38: =K29 -> 338760 | J38: =BFLY!B21 -> 1 | K38: =J38*I38 -> 338760
A39: 31 | B39: FACTOR(LEVER) | I39: =K30 -> 361760 | J39: =BFLY!B21 -> 1 | K39: =J39*I39 -> 361760
A40: 32 | B40: FACTOR(GEAR) | I40: =K31 -> 436760 | J40: =BFLY!B21 -> 1 | K40: =J40*I40 -> 436760
A41: 33 | B41: 견적가격(TOTAL금액) - BEAR | K41: =SUM(K36,K38) -> 353760
A42: 34 | B42: 견적가격(TOTAL금액) - LEVER | K42: =SUM(K36,K39) -> 376760
A43: 35 | B43: 견적가격(TOTAL금액) - GEAR | K43: =SUM(K36,K40) -> 451760

Sheet 200A
A1: HIGH PERFORMANCE BFV 원가 分析表
A3: SIZE : 200A | C3: 압력 : 150# | F3: PJT :
A5: NO. | B5: 부품명 | C5: 재질 | D5: 수량 | E5: 규격 | F5: 단중 | G5: 업체 | H5: 단가 | I5: 소계 | J5: 가공비 | K5: 합계 | Q5: 소재비 | R5: 가공비 | T5: 합
A6: 1 | B6: BODY(WAFER) | C6: =BFLY!B13 -> CF8 | D6: 1 | F6: =IF(C6="WCB",15,IF(C6="CF8",15,IF(C6="CF8M",15))) -> 15 | H6: =BFLY!C13 -> 4000 | I6: =D6*F6*H6 -> 60000 | J6: =IF(C6="WCB",70000,IF(C6="CF8",70000,IF(C6="CF8M",70000))) -> 70000 | K6: =I6+J6 -> 130000 | P6: 외주가공 WAFER | R6: 70000 | T6: =R6+Q6 -> 70000
B7: BODY(LUG) | C7: =BFLY!B14 -> 0 | D7: 1 | F7: =IF(C7="WCB",19,IF(C7="CF8",19,IF(C7="CF8M",19))) -> FALSE | H7: =BFLY!C14 -> 0 | I7: =D7*F7*H7 -> 0 | J7: =IF(C7="WCB",85000,IF(C7="CF8",85000,IF(C7="CF8M",85000))) -> FALSE | K7: =I7+J7 -> 0 | P7: 외주가공 LUG | R7: 85000 | T7: =R7+Q7 -> 85000
B8: BODY(FLANGE) | C8: =BFLY!B15 -> CF8 | D8: 1 | F8: =52*1.1 -> 57.2 | H8: =BFLY!C15 -> 0 | I8: =D8*F8*H8 -> 0 | J8: =IF(C8="WCB",90000,IF(C8="CF8",90000,IF(C8="CF8M",90000))) -> 90000 | K8: =I8+J8 -> 90000 | L8: TEFLON SEAT | M8: METAL TEFLON SEAT | P8: 외주가공 FLANGE | R8: 90000 | T8: =R8+Q8 -> 90000
A9: 2 | B9: DISC | C9: =BFLY!B16 -> CF8M | D9: 1 | F9: =IF(C9="CF8",4.18,IF(C9="CF8M",4.18,IF(C9="CF3M",4.18,IF(C9="B148",5.5)))) -> 4.18 | H9: =BFLY!C16 -> 8000 | I9: =D9*F9*H9 -> 33440 | J9: =IF(C9="CF8",14000,IF(C9="CF8M",14000,IF(C9="CF3M",14000,IF(C9="B148",20000)))) -> 14000 | K9: =I9+J9 -> 47440 | L9: TEFLON | M9: TEFLON | N9: METAL | O9: 합계
A10: 3 | B10: SEAT | C10: =BFLY!B19 -> RTFE | D10: 1 | I10: =IF(C10="RTFE",20100,IF(C10="RTFE-A",16710,IF(C10="METAL-B",5850,IF(C10="RTFE + METAL",25100)))) -> 20100 | J10: =IF(C10="RTFE",2800,IF(C10="METAL-B",19500,IF(C10="RTFE + METAL",10000))) -> 2800 | K10: =I10+J10 -> 22900 | L10: 20100 | M10: 18800 | N10: 6300 | O10: =M10+N10 -> 25100
A11: 4 | B11: STEM(上,下) | C11: =BFLY!B17 -> A564T630 | D11: 1 | F11: 1.974 | H11: =BFLY!C17 -> 8000 | I11: =D11*F11*H11 -> 15792 | J11: 6000 | K11: =I11+J11 -> 21792 | P11: STEM | R11: 6000 | T11: =R11+Q11 -> 6000
A12: 5 | B12: RETAINER RING | C12: SS316 | D12: 1 | F12: 1 | H12: 33500 | I12: =D12*F12*H12 -> 33500 | J12: 13000 | K12: =I12+J12 -> 46500 | P12: RETAINER RING | Q12: =27.78*1200 -> 33336 | R12: 13000 | T12: =R12+Q12 -> 46336
A13: 6 | B13: RETAINER BOLT | C13: B8M | D13: 4 | F13: 1 | H13: 600 | I13: =D13*F13*H13 -> 2400 | K13: =H13*D13 -> 2400
A14: 7 | B14: BUSH | C14: SS316 | D14: 2 | F14: 1 | I14: 5670 | J14: 13060 | K14: =(I14+J14)*D14 -> 37460 | T14: =R14+Q14 -> 0
A15: 8 | B15: PACKING | C15: GRAPHITE | D15: 1 | F15: 1 | H15: 6500 | I15: =D15*F15*H15 -> 6500 | K15: =I15+J15 -> 6500 | P15: PACKING (완제품)
A16: 9 | B16: PACKING GLAND | C16: CF8/CF8M | D16: 1 | F16: 1 | H16: 1310 | I16: =D16*F16*H16 -> 1310 | J16: 300 | K16: =I16+J16 -> 1610 | P16: PACKING GLAND (소재+가공비) | T16: =1.22*1200 -> 1464
A17: 10 | B17: GLAND BOLT/NUT | C17: B8M | D17: 2 | F17: 1 | H17: 600 | I17: =D17*F17*H17 -> 1200 | K17: =I17+J17 -> 1200
A18: 11 | B18: COLOR | C18: SS316 | D18: 1 | F18: 1 | H18: 180 | I18: =D18*F18*H18 -> 180 | J18: 100 | K18: =I18+J18 -> 280 | T18: =R18+Q18 -> 0
A19: 12 | B19: DISCK PIN | C19: SS630 | D19: 2 | F19: 1 | H19: 350 | I19: =H19 -> 350 | J19: 180 | K19: =(I19+J19)*D19 -> 1060 | T19: =R19+Q19 -> 0
A20: 13 | B20: END COVER | C20: SS316 | D20: 1 | F20: 1 | H20: 950 | I20: =D20*F20*H20 -> 950 | J20: 300 | K20: 5200 | P20: END COVER (소재+가공비) | T20: =4.34*1200 -> 5208
A21: 14 | B21: END COVER BOLT | C21: B8M | D21: 4 | F21: 1 | H21: 100 | I21: =D21*F21*H21 -> 400 | K21: =I21+J21 -> 400
A22: 15 | B22: GASKET | C22: N-ASBESTOS | D22: 1 | F22: 1 | H22: 1500 | I22: =D22*F22*H22 -> 1500 | K22: =I22+J22 -> 1500
A23: 16 | B23: TAG | C23: SS316 | D23: 1 | F23: 1 | H23: 900 | I23: =D23*F23*H23 -> 900 | K23: =I23+J23 -> 900
A24: 17 | B24: INDICATOR | C24: SS304 | D24: 1 | F24: 1 | H24: 4950 | I24: =D24*F24*H24 -> 4950 | K24: =I24+J24 -> 4950
A25: 18 | B25: INDICATOR BOLT/NUT | C25: B8M | D25: 4 | F25: 1 | H25: 360 | I25: =D25*F25*H25 -> 1440 | K25: =I25+J25 -> 1440
A26: 19 | B26: LEVER | C26: SS304 | D26: 1 | F26: 1 | I26: 19420 | J26: 6500 | K26: =I26+J26 -> 25920
A27: 20 | B27: GEAR BOX | C27: =BFLY!B20 -> 10 BAR | D27: 1 | F27: 1 | J27: =C27 -> 10 BAR | K27: =IF(C27="PIYAKE",L27,IF(C27="10 BAR",M27,IF(C27="20 BAR",N27))) -> 98000 | L27: 50000 | M27: 98000 | N27: 98000
A28: 21 | B28: 페인트, 조립 | C28: CEPHAS | D28: 1 | F28: 1 | I28: 15000 | J28: 10000 | K28: =I28+J28 -> 25000
A29: 22 | B29: 밸브합산(BEAR) | K29: =SUM(K6:K25,K28) -> 448532
A30: 23 | B30: 밸브합산(LEVER) | K30: =SUM(K6:K26,K28) -> 474452
A31: 24 | B31: 밸브합산(GEAR) | K31: =SUM(K6:K25,K27:K28) -> 546532
A32: 25
A33: 26 | B33: ACTUATOR | D33: 1 | K33: =I33+J33 -> 0
A34: 27 | B34: ACTUATOR BOLT/WASHER | D34: 4 | K34: =I34+J34 -> 0
B35: 포장비용 | D35: 1 | K35: 17000
A36: 28 | B36: 밸브외 사급품 비용 연산 | I36: =SUM(K32:K35) -> 17000 | J36: 1 | K36: =J36*I36 -> 17000
A37: 29
A38: 30 | B38: FACTOR(BEAR) | I38: =K29 -> 448532 | J38: =BFLY!B21 -> 1 | K38: =J38*I38 -> 448532
A39: 31 | B39: FACTOR(LEVER) | I39: =K30 -> 474452 | J39: =BFLY!B21 -> 1 | K39: =J39*I39 -> 474452
A40: 32 | B40: FACTOR(GEAR) | I40: =K31 -> 546532 | J40: =BFLY!B21 -> 1 | K40: =J40*I40 -> 546532
A41: 33 | B41: 견적가격(TOTAL금액) - BEAR | K41: =SUM(K36,K38) -> 465532
A42: 34 | B42: 견적가격(TOTAL금액) - LEVER | K42: =SUM(K36,K39) -> 491452
A43: 35 | B43: 견적가격(TOTAL금액) - GEAR | K43: =SUM(K36,K40) -> 563532

Sheet 250A
A1: HIGH PERFORMANCE BFV 원가 分析表
A3: SIZE : 250A | C3: 압력 : 150# | F3: PJT :
A5: NO. | B5: 부품명 | C5: 재질 | D5: 수량 | E5: 규격 | F5: 단중 | G5: 업체 | H5: 단가 | I5: 소계 | J5: 가공비 | K5: 합계 | Q5: 소재비 | R5: 가공비 | T5: 합
A6: 1 | B6: BODY(WAFER) | C6: =BFLY!B13 -> CF8 | D6: 1 | F6: =IF(C6="WCB",26,IF(C6="CF8",26,IF(C6="CF8M",26))) -> 26 | H6: =BFLY!C13 -> 4000 | I6: =D6*F6*H6 -> 104000 | J6: =IF(C6="WCB",90000,IF(C6="CF8",90000,IF(C6="CF8M",90000))) -> 90000 | K6: =I6+J6 -> 194000 | P6: 외주가공 WAFER | R6: 90000 | T6: =R6+Q6 -> 90000
B7: BODY(LUG) | C7: =BFLY!B14 -> 0 | D7: 1 | F7: =IF(C7="WCB",36,IF(C7="CF8",36,IF(C7="CF8M",36))) -> FALSE | H7: =BFLY!C14 -> 0 | I7: =D7*F7*H7 -> 0 | J7: =IF(C7="WCB",110000,IF(C7="CF8",110000,IF(C7="CF8M",110000))) -> FALSE | K7: =I7+J7 -> 0 | P7: 외주가공 LUG | R7: 110000 | T7: =R7+Q7 -> 110000
B8: BODY(FLANGE) | C8: =BFLY!B15 -> CF8 | D8: 1 | F8: =70*1.1 -> 77 | H8: =BFLY!C15 -> 0 | I8: =D8*F8*H8 -> 0 | J8: =IF(C8="WCB",130000,IF(C8="CF8",130000,IF(C8="CF8M",130000))) -> 130000 | K8: =I8+J8 -> 130000 | L8: TEFLON SEAT | M8: METAL TEFLON SEAT | P8: 외주가공 FLANGE | R8: 130000 | T8: =R8+Q8 -> 130000
A9: 2 | B9: DISC | C9: =BFLY!B16 -> CF8M | D9: 1 | F9: =IF(C9="CF8",8,IF(C9="CF8M",8,IF(C9="CF3M",8,IF(C9="B148",10)))) -> 8 | H9: =BFLY!C16 -> 8000 | I9: =D9*F9*H9 -> 64000 | J9: =IF(C9="CF8",18000,IF(C9="CF8M",18000,IF(C9="CF3M",18000,IF(C9="B148",25000)))) -> 18000 | K9: =I9+J9 -> 82000 | L9: TEFLON | M9: TEFLON | N9: METAL | O9: 합계
A10: 3 | B10: SEAT | C10: =BFLY!B19 -> RTFE | D10: 1 | I10: =IF(C10="RTFE",30800,IF(C10="RTFE-A",25850,IF(C10="METAL-B",6450,IF(C10="RTFE + METAL",37900)))) -> 30800 | J10: =IF(C10="RTFE",3400,IF(C10="METAL-B",20000,IF(C10="RTFE + METAL",10000))) -> 3400 | K10: =I10+J10 -> 34200 | L10: 30800 | M10: 30800 | N10: 7100 | O10: =M10+N10 -> 37900
A11: 4 | B11: STEM(上,下) | C11: =BFLY!B17 -> A564T630 | D11: 1 | F11: 3.1 | H11: =BFLY!C17 -> 8000 | I11: =D11*F11*H11 -> 24800 | J11: 6000 | K11: =I11+J11 -> 30800 | P11: STEM | R11: 6000 | T11: =R11+Q11 -> 6000
A12: 5 | B12: RETAINER RING | C12: SS316 | D12: 1 | F12: 1 | H12: 41500 | I12: =D12*F12*H12 -> 41500 | J12: 15000 | K12: =I12+J12 -> 56500 | P12: RETAINER RING | Q12: =34.59*1200 -> 41508 | R12: 15000 | T12: =R12+Q12 -> 56508
A13: 6 | B13: RETAINER BOLT | C13: B8M | D13: 4 | F13: 1 | H13: 700 | I13: =D13*F13*H13 -> 2800 | K13: =H13*D13 -> 2800
A14: 7 | B14: BUSH | C14: SS316 | D14: 2 | F14: 1 | I14: 6080 | J14: 15200 | K14: =(I14+J14)*D14 -> 42560 | T14: =R14+Q14 -> 0
A15: 8 | B15: PACKING | C15: GRAPHITE | D15: 1 | F15: 1 | H15: 7000 | I15: =D15*F15*H15 -> 7000 | K15: =I15+J15 -> 7000 | P15: PACKING (완제품)
A16: 9 | B16: PACKING GLAND | C16: CF8/CF8M | D16: 1 | F16: 1 | H16: 2445 | I16: =D16*F16*H16 -> 2445 | J16: 500 | K16: =I16+J16 -> 2945 | P16: PACKING GLAND (소재+가공비) | T16: =2.45*1200 -> 2940
A17: 10 | B17: GLAND BOLT/NUT | C17: B8M | D17: 2 | F17: 1 | H17: 600 | I17: =D17*F17*H17 -> 1200 | K17: =I17+J17 -> 1200
A18: 11 | B18: COLOR | C18: SS316 | D18: 1 | F18: 1 | H18: 400 | I18: =D18*F18*H18 -> 400 | J18: 500 | K18: =I18+J18 -> 900 | T18: =R18+Q18 -> 0
A19: 12 | B19: DISCK PIN | C19: SS630 | D19: 2 | F19: 1 | H19: 450 | I19: =H19 -> 450 | J19: 480 | K19: =(I19+J19)*D19 -> 1860 | T19: =R19+Q19 -> 0
A20: 13 | B20: END COVER | C20: SS316 | D20: 1 | F20: 1 | H20: 2270 | I20: =D20*F20*H20 -> 2270 | J20: 1000 | K20: 6670 | P20: END COVER (소재+가공비) | T20: =5.56*1200 -> 6672
A21: 14 | B21: END COVER BOLT | C21: B8M | D21: 4 | F21: 1 | H21: 100 | I21: =D21*F21*H21 -> 400 | K21: =I21+J21 -> 400
A22: 15 | B22: GASKET | C22: N-ASBESTOS | D22: 1 | F22: 1 | H22: 1900 | I22: =D22*F22*H22 -> 1900 | K22: =I22+J22 -> 1900
A23: 16 | B23: TAG | C23: SS316 | D23: 1 | F23: 1 | H23: 900 | I23: =D23*F23*H23 -> 900 | K23: =I23+J23 -> 900
A24: 17 | B24: INDICATOR | C24: SS304 | D24: 1 | F24: 1 | H24: 4950 | I24: =D24*F24*H24 -> 4950 | K24: =I24+J24 -> 4950
A25: 18 | B25: INDICATOR BOLT/NUT | C25: B8M | D25: 4 | F25: 1 | H25: 360 | I25: =D25*F25*H25 -> 1440 | K25: =I25+J25 -> 1440
A26: 19 | B26: LEVER | C26: SS304 | D26: 1 | F26: 1 | I26: 19420 | J26: 6500 | K26: =I26+J26 -> 25920
A27: 20 | B27: GEAR BOX | C27: =BFLY!B20 -> 10 BAR | D27: 1 | F27: 1 | J27: =C27 -> 10 BAR | K27: =IF(C27="PIYAKE",L27,IF(C27="10 BAR",M27,IF(C27="20 BAR",N27))) -> 98000 | M27: 98000 | N27: 203000
A28: 21 | B28: 페인트, 조립 | C28: CEPHAS | D28: 1 | F28: 1 | I28: 15000 | J28: 10000 | K28: =I28+J28 -> 25000
A29: 22 | B29: 밸브합산(BEAR) | K29: =SUM(K6:K25,K28) -> 628025
A30: 23 | B30: 밸브합산(LEVER) | K30: =SUM(K6:K26,K28) -> 653945
A31: 24 | B31: 밸브합산(GEAR) | K31: =SUM(K6:K25,K27:K28) -> 726025
A32: 25
A33: 26 | B33: ACTUATOR | D33: 1 | K33: =I33+J33 -> 0
A34: 27 | B34: ACTUATOR BOLT/WASHER | D34: 4 | K34: =I34+J34 -> 0
B35: 포장비용 | D35: 1 | K35: 24200
A36: 28 | B36: 밸브외 사급품 비용 연산 | I36: =SUM(K32:K35) -> 24200 | J36: 1 | K36: =J36*I36 -> 24200
A37: 29
A38: 30 | B38: FACTOR(BEAR) | I38: =K29 -> 628025 | J38: =BFLY!B21 -> 1 | K38: =J38*I38 -> 628025
A39: 31 | B39: FACTOR(LEVER) | I39: =K30 -> 653945 | J39: =BFLY!B21 -> 1 | K39: =J39*I39 -> 653945
A40: 32 | B40: FACTOR(GEAR) | I40: =K31 -> 726025 | J40: =BFLY!B21 -> 1 | K40: =J40*I40 -> 726025
A41: 33 | B41: 견적가격(TOTAL금액) - BEAR | K41: =SUM(K36,K38) -> 652225
A42: 34 | B42: 견적가격(TOTAL금액) - LEVER | K42: =SUM(K36,K39) -> 678145
A43: 35 | B43: 견적가격(TOTAL금액) - GEAR | K43: =SUM(K36,K40) -> 750225

Sheet 300A
A1: HIGH PERFORMANCE BFV 원가 分析表
A3: SIZE : 300A | C3: 압력 : 150# | F3: PJT :
A5: NO. | B5: 부품명 | C5: 재질 | D5: 수량 | E5: 규격 | F5: 단중 | G5: 업체 | H5: 단가 | I5: 소계 | J5: 가공비 | K5: 합계 | Q5: 소재비 | R5: 가공비 | T5: 합
A6: 1 | B6: BODY(WAFER) | C6: =BFLY!B13 -> CF8 | D6: 1 | F6: =IF(C6="WCB",36,IF(C6="CF8",36,IF(C6="CF8M",36))) -> 36 | H6: =BFLY!C13 -> 4000 | I6: =D6*F6*H6 -> 144000 | J6: =IF(C6="WCB",60000,IF(C6="CF8",60000,IF(C6="CF8M",60000))) -> 60000 | K6: =I6+J6 -> 204000 | P6: 외주가공 WAFER | R6: 110000 | T6: =R6+Q6 -> 110000
B7: BODY(LUG) | C7: =BFLY!B14 -> 0 | D7: 1 | F7: =IF(C7="WCB",56,IF(C7="CF8",56,IF(C7="CF8M",56))) -> FALSE | H7: =BFLY!C14 -> 0 | I7: =D7*F7*H7 -> 0 | J7: =IF(C7="WCB",130000,IF(C7="CF8",130000,IF(C7="CF8M",130000))) -> FALSE | K7: =I7+J7 -> 0 | P7: 외주가공 LUG | R7: 130000 | T7: =R7+Q7 -> 130000
B8: BODY(FLANGE) | C8: =BFLY!B15 -> CF8 | D8: 1 | F8: =106*1.1 -> 116.6 | H8: =BFLY!C15 -> 0 | I8: =D8*F8*H8 -> 0 | J8: =IF(C8="WCB",160000,IF(C8="CF8",160000,IF(C8="CF8M",160000))) -> 160000 | K8: =I8+J8 -> 160000 | L8: TEFLON SEAT | M8: METAL TEFLON SEAT | P8: 외주가공 FLANGE | R8: 160000 | T8: =R8+Q8 -> 160000
A9: 2 | B9: DISC | C9: =BFLY!B16 -> CF8M | D9: 1 | F9: =IF(C9="CF8",12.6,IF(C9="CF8M",12.6,IF(C9="CF3M",12.6,IF(C9="B148",14)))) -> 12.6 | H9: =BFLY!C16 -> 8000 | I9: =D9*F9*H9 -> 100800 | J9: =IF(C9="CF8",20000,IF(C9="CF8M",20000,IF(C9="CF3M",20000,IF(C9="B148",27000)))) -> 20000 | K9: =I9+J9 -> 120800 | L9: TEFLON | M9: TEFLON | N9: METAL | O9: 합계
A10: 3 | B10: SEAT | C10: =BFLY!B19 -> RTFE | D10: 1 | I10: =IF(C10="RTFE",48100,IF(C10="RTFE-A",32820,IF(C10="METAL-B",11700,IF(C10="RTFE + METAL",47700)))) -> 48100 | J10: =IF(C10="RTFE",4000,IF(C10="METAL-B",20000,IF(C10="RTFE + METAL",10000))) -> 4000 | K10: =I10+J10 -> 52100 | L10: 48100 | M10: 35200 | N10: 12500 | O10: =M10+N10 -> 47700
A11: 4 | B11: STEM(上,下) | C11: =BFLY!B17 -> A564T630 | D11: 1 | F11: 4.5 | H11: =BFLY!C17 -> 8000 | I11: =D11*F11*H11 -> 36000 | J11: 17000 | K11: =I11+J11 -> 53000 | P11: STEM | R11: 6000 | T11: =R11+Q11 -> 6000
A12: 5 | B12: RETAINER RING | C12: SS316 | D12: 1 | F12: 1 | H12: 61200 | I12: =D12*F12*H12 -> 61200 | J12: 20000 | K12: =I12+J12 -> 81200 | P12: RETAINER RING | Q12: =50.93*1200 -> 61116 | R12: 20000 | T12: =R12+Q12 -> 81116
A13: 6 | B13: RETAINER BOLT | C13: B8M | D13: 4 | F13: 1 | H13: 700 | I13: =D13*F13*H13 -> 2800 | K13: =H13*D13 -> 2800
A14: 7 | B14: BUSH | C14: SS316 | D14: 2 | F14: 1 | I14: 8030 | J14: 23760 | K14: =(I14+J14)*D14 -> 63580 | T14: =R14+Q14 -> 0
A15: 8 | B15: PACKING | C15: GRAPHITE | D15: 1 | F15: 1 | H15: 7900 | I15: =D15*F15*H15 -> 7900 | K15: =I15+J15 -> 7900 | P15: PACKING (완제품)
A16: 9 | B16: PACKING GLAND | C16: CF8/CF8M | D16: 1 | F16: 1 | H16: 2445 | I16: =D16*F16*H16 -> 2445 | J16: 500 | K16: =I16+J16 -> 2945 | P16: PACKING GLAND (소재+가공비) | T16: =0.96*1200 -> 1152
A17: 10 | B17: GLAND BOLT/NUT | C17: B8M | D17: 2 | F17: 1 | H17: 700 | I17: =D17*F17*H17 -> 1400 | K17: =I17+J17 -> 1400
A18: 11 | B18: COLOR | C18: SS316 | D18: 1 | F18: 1 | H18: 450 | I18: =D18*F18*H18 -> 450 | J18: 500 | K18: =I18+J18 -> 950 | T18: =R18+Q18 -> 0
A19: 12 | B19: DISCK PIN | C19: SS630 | D19: 3 | F19: 1 | H19: 600 | I19: =H19 -> 600 | J19: 480 | K19: =(I19+J19)*D19 -> 3240 | T19: =R19+Q19 -> 0
A20: 13 | B20: END COVER | C20: SS316 | D20: 1 | F20: 1 | H20: 2795 | I20: =D20*F20*H20 -> 2795 | J20: 1000 | K20: 7100 | P20: END COVER (소재+가공비) | T20: =5.91*1200 -> 7092
A21: 14 | B21: END COVER BOLT | C21: B8M | D21: 4 | F21: 1 | H21: 100 | I21: =D21*F21*H21 -> 400 | K21: =I21+J21 -> 400
A22: 15 | B22: GASKET | C22: N-ASBESTOS | D22: 1 | F22: 1 | H22: 1900 | I22: =D22*F22*H22 -> 1900 | K22: =I22+J22 -> 1900
A23: 16 | B23: TAG | C23: SS316 | D23: 1 | F23: 1 | H23: 900 | I23: =D23*F23*H23 -> 900 | K23: =I23+J23 -> 900
A24: 17 | B24: INDICATOR | C24: SS304 | D24: 1 | F24: 1 | H24: 4950 | I24: =D24*F24*H24 -> 4950 | K24: =I24+J24 -> 4950
A25: 18 | B25: INDICATOR BOLT/NUT | C25: B8M | D25: 4 | F25: 1 | H25: 360 | I25: =D25*F25*H25 -> 1440 | K25: =I25+J25 -> 1440
A26: 19 | B26: LEVER | C26: SS304 | D26: 1 | F26: 1 | I26: 21360 | J26: 6500 | K26: =I26+J26 -> 27860
A27: 20 | B27: GEAR BOX | C27: =BFLY!B20 -> 10 BAR | D27: 1 | F27: 1 | J27: =C27 -> 10 BAR | K27: =IF(C27="PIYAKE",L27,IF(C27="10 BAR",M27,IF(C27="20 BAR",N27))) -> 203000 | L27: 50000 | M27: 203000 | N27: 225000
A28: 21 | B28: 페인트, 조립 | C28: CEPHAS | D28: 1 | F28: 1 | I28: 28000 | J28: 10000 | K28: =I28+J28 -> 38000
A29: 22 | B29: 밸브합산(BEAR) | K29: =SUM(K6:K25,K28) -> 808605
A30: 23 | B30: 밸브합산(LEVER) | K30: =SUM(K6:K26,K28) -> 836465
A31: 24 | B31: 밸브합산(GEAR) | K31: =SUM(K6:K25,K27:K28) -> 1011605
A32: 25
A33: 26 | B33: ACTUATOR | D33: 1 | K33: =I33+J33 -> 0
A34: 27 | B34: ACTUATOR BOLT/WASHER | D34: 4 | K34: =I34+J34 -> 0
B35: 포장비용 | D35: 1 | K35: 34000
A36: 28 | B36: 밸브외 사급품 비용 연산 | I36: =SUM(K32:K35) -> 34000 | J36: 1 | K36: =J36*I36 -> 34000
A37: 29
A38: 30 | B38: FACTOR(BEAR) | I38: =K29 -> 808605 | J38: =BFLY!B21 -> 1 | K38: =J38*I38 -> 808605
A39: 31 | B39: FACTOR(LEVER) | I39: =K30 -> 836465 | J39: =BFLY!B21 -> 1 | K39: =J39*I39 -> 836465
A40: 32 | B40: FACTOR(GEAR) | I40: =K31 -> 1011605 | J40: =BFLY!B21 -> 1 | K40: =J40*I40 -> 1011605
A41: 33 | B41: 견적가격(TOTAL금액) - BEAR | K41: =SUM(K36,K38) -> 842605
A42: 34 | B42: 견적가격(TOTAL금액) - LEVER | K42: =SUM(K36,K39) -> 870465
A43: 35 | B43: 견적가격(TOTAL금액) - GEAR | K43: =SUM(K36,K40) -> 1045605

Sheet 350A
A1: HIGH PERFORMANCE BFV 원가 分析表
A3: SIZE : 350A | C3: 압력 : 150# | F3: PJT :
Q4: 소재비 | R4: 가공비 | T4: 합
A5: NO. | B5: 부품명 | C5: 재질 | D5: 수량 | E5: 규격 | F5: 단중 | G5: 업체 | H5: 단가 | I5: 소계 | J5: 가공비 | K5: 합계
A6: 1 | B6: BODY(WAFER) | C6: =BFLY!B13 -> CF8 | D6: 1 | F6: =IF(C6="WCB",51,IF(C6="CF8",51,IF(C6="CF8M",51))) -> 51 | H6: =BFLY!C13 -> 4000 | I6: =D6*F6*H6 -> 204000 | J6: =IF(C6="WCB",100000,IF(C6="CF8",124800,IF(C6="CF8M",124800))) -> 124800 | K6: =I6+J6 -> 328800
B7: BODY(LUG) | C7: =BFLY!B14 -> 0 | D7: 1 | F7: =IF(C7="WCB",78,IF(C7="CF8",78,IF(C7="CF8M",78))) -> FALSE | H7: =BFLY!C14 -> 0 | I7: =D7*F7*H7 -> 0 | J7: =IF(C7="WCB",125000,IF(C7="CF8",150000,IF(C7="CF8M",150000))) -> FALSE | K7: =I7+J7 -> 0
B8: BODY(FLANGE) | C8: =BFLY!B15 -> CF8 | D8: 1 | F8: =130*1.1 -> 143 | H8: =BFLY!C15 -> 0 | I8: =D8*F8*H8 -> 0 | J8: =IF(C8="WCB",180000,IF(C8="CF8",180000,IF(C8="CF8M",180000))) -> 180000 | K8: =I8+J8 -> 180000 | L8: TEFLON SEAT | M8: METAL TEFLON SEAT
A9: 2 | B9: DISC | C9: =BFLY!B16 -> CF8M | D9: 1 | F9: =IF(C9="CF8",22.5,IF(C9="CF8M",22.5,IF(C9="CF3M",22.5,IF(C9="B148",24.5)))) -> 22.5 | H9: =BFLY!C16 -> 8000 | I9: =D9*F9*H9 -> 180000 | J9: =IF(C9="CF8",48000,IF(C9="CF8M",48000,IF(C9="CF3M",48000,IF(C9="B148",50000)))) -> 48000 | K9: =I9+J9 -> 228000 | L9: TEFLON | M9: TEFLON | N9: METAL | O9: 합계
A10: 3 | B10: SEAT | C10: =BFLY!B19 -> RTFE | D10: 1 | I10: =IF(C10="RTFE",60620,IF(C10="RTFE-A",50000,IF(C10="METAL-B",13750,IF(C10="RTFE + METAL",70750)))) -> 60620 | J10: =IF(C10="RTFE",4800,IF(C10="METAL-B",20000,IF(C10="RTFE + METAL",10000))) -> 4800 | K10: =I10+J10 -> 65420 | L10: 60620 | M10: 54750 | N10: 16000 | O10: =M10+N10 -> 70750
A11: 4 | B11: STEM(上,下) | C11: =BFLY!B17 -> A564T630 | D11: 1 | F11: 7.55 | H11: =BFLY!C17 -> 8000 | I11: =D11*F11*H11 -> 60400 | J11: 15000 | K11: =I11+J11 -> 75400
A12: 5 | B12: RETAINER RING | C12: SS316 | D12: 1 | F12: 1 | H12: 161250 | I12: =D12*F12*H12 -> 161250 | J12: 40000 | K12: =I12+J12 -> 201250 | P12: RETAINER RING | R12: 40000 | T12: =R12+Q12 -> 40000
A13: 6 | B13: RETAINER BOLT | C13: B8M | D13: 8 | F13: 1 | H13: 800 | I13: =D13*F13*H13 -> 6400 | K13: =H13*D13 -> 6400
A14: 7 | B14: BUSH | C14: SS316 | D14: 2 | F14: 1 | I14: 19540 | J14: 22290 | K14: =I14+J14 -> 41830
A15: 8 | B15: PACKING | C15: GRAPHITE | D15: 1 | F15: 1 | H15: 8600 | I15: =D15*F15*H15 -> 8600 | K15: =I15+J15 -> 8600
A16: 9 | B16: PACKING GLAND | C16: CF8/CF8M | D16: 1 | F16: 1 | H16: 9150 | I16: =D16*F16*H16 -> 9150 | J16: 5000 | K16: =I16+J16 -> 14150
A17: 10 | B17: GLAND BOLT/NUT | C17: B8M | D17: 2 | F17: 1 | H17: 700 | I17: =D17*F17*H17 -> 1400 | K17: =I17+J17 -> 1400
A18: 11 | B18: COLOR | C18: SS316 | D18: 1 | F18: 1 | H18: 650 | I18: =D18*F18*H18 -> 650 | J18: 3000 | K18: =I18+J18 -> 3650
A19: 12 | B19: DISCK PIN | C19: SS630 | D19: 4 | F19: 1 | H19: 400 | I19: =H19 -> 400 | J19: 500 | K19: =(I19+J19)*D19 -> 3600
A20: 13 | B20: END COVER | C20: SS316 | D20: 1 | F20: 1 | H20: 10370 | I20: =D20*F20*H20 -> 10370 | J20: 6000 | K20: =I20+J20 -> 16370
A21: 14 | B21: END COVER BOLT | C21: B8M | D21: 4 | F21: 1 | H21: 180 | I21: =D21*F21*H21 -> 720 | K21: =I21+J21 -> 720
A22: 15 | B22: GASKET | C22: N-ASBESTOS | D22: 1 | F22: 1 | H22: 2250 | I22: =D22*F22*H22 -> 2250 | K22: =I22+J22 -> 2250
A23: 16 | B23: TOP COVER BOLT | C23: B8 | D23: 4 | F23: 1 | H23: 1150 | I23: 1150 | K23: =(I23+J23)*D23 -> 4600
A24: 17 | B24: G/BOX BOLT | C24: B8 | D24: 4 | F24: 1 | H24: 900 | I24: 900 | K24: =(I24+J24)*D24 -> 3600
A25: 18 | B25: TAG | C25: SS304 | D25: 1 | F25: 1 | H25: 1200 | I25: =D25*F25*H25 -> 1200 | K25: =I25+J25 -> 1200
A26: 19 | B26: TOP COVER | C26: CF8/CF8M | D26: 1 | F26: 1 | H26: 40260 | I26: =D26*F26*H26 -> 40260 | J26: 9000 | K26: =I26+J26 -> 49260
A27: 20 | B27: GEAR BOX | C27: =BFLY!B20 -> 10 BAR | D27: 1 | F27: 1 | J27: =C27 -> 10 BAR | K27: =IF(C27="PIYAKE",L27,IF(C27="10 BAR",M27,IF(C27="20 BAR",N27))) -> 203000 | L27: 49520 | M27: 203000 | N27: 225000
A28: 21 | B28: 페인트, 조립 | C28: CEPHAS | D28: 1 | F28: 1 | I28: 38400 | J28: 38400 | K28: =I28+J28 -> 76800
A29: 22 | B29: 밸브합산(BEAR) | K29: =SUM(K6:K26,K28) -> 1313300
A30: 24 | B30: 밸브합산(GEAR) | K30: =SUM(K6:K28) -> 1516300
A31: 25
A32: 26 | B32: ACTUATOR | D32: 1 | K32: =I32+J32 -> 0
A33: 27 | B33: ACTUATOR BOLT/WASHER | D33: 4 | K33: =I33+J33 -> 0
B34: 포장비용 | D34: 1 | K34: 56800
A35: 28 | B35: 밸브외 사급품 비용 연산 | I35: =SUM(K31:K34) -> 56800 | J35: 1 | K35: =J35*I35 -> 56800
A36: 29
A37: 30 | B37: FACTOR(BEAR) | I37: =K29 -> 1313300 | K37: =I37+K35 -> 1370100
A38: 32 | B38: FACTOR(GEAR) | I38: =K30 -> 1516300 | K38: =I38+K35 -> 1573100
A39: 33 | B39: 견적가격(TOTAL금액) - BEAR | J39: =BFLY!B21 -> 1 | K39: =K37*J39 -> 1370100
A40: 35 | B40: 견적가격(TOTAL금액) - GEAR | J40: =BFLY!B21 -> 1 | K40: =K38*J40 -> 1573100

Sheet 400A
A1: HIGH PERFORMANCE BFV 원가 分析表
A3: SIZE : 400A | C3: 압력 : 150# | F3: PJT :
Q4: 소재비 | R4: 가공비 | T4: 합
A5: NO. | B5: 부품명 | C5: 재질 | D5: 수량 | E5: 규격 | F5: 단중 | G5: 업체 | H5: 단가 | I5: 소계 | J5: 가공비 | K5: 합계
A6: 1 | B6: BODY(WAFER) | C6: =BFLY!B13 -> CF8 | D6: 1 | F6: =IF(C6="WCB",77,IF(C6="CF8",77,IF(C6="CF8M",77))) -> 77 | H6: =BFLY!C13 -> 4000 | I6: =D6*F6*H6 -> 308000 | J6: =IF(C6="WCB",135000,IF(C6="CF8",168000,IF(C6="CF8M",168000))) -> 168000 | K6: =I6+J6 -> 476000
B7: BODY(LUG) | C7: =BFLY!B14 -> 0 | D7: 1 | F7: =IF(C7="WCB",114,IF(C7="CF8",114,IF(C7="CF8M",114))) -> FALSE | H7: =BFLY!C14 -> 0 | I7: =D7*F7*H7 -> 0 | J7: =IF(C7="WCB",168000,IF(C7="CF8",210000,IF(C7="CF8M",210000))) -> FALSE | K7: =I7+J7 -> 0
B8: BODY(FLANGE) | C8: =BFLY!B15 -> CF8 | D8: 1 | F8: =192*1.1 -> 211.2 | H8: =BFLY!C15 -> 0 | I8: =D8*F8*H8 -> 0 | J8: =IF(C8="WCB",240000,IF(C8="CF8",240000,IF(C8="CF8M",240000))) -> 240000 | K8: =I8+J8 -> 240000 | L8: TEFLON SEAT | M8: METAL TEFLON SEAT
A9: 2 | B9: DISC | C9: =BFLY!B16 -> CF8M | D9: 1 | F9: =IF(C9="CF8",34,IF(C9="CF8M",34,IF(C9="CF3M",34,IF(C9="B148",34.5)))) -> 34 | H9: =BFLY!C16 -> 8000 | I9: =D9*F9*H9 -> 272000 | J9: =IF(C9="CF8",60000,IF(C9="CF8M",60000,IF(C9="CF3M",60000,IF(C9="B148",60000)))) -> 60000 | K9: =I9+J9 -> 332000 | L9: TEFLON | M9: TEFLON | N9: METAL | O9: 합계
A10: 3 | B10: SEAT | C10: =BFLY!B19 -> RTFE | D10: 1 | I10: =IF(C10="RTFE",65000,IF(C10="RTFE-A",57200,IF(C10="METAL-B",18176,IF(C10="RTFE + METAL",100000)))) -> 65000 | J10: =IF(C10="RTFE",8000,IF(C10="METAL-B",20000,IF(C10="RTFE + METAL",10000))) -> 8000 | K10: =I10+J10 -> 73000 | L10: 65000 | M10: 70000 | N10: 30000 | O10: =M10+N10 -> 100000
A11: 4 | B11: STEM(上,下) | C11: =BFLY!B17 -> A564T630 | D11: 1 | F11: 12.1 | H11: =BFLY!C17 -> 8000 | I11: =D11*F11*H11 -> 96800 | J11: 20000 | K11: =I11+J11 -> 116800
A12: 5 | B12: RETAINER RING | C12: SS316 | D12: 1 | F12: 1 | H12: 212500 | I12: =D12*F12*H12 -> 212500 | J12: 45000 | K12: =I12+J12 -> 257500 | P12: RETAINER RING | R12: 45000 | T12: =R12+Q12 -> 45000
A13: 6 | B13: RETAINER BOLT | C13: B8M | D13: 12 | F13: 1 | H13: 800 | I13: =D13*F13*H13 -> 9600 | K13: =H13*D13 -> 9600
A14: 7 | B14: BUSH | C14: SS316 | D14: 2 | F14: 1 | I14: 25600 | J14: 31900 | K14: =I14+J14 -> 57500
A15: 8 | B15: PACKING | C15: GRAPHITE | D15: 1 | F15: 1 | H15: 9800 | I15: =D15*F15*H15 -> 9800 | K15: =I15+J15 -> 9800
A16: 9 | B16: PACKING GLAND | C16: CF8/CF8M | D16: 1 | F16: 1 | H16: 36600 | I16: =D16*F16*H16 -> 36600 | J16: 7500 | K16: =I16+J16 -> 44100
A17: 10 | B17: GLAND BOLT/NUT | C17: B8M | D17: 2 | F17: 1 | H17: 1800 | I17: =D17*F17*H17 -> 3600 | K17: =I17+J17 -> 3600
A18: 11 | B18: COLOR | C18: SS316 | D18: 1 | F18: 1 | H18: 1300 | I18: =D18*F18*H18 -> 1300 | J18: 3000 | K18: =I18+J18 -> 4300
A19: 12 | B19: DISCK PIN | C19: SS630 | D19: 3 | F19: 1 | H19: 1040 | I19: =H19 -> 1040 | J19: 1000 | K19: =(I19+J19)*D19 -> 6120
A20: 13 | B20: END COVER | C20: SS316 | D20: 1 | F20: 1 | H20: 13420 | I20: =D20*F20*H20 -> 13420 | J20: 8000 | K20: =I20+J20 -> 21420
A21: 14 | B21: END COVER BOLT | C21: B8M | D21: 6 | F21: 1 | H21: 180 | I21: =D21*F21*H21 -> 1080 | K21: =I21+J21 -> 1080
A22: 15 | B22: GASKET | C22: N-ASBESTOS | D22: 1 | F22: 1 | H22: 2700 | I22: =D22*F22*H22 -> 2700 | K22: =I22+J22 -> 2700
A23: 16 | B23: TOP COVER BOLT | C23: B8 | D23: 4 | F23: 1 | H23: 1200 | I23: 1150 | K23: =(I23+J23)*D23 -> 4600
A24: 17 | B24: G/BOX BOLT | C24: B8 | D24: 4 | F24: 1 | H24: 1800 | I24: 1800 | K24: =(I24+J24)*D24 -> 7200
A25: 18 | B25: TAG | C25: SS304 | D25: 1 | F25: 1 | H25: 1200 | I25: =D25*F25*H25 -> 1200 | K25: =I25+J25 -> 1200
A26: 19 | B26: TOP COVER | C26: CF8/CF8M | D26: 1 | F26: 1 | H26: 61000 | I26: =D26*F26*H26 -> 61000 | J26: 9000 | K26: =I26+J26 -> 70000
A27: 20 | B27: GEAR BOX | C27: =BFLY!B20 -> 10 BAR | D27: 1 | F27: 1 | J27: =C27 -> 10 BAR | K27: =IF(C27="PIYAKE",L27,IF(C27="10 BAR",M27,IF(C27="20 BAR",N27))) -> 305000 | L27: 142060 | M27: 305000 | N27: 305000
A28: 21 | B28: 페인트, 조립 | C28: CEPHAS | D28: 1 | F28: 1 | I28: 45600 | J28: 45600 | K28: =I28+J28 -> 91200
A29: 22 | B29: 밸브합산(BEAR) | K29: =SUM(K6:K26,K28) -> 1829720
A30: 24 | B30: 밸브합산(GEAR) | K30: =SUM(K6:K28) -> 2134720
A31: 25
A32: 26 | B32: ACTUATOR | D32: 1 | K32: =I32+J32 -> 0
A33: 27 | B33: ACTUATOR BOLT/WASHER | D33: 4 | K33: =I33+J33 -> 0
B34: 포장비용 | D34: 1 | K34: 70600
A35: 28 | B35: 밸브외 사급품 비용 연산 | I35: =SUM(K31:K34) -> 70600 | J35: 1 | K35: =J35*I35 -> 70600
A36: 29
A37: 30 | B37: FACTOR(BEAR) | I37: =K29 -> 1829720 | K37: =I37+K35 -> 1900320
A38: 32 | B38: FACTOR(GEAR) | I38: =K30 -> 2134720 | K38: =I38+K35 -> 2205320
A39: 33 | B39: 견적가격(TOTAL금액) - BEAR | J39: =BFLY!B21 -> 1 | K39: =K37*J39 -> 1900320
A40: 35 | B40: 견적가격(TOTAL금액) - GEAR | J40: =BFLY!B21 -> 1 | K40: =K38*J40 -> 2205320

Sheet 450A
A1: HIGH PERFORMANCE BFV 원가 分析表
A3: SIZE : 450A | C3: 압력 : 150# | F3: PJT :
Q4: 소재비 | R4: 가공비 | T4: 합
A5: NO. | B5: 부품명 | C5: 재질 | D5: 수량 | E5: 규격 | F5: 단중 | G5: 업체 | H5: 단가 | I5: 소계 | J5: 가공비 | K5: 합계
A6: 1 | B6: BODY(WAFER) | C6: =BFLY!B13 -> CF8 | D6: 1 | F6: =IF(C6="WCB",85,IF(C6="CF8",85,IF(C6="CF8M",85))) -> 85 | H6: =BFLY!C13 -> 4000 | I6: =D6*F6*H6 -> 340000 | J6: =IF(C6="WCB",180000,IF(C6="CF8",225000,IF(C6="CF8M",225000))) -> 225000 | K6: =I6+J6 -> 565000
B7: BODY(LUG) | C7: =BFLY!B14 -> 0 | D7: 1 | F7: =IF(C7="WCB",130,IF(C7="CF8",130,IF(C7="CF8M",130))) -> FALSE | H7: =BFLY!C14 -> 0 | I7: =D7*F7*H7 -> 0 | J7: =IF(C7="WCB",290000,IF(C7="CF8",290000,IF(C7="CF8M",290000))) -> FALSE | K7: =I7+J7 -> 0
B8: BODY(FLANGE) | C8: =BFLY!B15 -> CF8 | D8: 1 | F8: =192*1.3 -> 249.6 | H8: =BFLY!C15 -> 0 | I8: =D8*F8*H8 -> 0 | J8: =IF(C8="WCB",215000,IF(C8="CF8",260000,IF(C8="CF8M",260000))) -> 260000 | K8: =I8+J8 -> 260000 | L8: TEFLON SEAT | M8: METAL TEFLON SEAT
A9: 2 | B9: DISC | C9: =BFLY!B16 -> CF8M | D9: 1 | F9: =IF(C9="CF8",36,IF(C9="CF8M",36,IF(C9="CF3M",36,IF(C9="B148",41.5)))) -> 36 | H9: =BFLY!C16 -> 8000 | I9: =D9*F9*H9 -> 288000 | J9: =IF(C9="CF8",110000,IF(C9="CF8M",110000,IF(C9="CF3M",110000,IF(C9="B148",110000)))) -> 110000 | K9: =I9+J9 -> 398000 | L9: TEFLON | M9: TEFLON | N9: METAL | O9: 합계
A10: 3 | B10: SEAT | C10: =BFLY!B19 -> RTFE | D10: 1 | I10: =IF(C10="RTFE",115000,IF(C10="RTFE-A",0,IF(C10="METAL-B",13200,IF(C10="RTFE + METAL",143000)))) -> 115000 | J10: =IF(C10="RTFE",11500,IF(C10="METAL-B",30000,IF(C10="RTFE + METAL",10000))) -> 11500 | K10: =I10+J10 -> 126500 | L10: 115000 | M10: 121000 | N10: 22000 | O10: =M10+N10 -> 143000
A11: 4 | B11: STEM(上,下) | C11: =BFLY!B17 -> A564T630 | D11: 1 | F11: 15.1 | H11: =BFLY!C17 -> 8000 | I11: =D11*F11*H11 -> 120800 | J11: 30000 | K11: =I11+J11 -> 150800
A12: 5 | B12: RETAINER RING | C12: SS316 | D12: 1 | F12: 1 | H12: 191400 | I12: =D12*F12*H12 -> 191400 | J12: 50000 | K12: =I12+J12 -> 241400 | P12: RETAINER RING | R12: 50000 | T12: =R12+Q12 -> 50000
A13: 6 | B13: RETAINER BOLT | C13: B8M | D13: 12 | F13: 1 | H13: 900 | I13: =D13*F13*H13 -> 10800 | K13: =H13*D13 -> 10800
A14: 7 | B14: BUSH | C14: SS316 | D14: 2 | F14: 1 | I14: 10840 | J14: 39880 | K14: =I14+J14 -> 50720
A15: 8 | B15: PACKING | C15: GRAPHITE | D15: 1 | F15: 1 | H15: 15400 | I15: =D15*F15*H15 -> 15400 | K15: =I15+J15 -> 15400
A16: 9 | B16: PACKING GLAND | C16: CF8/CF8M | D16: 1 | F16: 1 | H16: 36600 | I16: =D16*F16*H16 -> 36600 | J16: 7500 | K16: =I16+J16 -> 44100
A17: 10 | B17: GLAND BOLT/NUT | C17: B8M | D17: 2 | F17: 1 | H17: 1800 | I17: =D17*F17*H17 -> 3600 | K17: =I17+J17 -> 3600
A18: 11 | B18: COLOR | C18: SS316 | D18: 1 | F18: 1 | H18: 1980 | I18: =D18*F18*H18 -> 1980 | J18: 3000 | K18: =I18+J18 -> 4980
A19: 12 | B19: DISCK PIN | C19: SS630 | D19: 4 | F19: 1 | H19: 1190 | I19: =H19 -> 1190 | J19: 1500 | K19: =(I19+J19)*D19 -> 10760
A20: 13 | B20: END COVER | C20: SS316 | D20: 1 | F20: 1 | H20: 17080 | I20: =D20*F20*H20 -> 17080 | J20: 10000 | K20: =I20+J20 -> 27080
A21: 14 | B21: END COVER BOLT | C21: B8M | D21: 6 | F21: 1 | H21: 445 | I21: =D21*F21*H21 -> 2670 | K21: =I21+J21 -> 2670
A22: 15 | B22: GASKET | C22: N-ASBESTOS | D22: 1 | F22: 1 | H22: 3000 | I22: =D22*F22*H22 -> 3000 | K22: =I22+J22 -> 3000
A23: 16 | B23: TOP COVER BOLT | C23: B8 | D23: 4 | F23: 1 | H23: 1200 | I23: 1200 | K23: =(I23+J23)*D23 -> 4800
A24: 17 | B24: G/BOX BOLT | C24: B8 | D24: 4 | F24: 1 | H24: 1800 | I24: 1800 | K24: =(I24+J24)*D24 -> 7200
A25: 18
A26: 19 | B26: TOP COVER | C26: CF8/CF8M | D26: 1 | F26: 1 | H26: 61000 | I26: =D26*F26*H26 -> 61000 | J26: 24000 | K26: =I26+J26 -> 85000
A27: 20 | B27: GEAR BOX | C27: =BFLY!B20 -> 10 BAR | D27: 1 | F27: 1 | J27: =C27 -> 10 BAR | K27: =IF(C27="PIYAKE",L27,IF(C27="10 BAR",M27,IF(C27="20 BAR",N27))) -> 305000 | L27: 142060 | M27: 305000 | N27: 355000
A28: 21 | B28: 페인트, 조립 | C28: CEPHAS | D28: 1 | F28: 1 | I28: 54000 | J28: 54000 | K28: =I28+J28 -> 108000
A29: 22 | B29: 밸브합산(BEAR) | K29: =SUM(K6:K26,K28) -> 2119810
A30: 24 | B30: 밸브합산(GEAR) | K30: =SUM(K6:K28) -> 2424810
A31: 25
A32: 26 | B32: ACTUATOR | D32: 1 | K32: =I32+J32 -> 0
A33: 27 | B33: ACTUATOR BOLT/WASHER | D33: 4 | K33: =I33+J33 -> 0
B34: 포장비용 | D34: 1 | K34: 79000
A35: 28 | B35: 밸브외 사급품 비용 연산 | I35: =SUM(K31:K34) -> 79000 | J35: 1 | K35: =J35*I35 -> 79000
A36: 29
A37: 30 | B37: FACTOR(BEAR) | I37: =K29 -> 2119810 | K37: =I37+K35 -> 2198810
A38: 32 | B38: FACTOR(GEAR) | I38: =K30 -> 2424810 | K38: =I38+K35 -> 2503810
A39: 33 | B39: 견적가격(TOTAL금액) - BEAR | J39: =BFLY!B21 -> 1 | K39: =K37*J39 -> 2198810
A40: 35 | B40: 견적가격(TOTAL금액) - GEAR | J40: =BFLY!B21 -> 1 | K40: =K38*J40 -> 2503810

Sheet 500A
A1: HIGH PERFORMANCE BFV 원가 分析表
A3: SIZE : 500A | C3: 압력 : 150# | F3: PJT :
Q4: 소재비 | R4: 가공비 | T4: 합
A5: NO. | B5: 부품명 | C5: 재질 | D5: 수량 | E5: 규격 | F5: 단중 | G5: 업체 | H5: 단가 | I5: 소계 | J5: 가공비 | K5: 합계
A6: 1 | B6: BODY(WAFER) | C6: =BFLY!B13 -> CF8 | D6: 1 | F6: =IF(C6="WCB",102,IF(C6="CF8",102,IF(C6="CF8M",102))) -> 102 | H6: =BFLY!C13 -> 4000 | I6: =D6*F6*H6 -> 408000 | J6: =IF(C6="WCB",190000,IF(C6="CF8",245000,IF(C6="CF8M",245000))) -> 245000 | K6: =I6+J6 -> 653000
B7: BODY(LUG) | C7: =BFLY!B14 -> 0 | D7: 1 | F7: =IF(C7="WCB",172,IF(C7="CF8",172,IF(C7="CF8M",172))) -> FALSE | H7: =BFLY!C14 -> 0 | I7: =D7*F7*H7 -> 0 | J7: =IF(C7="WCB",225000,IF(C7="CF8",275000,IF(C7="CF8M",275000))) -> FALSE | K7: =I7+J7 -> 0
B8: BODY(FLANGE) | C8: =BFLY!B15 -> CF8 | D8: 1 | F8: =IF(C8="WCB",172,IF(C8="CF8",172,IF(C8="CF8M",172))) -> 172 | H8: =BFLY!C15 -> 0 | I8: =D8*F8*H8 -> 0 | J8: =IF(C8="WCB",300000,IF(C8="CF8",300000,IF(C8="CF8M",300000))) -> 300000 | K8: =I8+J8 -> 300000 | L8: TEFLON SEAT | M8: METAL TEFLON SEAT
A9: 2 | B9: DISC | C9: =BFLY!B16 -> CF8M | D9: 1 | F9: =IF(C9="CF8",56,IF(C9="CF8M",55,IF(C9="CF3M",56,IF(C9="B148",65)))) -> 55 | H9: =BFLY!C16 -> 8000 | I9: =D9*F9*H9 -> 440000 | J9: =IF(C9="CF8",165000,IF(C9="CF8M",165000,IF(C9="CF3M",165000,IF(C9="B148",165000)))) -> 165000 | K9: =I9+J9 -> 605000 | L9: TEFLON | M9: TEFLON | N9: METAL | O9: 합계
A10: 3 | B10: SEAT | C10: =BFLY!B19 -> RTFE | D10: 1 | I10: =IF(C10="RTFE",140000,IF(C10="RTFE-A",0,IF(C10="METAL-B",16500,IF(C10="RTFE + METAL",182500)))) -> 140000 | J10: =IF(C10="RTFE",20000,IF(C10="METAL-B",30000,IF(C10="RTFE + METAL",10000))) -> 20000 | K10: =I10+J10 -> 160000 | L10: 140000 | M10: 137500 | N10: 45000 | O10: =M10+N10 -> 182500
A11: 4 | B11: STEM(上,下) | C11: =BFLY!B17 -> A564T630 | D11: 1 | F11: 20 | H11: =BFLY!C17 -> 8000 | I11: =D11*F11*H11 -> 160000 | J11: 50000 | K11: =I11+J11 -> 210000
A12: 5 | B12: RETAINER RING | C12: SS316 | D12: 1 | F12: 1 | H12: 165000 | I12: =D12*F12*H12 -> 165000 | J12: 55000 | K12: =I12+J12 -> 220000 | P12: RETAINER RING | R12: 55000 | T12: =R12+Q12 -> 55000
A13: 6 | B13: RETAINER BOLT | C13: B8M | D13: 16 | F13: 1 | H13: 900 | I13: =D13*F13*H13 -> 14400 | K13: =H13*D13 -> 14400
A14: 7 | B14: BUSH | C14: SS316 | D14: 2 | F14: 1 | I14: 12800 | J14: 45900 | K14: =I14+J14 -> 58700
A15: 8 | B15: PACKING | C15: GRAPHITE | D15: 1 | F15: 1 | H15: 18200 | I15: =D15*F15*H15 -> 18200 | K15: =I15+J15 -> 18200
A16: 9 | B16: PACKING GLAND | C16: CF8/CF8M | D16: 1 | F16: 1 | H16: 33500 | I16: =D16*F16*H16 -> 33500 | J16: 7500 | K16: =I16+J16 -> 41000
A17: 10 | B17: GLAND BOLT/NUT | C17: B8M | D17: 2 | F17: 1 | H17: 1800 | I17: =D17*F17*H17 -> 3600 | K17: =I17+J17 -> 3600
A18: 11 | B18: COLOR | C18: SS316 | D18: 1 | F18: 1 | H18: 2380 | I18: =D18*F18*H18 -> 2380 | J18: 3000 | K18: =I18+J18 -> 5380
A19: 12 | B19: DISCK PIN | C19: SS630 | D19: 4 | F19: 1 | H19: 1350 | I19: =H19 -> 1350 | J19: 1500 | K19: =(I19+J19)*D19 -> 11400
A20: 13 | B20: END COVER | C20: SS316 | D20: 1 | F20: 1 | H20: 26840 | I20: =D20*F20*H20 -> 26840 | J20: 10000 | K20: =I20+J20 -> 36840
A21: 14 | B21: END COVER BOLT | C21: B8M | D21: 6 | F21: 1 | H21: 380 | I21: =D21*F21*H21 -> 2280 | K21: =I21+J21 -> 2280
A22: 15 | B22: GASKET | C22: N-ASBESTOS | D22: 1 | F22: 1 | H22: 3000 | I22: =D22*F22*H22 -> 3000 | K22: =I22+J22 -> 3000
A23: 16 | B23: TOP COVER BOLT | C23: B8 | D23: 4 | F23: 1 | H23: 1200 | I23: =H23 -> 1200 | K23: =(I23+J23)*D23 -> 4800
A24: 17 | B24: G/BOX BOLT | C24: B8 | D24: 4 | F24: 1 | H24: 1800 | I24: =H24 -> 1800 | K24: =(I24+J24)*D24 -> 7200
A25: 18
A26: 19 | B26: TOP COVER | C26: CF8/CF8M | D26: 1 | F26: 1 | H26: 61000 | I26: =D26*F26*H26 -> 61000 | J26: 24000 | K26: =I26+J26 -> 85000
A27: 20 | B27: GEAR BOX | C27: =BFLY!B20 -> 10 BAR | D27: 1 | F27: 1 | J27: =C27 -> 10 BAR | K27: =IF(C27="PIYAKE",L27,IF(C27="10 BAR",M27,IF(C27="20 BAR",N27))) -> 305000 | L27: 225100 | M27: 305000 | N27: 355000
A28: 21 | B28: 페인트, 조립 | C28: CEPHAS | D28: 1 | F28: 1 | I28: 78000 | J28: 58000 | K28: =I28+J28 -> 136000
A29: 22 | B29: 밸브합산(BEAR) | K29: =SUM(K6:K26,K28) -> 2575800
A30: 24 | B30: 밸브합산(GEAR) | K30: =SUM(K6:K28) -> 2880800
A31: 25
A32: 26 | B32: ACTUATOR | D32: 1 | K32: =I32+J32 -> 0
A33: 27 | B33: ACTUATOR BOLT/WASHER | D33: 4 | K33: =I33+J33 -> 0
B34: 포장비용 | D34: 1 | K34: 103000
A35: 28 | B35: 밸브외 사급품 비용 연산 | I35: =SUM(K31:K34) -> 103000 | J35: 1 | K35: =J35*I35 -> 103000
A36: 29
A37: 30 | B37: FACTOR(BEAR) | I37: =K29 -> 2575800 | K37: =I37+K35 -> 2678800
A38: 32 | B38: FACTOR(GEAR) | I38: =K30 -> 2880800 | K38: =I38+K35 -> 2983800
A39: 33 | B39: 견적가격(TOTAL금액) - BEAR | J39: =BFLY!B21 -> 1 | K39: =K37*J39 -> 2678800
A40: 35 | B40: 견적가격(TOTAL금액) - GEAR | J40: =BFLY!B21 -> 1 | K40: =K38*J40 -> 2983800

Sheet 600A
A1: HIGH PERFORMANCE BFV 원가 分析表
A3: SIZE : 600A | C3: 압력 : 150# | F3: PJT :
Q4: 소재비 | R4: 가공비 | T4: 합
A5: NO. | B5: 부품명 | C5: 재질 | D5: 수량 | E5: 규격 | F5: 단중 | G5: 업체 | H5: 단가 | I5: 소계 | J5: 가공비 | K5: 합계
A6: 1 | B6: BODY(WAFER) | C6: =BFLY!B13 -> CF8 | D6: 1 | H6: =BFLY!C13 -> 4000 | I6: =D6*F6*H6 -> 0 | J6: =IF(C6="WCB",210000,IF(C6="CF8",240000,IF(C6="CF8M",240000))) -> 240000 | K6: =I6+J6 -> 240000
B7: BODY(LUG) | C7: =BFLY!B14 -> 0 | D7: 1 | H7: =BFLY!C14 -> 0 | I7: =D7*F7*H7 -> 0 | J7: =IF(C7="WCB",250000,IF(C7="CF8",290000,IF(C7="CF8M",290000))) -> FALSE | K7: =I7+J7 -> 0
B8: BODY(FLANGE) | C8: CF8 | D8: 1 | F8: =IF(C8="WCB",260,IF(C8="CF8",260,IF(C8="CF8M",260))) -> 260 | H8: =BFLY!C15 -> 0 | I8: =D8*F8*H8 -> 0 | J8: =IF(C8="WCB",330000,IF(C8="CF8",330000,IF(C8="CF8M",330000))) -> 330000 | K8: =I8+J8 -> 330000 | L8: TEFLON SEAT | M8: METAL TEFLON SEAT
A9: 2 | B9: DISC | C9: =BFLY!B16 -> CF8M | D9: 1 | F9: =IF(C9="CF8",96,IF(C9="CF8M",96,IF(C9="CF3M",96,IF(C9="B148",104)))) -> 96 | H9: =BFLY!C16 -> 8000 | I9: =D9*F9*H9 -> 768000 | J9: =IF(C9="CF8",165000,IF(C9="CF8M",165000,IF(C9="CF3M",165000,IF(C9="B148",165000)))) -> 165000 | K9: =I9+J9 -> 933000 | L9: TEFLON | M9: TEFLON | N9: METAL | O9: 합계
A10: 3 | B10: SEAT | C10: =BFLY!B19 -> RTFE | D10: 1 | I10: =IF(C10="RTFE",250000,IF(C10="RTFE-A",204600,IF(C10="METAL-B",21910,IF(C10="RTFE + METAL",302500)))) -> 250000 | J10: =IF(C10="RTFE",80000,IF(C10="METAL-B",80000,IF(C10="RTFE + METAL",30000))) -> 80000 | K10: =I10+J10 -> 330000 | L10: 250000 | M10: 262500 | N10: 40000 | O10: =M10+N10 -> 302500
A11: 4 | B11: STEM(上,下) | C11: =BFLY!B17 -> A564T630 | D11: 1 | F11: 37.3 | H11: =BFLY!C17 -> 8000 | I11: =D11*F11*H11 -> 298400 | J11: 60000 | K11: =I11+J11 -> 358400
A12: 5 | B12: RETAINER RING | C12: SS316 | D12: 1 | F12: 1 | H12: 303600 | I12: =D12*F12*H12 -> 303600 | J12: 65000 | K12: =I12+J12 -> 368600 | P12: RETAINER RING | R12: 65000 | T12: =R12+Q12 -> 65000
A13: 6 | B13: RETAINER BOLT | C13: B8M | D13: 20 | F13: 1 | H13: 1000 | I13: =D13*F13*H13 -> 20000 | K13: =H13*D13 -> 20000
A14: 7 | B14: BUSH | C14: SS316 | D14: 2 | F14: 1 | I14: 16670 | J14: 57250 | K14: =I14+J14 -> 73920
A15: 8 | B15: PACKING | C15: GRAPHITE | D15: 1 | F15: 1 | H15: 21840 | I15: =D15*F15*H15 -> 21840 | K15: =I15+J15 -> 21840
A16: 9 | B16: PACKING GLAND | C16: CF8/CF8M | D16: 1 | F16: 1 | H16: 61000 | I16: =D16*F16*H16 -> 61000 | J16: 10000 | K16: =I16+J16 -> 71000
A17: 10 | B17: GLAND BOLT/NUT | C17: B8M | D17: 2 | F17: 1 | H17: 1800 | I17: =D17*F17*H17 -> 3600 | K17: =I17+J17 -> 3600
A18: 11 | B18: COLOR | C18: SS316 | D18: 1 | F18: 1 | H18: 3696 | I18: =D18*F18*H18 -> 3696 | J18: 4500 | K18: =I18+J18 -> 8196
A19: 12 | B19: DISCK PIN | C19: SS630 | D19: 4 | F19: 1 | H19: 2400 | I19: =H19 -> 2400 | J19: 4100 | K19: =(I19+J19)*D19 -> 26000
A20: 13 | B20: END COVER | C20: SS316 | D20: 1 | F20: 1 | H20: 34770 | I20: =D20*F20*H20 -> 34770 | J20: 10000 | K20: =I20+J20 -> 44770
A21: 14 | B21: END COVER BOLT | C21: B8M | D21: 4 | F21: 1 | H21: 665 | I21: =D21*F21*H21 -> 2660 | K21: =I21+J21 -> 2660
A22: 15 | B22: GASKET | C22: N-ASBESTOS | D22: 1 | F22: 1 | H22: 3100 | I22: =D22*F22*H22 -> 3100 | J22: 1000 | K22: =I22+J22 -> 4100
A23: 16 | B23: TOP COVER BOLT | C23: B8 | D23: 4 | F23: 1 | H23: 1200 | I23: =H23 -> 1200 | K23: =(I23+J23)*D23 -> 4800
A24: 17 | B24: G/BOX BOLT | C24: B8 | D24: 4 | F24: 1 | H24: 1800 | I24: =H24 -> 1800 | K24: =(I24+J24)*D24 -> 7200
A25: 18
A26: 19 | B26: TOP COVER | C26: CF8/CF8M | D26: 1 | F26: 1 | H26: 61000 | I26: =D26*F26*H26 -> 61000 | J26: 25000 | K26: =I26+J26 -> 86000
A27: 20 | B27: GEAR BOX | C27: =BFLY!B20 -> 10 BAR | D27: 1 | F27: 1 | J27: =C27 -> 10 BAR | K27: =IF(C27="PIYAKE",L27,IF(C27="10 BAR",M27,IF(C27="20 BAR",N27))) -> 355000 | L27: 301640 | M27: 355000 | N27: 589000
A28: 21 | B28: 페인트, 조립 | C28: CEPHAS | D28: 1 | F28: 1 | I28: 144000 | J28: 58000 | K28: =I28+J28 -> 202000
A29: 22 | B29: 밸브합산(BEAR) | K29: =SUM(K6:K26,K28) -> 3136086
A30: 24 | B30: 밸브합산(GEAR) | K30: =SUM(K6:K28) -> 3491086
A31: 25
A32: 26 | B32: ACTUATOR | D32: 1 | K32: =I32+J32 -> 0
A33: 27 | B33: ACTUATOR BOLT/WASHER | D33: 4 | K33: =I33+J33 -> 0
B34: 포장비용 | D34: 1 | K34: 200000
A35: 28 | B35: 밸브외 사급품 비용 연산 | I35: =SUM(K31:K34) -> 200000 | J35: 1 | K35: =J35*I35 -> 200000
A36: 29
A37: 30 | B37: FACTOR(BEAR) | I37: =K29 -> 3136086 | K37: =I37+K35 -> 3336086
A38: 32 | B38: FACTOR(GEAR) | I38: =K30 -> 3491086 | K38: =I38+K35 -> 3691086
A39: 33 | B39: 견적가격(TOTAL금액) - BEAR | J39: =BFLY!B21 -> 1 | K39: =K37*J39 -> 3336086
A40: 35 | B40: 견적가격(TOTAL금액) - GEAR | J40: =BFLY!B21 -> 1 | K40: =K38*J40 -> 3691086

Sheet 650A
A1: HIGH PERFORMANCE BFV 원가 分析表
A3: SIZE : 650A | C3: 압력 : 150# | F3: PJT :
Q4: 소재비 | R4: 가공비 | T4: 합
A5: NO. | B5: 부품명 | C5: 재질 | D5: 수량 | E5: 규격 | F5: 단중 | G5: 업체 | H5: 단가 | I5: 소계 | J5: 가공비 | K5: 합계
A6: 1 | B6: BODY(WAFER) | C6: =BFLY!B13 -> CF8 | D6: 1 | F6: =IF(C6="WCB",184,IF(C6="CF8",184,IF(C6="CF8M",183.5))) -> 184 | H6: =BFLY!C13 -> 4000 | I6: =D6*F6*H6 -> 736000 | J6: =IF(C6="WCB",240000,IF(C6="CF8",280000,IF(C6="CF8M",280000))) -> 280000 | K6: =I6+J6 -> 1016000
B7: BODY(LUG) | C7: =BFLY!B14 -> 0 | D7: 1 | F7: =IF(C7="WCB",310,IF(C7="CF8",310,IF(C7="CF8M",310))) -> FALSE | H7: =BFLY!C14 -> 0 | I7: =D7*F7*H7 -> 0 | J7: =IF(C7="WCB",350000,IF(C7="CF8",400000,IF(C7="CF8M",400000))) -> FALSE | K7: =I7+J7 -> 0
B8: BODY(FLANGE) | C8: =BFLY!B15 -> CF8 | D8: 1 | F8: =470*1.1 -> 517 | H8: =BFLY!C15 -> 0 | I8: =D8*F8*H8 -> 0 | J8: =IF(C8="WCB",450000,IF(C8="CF8",450000,IF(C8="CF8M",450000))) -> 450000 | K8: =I8+J8 -> 450000 | L8: TEFLON SEAT | M8: METAL TEFLON SEAT
A9: 2 | B9: DISC | C9: =BFLY!B16 -> CF8M | D9: 1 | F9: =IF(C9="CF8",118,IF(C9="CF8M",118,IF(C9="CF3M",118,IF(C9="B148",136)))) -> 118 | H9: =BFLY!C16 -> 8000 | I9: =D9*F9*H9 -> 944000 | J9: =IF(C9="CF8",200000,IF(C9="CF8M",200000,IF(C9="CF3M",200000,IF(C9="B148",200000)))) -> 200000 | K9: =I9+J9 -> 1144000 | L9: TEFLON | M9: TEFLON | N9: METAL | O9: 합계
A10: 3 | B10: SEAT | C10: =BFLY!B19 -> RTFE | D10: 1 | I10: =IF(C10="RTFE",290000,IF(C10="RTFE-A",235000,IF(C10="METAL-B",0,IF(C10="RTFE + METAL",350000)))) -> 290000 | J10: =IF(C10="RTFE",0,IF(C10="METAL-B",0,IF(C10="RTFE + METAL",50000))) -> 0 | K10: =I10+J10 -> 290000 | L10: 290000 | M10: 290000 | N10: 60000 | O10: =M10+N10 -> 350000
A11: 4 | B11: STEM(上,下) | C11: =BFLY!B17 -> A564T630 | D11: 1 | F11: 45.35 | H11: =BFLY!C17 -> 8000 | I11: =D11*F11*H11 -> 362800 | J11: 70000 | K11: =I11+J11 -> 432800
A12: 5 | B12: RETAINER RING | C12: SS316 | D12: 1 | F12: 1 | H12: 224400 | I12: =D12*F12*H12 -> 224400 | J12: 70000 | K12: =I12+J12 -> 294400 | P12: RETAINER RING | R12: 70000 | T12: =R12+Q12 -> 70000
A13: 6 | B13: RETAINER BOLT | C13: B8M | D13: 12 | F13: 1 | H13: 1000 | I13: =D13*F13*H13 -> 12000 | K13: =H13*D13 -> 12000
A14: 7 | B14: BUSH | C14: SS316 | D14: 2 | F14: 1 | I14: 19900 | J14: 62270 | K14: =I14+J14 -> 82170
A15: 8 | B15: PACKING | C15: GRAPHITE | D15: 1 | F15: 1 | H15: 27300 | I15: =D15*F15*H15 -> 27300 | K15: =I15+J15 -> 27300
A16: 9 | B16: PACKING GLAND | C16: CF8/CF8M | D16: 1 | F16: 1 | H16: 38280 | I16: =D16*F16*H16 -> 38280 | J16: 15000 | K16: =I16+J16 -> 53280
A17: 10 | B17: GLAND BOLT/NUT | C17: B8M | D17: 2 | F17: 1 | H17: 1800 | I17: =D17*F17*H17 -> 3600 | K17: =I17+J17 -> 3600
A18: 11 | B18: COLOR | C18: SS316 | D18: 1 | F18: 1 | H18: 5600 | I18: =D18*F18*H18 -> 5600 | J18: 5000 | K18: =I18+J18 -> 10600
A19: 12 | B19: DISCK PIN | C19: SS630 | D19: 4 | F19: 1 | H19: 2450 | I19: =H19 -> 2450 | J19: 4100 | K19: =(I19+J19)*D19 -> 26200
A20: 13 | B20: END COVER | C20: SS316 | D20: 1 | F20: 1 | H20: 42240 | I20: =D20*F20*H20 -> 42240 | J20: 10000 | K20: =I20+J20 -> 52240
A21: 14 | B21: END COVER BOLT | C21: B8M | D21: 6 | F21: 1 | H21: 470 | I21: =D21*F21*H21 -> 2820 | K21: =I21+J21 -> 2820
A22: 15 | B22: GASKET | C22: N-ASBESTOS | D22: 1 | F22: 1 | H22: 3100 | I22: =D22*F22*H22 -> 3100 | J22: 1000 | K22: =I22+J22 -> 4100
A23: 16 | B23: TOP COVER BOLT | C23: B8 | D23: 4 | F23: 1 | H23: 1200 | I23: =H23 -> 1200 | K23: =(I23+J23)*D23 -> 4800
A24: 17 | B24: G/BOX BOLT | C24: B8 | D24: 4 | F24: 1 | H24: 1800 | I24: =H24 -> 1800 | K24: =(I24+J24)*D24 -> 7200
A25: 18
A26: 19 | B26: TOP COVER | C26: CF8/CF8M | D26: 1 | F26: 1 | H26: 61000 | I26: =D26*F26*H26 -> 61000 | J26: 25000 | K26: =I26+J26 -> 86000
A27: 20 | B27: GEAR BOX | C27: =BFLY!B20 -> 10 BAR | D27: 1 | F27: 1 | J27: =C27 -> 10 BAR | K27: =IF(C27="PIYAKE",L27,IF(C27="10 BAR",M27,IF(C27="20 BAR",N27))) -> 355000 | L27: 301640 | M27: 355000 | N27: 748000
A28: 21 | B28: 페인트, 조립 | C28: CEPHAS | D28: 1 | F28: 1 | I28: 161400 | J28: 60000 | K28: =I28+J28 -> 221400
A29: 22 | B29: 밸브합산(BEAR) | K29: =SUM(K6:K26,K28) -> 4220910
A30: 24 | B30: 밸브합산(GEAR) | K30: =SUM(K6:K28) -> 4575910
A31: 25
A32: 26 | B32: ACTUATOR | D32: 1 | K32: =I32+J32 -> 0
A33: 27 | B33: ACTUATOR BOLT/WASHER | D33: 4 | K33: =I33+J33 -> 0
B34: 포장비용 | D34: 1 | K34: 201400
A35: 28 | B35: 밸브외 사급품 비용 연산 | I35: =SUM(K31:K34) -> 201400 | J35: 1 | K35: =J35*I35 -> 201400
A36: 29
A37: 30 | B37: FACTOR(BEAR) | I37: =K29 -> 4220910 | K37: =I37+K35 -> 4422310
A38: 32 | B38: FACTOR(GEAR) | I38: =K30 -> 4575910 | K38: =I38+K35 -> 4777310
A39: 33 | B39: 견적가격(TOTAL금액) - BEAR | J39: =BFLY!B21 -> 1 | K39: =K37*J39 -> 4422310
A40: 35 | B40: 견적가격(TOTAL금액) - GEAR | J40: =BFLY!B21 -> 1 | K40: =K38*J40 -> 4777310

Sheet 700A
A1: HIGH PERFORMANCE BFV 원가 分析表
A3: SIZE : 700A | C3: 압력 : 150# | F3: PJT :
Q4: 소재비 | R4: 가공비 | T4: 합
A5: NO. | B5: 부품명 | C5: 재질 | D5: 수량 | E5: 규격 | F5: 단중 | G5: 업체 | H5: 단가 | I5: 소계 | J5: 가공비 | K5: 합계
A6: 1 | B6: BODY(WAFER) | C6: =BFLY!B13 -> CF8 | D6: 1 | F6: =IF(C6="WCB",220,IF(C6="CF8",220,IF(C6="CF8M",217))) -> 220 | H6: =BFLY!C13 -> 4000 | I6: =D6*F6*H6 -> 880000 | J6: =IF(C6="WCB",280000,IF(C6="CF8",320000,IF(C6="CF8M",320000))) -> 320000 | K6: =I6+J6 -> 1200000
B7: BODY(LUG) | C7: =BFLY!B14 -> 0 | D7: 1 | F7: =IF(C7="WCB",472,IF(C7="CF8",472,IF(C7="CF8M",475))) -> FALSE | H7: =BFLY!C14 -> 0 | I7: =D7*F7*H7 -> 0 | J7: =IF(C7="WCB",360000,IF(C7="CF8",400000,IF(C7="CF8M",400000))) -> FALSE | K7: =I7+J7 -> 0
B8: BODY(FLANGE) | C8: =BFLY!B15 -> CF8 | D8: 1 | F8: =542*1.1 -> 596.2 | H8: =BFLY!C15 -> 0 | I8: =D8*F8*H8 -> 0 | J8: =IF(C8="WCB",500000,IF(C8="CF8",500000,IF(C8="CF8M",500000))) -> 500000 | K8: =I8+J8 -> 500000 | L8: TEFLON SEAT | M8: METAL TEFLON SEAT
A9: 2 | B9: DISC | C9: =BFLY!B16 -> CF8M | D9: 1 | F9: =IF(C9="CF8",141,IF(C9="CF8M",134,IF(C9="CF3M",141,IF(C9="B148",155)))) -> 134 | H9: =BFLY!C16 -> 8000 | I9: =D9*F9*H9 -> 1072000 | J9: =IF(C9="CF8",220000,IF(C9="CF8M",220000,IF(C9="CF3M",220000,IF(C9="B148",220000)))) -> 220000 | K9: =I9+J9 -> 1292000 | L9: TEFLON | M9: TEFLON | N9: METAL | O9: 합계
A10: 3 | B10: SEAT | C10: =BFLY!B19 -> RTFE | D10: 1 | I10: =IF(C10="RTFE",400000,IF(C10="RTFE-A",400000,IF(C10="METAL-B",96700,IF(C10="RTFE + METAL",460000)))) -> 400000 | J10: =IF(C10="RTFE",0,IF(C10="METAL-B",61400,IF(C10="RTFE + METAL",65000))) -> 0 | K10: =I10+J10 -> 400000 | L10: 400000 | M10: 350000 | N10: 70000 | O10: =M10+N10 -> 420000
A11: 4 | B11: STEM(上,下) | C11: =BFLY!B17 -> A564T630 | D11: 1 | F11: 56 | H11: =BFLY!C17 -> 8000 | I11: =D11*F11*H11 -> 448000 | J11: 80000 | K11: =I11+J11 -> 528000
A12: 5 | B12: RETAINER RING | C12: SS316 | D12: 1 | F12: 1 | H12: 429000 | I12: =D12*F12*H12 -> 429000 | J12: 75000 | K12: =I12+J12 -> 504000 | P12: RETAINER RING | R12: 75000 | T12: =R12+Q12 -> 75000
A13: 6 | B13: RETAINER BOLT | C13: B8M | D13: 16 | F13: 1 | H13: 1200 | I13: =D13*F13*H13 -> 19200 | K13: =H13*D13 -> 19200
A14: 7 | B14: BUSH | C14: SS316 | D14: 2 | F14: 1 | I14: 22500 | J14: 16520 | K14: =I14+J14 -> 39020
A15: 8 | B15: PACKING | C15: PTFE | D15: 1 | F15: 1 | H15: 35000 | I15: =D15*F15*H15 -> 35000 | K15: =I15+J15 -> 35000
A16: 9 | B16: PACKING GLAND | C16: CF8/CF8M | D16: 1 | F16: 1 | H16: 56100 | I16: =D16*F16*H16 -> 56100 | J16: 15000 | K16: =I16+J16 -> 71100
A17: 10 | B17: GLAND BOLT/NUT | C17: B8M | D17: 2 | F17: 1 | H17: 3200 | I17: =D17*F17*H17 -> 6400 | K17: =I17+J17 -> 6400
A18: 11 | B18: COLOR | C18: SS316 | D18: 1 | F18: 1 | H18: 5940 | I18: =D18*F18*H18 -> 5940 | J18: 5000 | K18: =I18+J18 -> 10940
A19: 12 | B19: DISCK PIN | C19: SS630 | D19: 3 | F19: 1 | H19: 4620 | I19: =H19 -> 4620 | J19: 4500 | K19: =(I19+J19)*D19 -> 27360
A20: 13 | B20: END COVER | C20: SS316 | D20: 1 | F20: 1 | H20: 66000 | I20: =D20*F20*H20 -> 66000 | J20: 15000 | K20: =I20+J20 -> 81000
A21: 14 | B21: END COVER BOLT | C21: B8M | D21: 6 | F21: 1 | H21: 680 | I21: =D21*F21*H21 -> 4080 | K21: =I21+J21 -> 4080
A22: 15 | B22: GASKET | C22: N-ASBESTOS | D22: 1 | F22: 1 | H22: 4000 | I22: =D22*F22*H22 -> 4000 | J22: 1000 | K22: =I22+J22 -> 5000
A23: 16 | B23: TOP COVER BOLT | C23: B8 | D23: 4 | F23: 1 | H23: 2400 | I23: =H23 -> 2400 | K23: =(I23+J23)*D23 -> 9600
A24: 17 | B24: G/BOX BOLT | C24: B8 | D24: 8 | F24: 1 | H24: 910 | I24: =H24 -> 910 | K24: =(I24+J24)*D24 -> 7280
A25: 18
A26: 19 | B26: TOP COVER | C26: CF8/CF8M | D26: 1 | F26: 1 | H26: 146400 | I26: =D26*F26*H26 -> 146400 | J26: 30000 | K26: =I26+J26 -> 176400
A27: 20 | B27: GEAR BOX | C27: =BFLY!B20 -> 10 BAR | D27: 1 | F27: 1 | J27: =C27 -> 10 BAR | K27: =IF(C27="PIYAKE",L27,IF(C27="10 BAR",M27,IF(C27="20 BAR",N27))) -> 589000 | L27: 301640 | M27: 589000 | N27: 748000
A28: 21 | B28: 페인트, 조립 | C28: CEPHAS | D28: 1 | F28: 1 | I28: 201000 | J28: 80000 | K28: =I28+J28 -> 281000
A29: 22 | B29: 밸브합산(BEAR) | K29: =SUM(K6:K26,K28) -> 5197380
A30: 24 | B30: 밸브합산(GEAR) | K30: =SUM(K6:K28) -> 5786380
A31: 25
A32: 26 | B32: ACTUATOR | D32: 1 | K32: =I32+J32 -> 0
A33: 27 | B33: ACTUATOR BOLT/WASHER | D33: 4 | K33: =I33+J33 -> 0
B34: 포장비용 | D34: 1 | K34: 261000
A35: 28 | B35: 밸브외 사급품 비용 연산 | I35: =SUM(K31:K34) -> 261000 | J35: 1 | K35: =J35*I35 -> 261000
A36: 29
A37: 30 | B37: FACTOR(BEAR) | I37: =K29 -> 5197380 | K37: =I37+K35 -> 5458380
A38: 32 | B38: FACTOR(GEAR) | I38: =K30 -> 5786380 | K38: =I38+K35 -> 6047380
A39: 33 | B39: 견적가격(TOTAL금액) - BEAR | J39: =BFLY!B21 -> 1 | K39: =K37*J39 -> 5458380
A40: 35 | B40: 견적가격(TOTAL금액) - GEAR | J40: =BFLY!B21 -> 1 | K40: =K38*J40 -> 6047380

Sheet 750A
A1: HIGH PERFORMANCE BFV 원가 分析表
A3: SIZE : 750A | C3: 압력 : 150# | F3: PJT :
Q4: 소재비 | R4: 가공비 | T4: 합
A5: NO. | B5: 부품명 | C5: 재질 | D5: 수량 | E5: 규격 | F5: 단중 | G5: 업체 | H5: 단가 | I5: 소계 | J5: 가공비 | K5: 합계
A6: 1 | B6: BODY(WAFER) | C6: =BFLY!B13 -> CF8 | D6: 1 | F6: =IF(C6="WCB",281,IF(C6="CF8",281,IF(C6="CF8M",281))) -> 281 | H6: =BFLY!C13 -> 4000 | I6: =D6*F6*H6 -> 1124000 | J6: =IF(C6="WCB",320000,IF(C6="CF8",383000,IF(C6="CF8M",383000))) -> 383000 | K6: =I6+J6 -> 1507000
B7: BODY(LUG) | C7: =BFLY!B14 -> 0 | D7: 1 | F7: 476 | H7: =BFLY!C14 -> 0 | I7: =D7*F7*H7 -> 0 | J7: =IF(C7="WCB",380000,IF(C7="CF8",450000,IF(C7="CF8M",450000))) -> FALSE | K7: =I7+J7 -> 0
B8: BODY(FLANGE) | C8: =BFLY!B15 -> CF8 | D8: 1 | F8: =655*1.1 -> 720.5 | H8: =BFLY!C15 -> 0 | I8: =D8*F8*H8 -> 0 | J8: =IF(C8="WCB",530000,IF(C8="CF8",530000,IF(C8="CF8M",530000))) -> 530000 | K8: =I8+J8 -> 530000 | L8: TEFLON SEAT | M8: METAL TEFLON SEAT
A9: 2 | B9: DISC | C9: =BFLY!B16 -> CF8M | D9: 1 | F9: =IF(C9="CF8",144,IF(C9="CF8M",145,IF(C9="CF3M",145,IF(C9="B148",173)))) -> 145 | H9: =BFLY!C16 -> 8000 | I9: =D9*F9*H9 -> 1160000 | J9: =IF(C9="CF8",240000,IF(C9="CF8M",240000,IF(C9="CF3M",240000,IF(C9="B148",240000)))) -> 240000 | K9: =I9+J9 -> 1400000 | L9: TEFLON | M9: TEFLON | N9: METAL | O9: 합계
A10: 3 | B10: SEAT | C10: =BFLY!B19 -> RTFE | D10: 1 | I10: =IF(C10="RTFE",500000,IF(C10="RTFE-A",787000,IF(C10="METAL-B",69130,IF(C10="RTFE + METAL",495000)))) -> 500000 | J10: =IF(C10="RTFE",0,IF(C10="METAL-B",100000,IF(C10="RTFE + METAL",65000))) -> 0 | K10: =I10+J10 -> 500000 | L10: 500000 | N10: 70000 | O10: =M10+N10 -> 70000
A11: 4 | B11: STEM(上,下) | C11: =BFLY!B17 -> A564T630 | D11: 1 | F11: 60 | H11: =BFLY!C17 -> 8000 | I11: =D11*F11*H11 -> 480000 | J11: 100000 | K11: =I11+J11 -> 580000
A12: 5 | B12: RETAINER RING | C12: SS316 | D12: 1 | F12: 1 | H12: 270600 | I12: =D12*F12*H12 -> 270600 | J12: 80000 | K12: =I12+J12 -> 350600 | P12: RETAINER RING | R12: 80000 | T12: =R12+Q12 -> 80000
A13: 6 | B13: RETAINER BOLT | C13: B8M | D13: 16 | F13: 1 | H13: 1000 | I13: =D13*F13*H13 -> 16000 | K13: =H13*D13 -> 16000
A14: 7 | B14: BUSH | C14: SS316 | D14: 2 | F14: 1 | I14: 16460 | J14: 20000 | K14: =I14+J14 -> 36460
A15: 8 | B15: PACKING | C15: PTFE | D15: 1 | F15: 1 | H15: 35000 | I15: =D15*F15*H15 -> 35000 | K15: =I15+J15 -> 35000
A16: 9 | B16: PACKING GLAND | C16: CF8/CF8M | D16: 1 | F16: 1 | H16: 56100 | I16: =D16*F16*H16 -> 56100 | J16: 15000 | K16: =I16+J16 -> 71100
A17: 10 | B17: GLAND BOLT/NUT | C17: B8M | D17: 2 | F17: 1 | H17: 3400 | I17: =D17*F17*H17 -> 6800 | K17: =I17+J17 -> 6800
A18: 11 | B18: COLOR | C18: SS316 | D18: 1 | F18: 1 | H18: 6600 | I18: =D18*F18*H18 -> 6600 | J18: 5000 | K18: =I18+J18 -> 11600
A19: 12 | B19: DISCK PIN | C19: SS630 | D19: 3 | F19: 1 | H19: 6440 | I19: =H19 -> 6440 | J19: 4000 | K19: =(I19+J19)*D19 -> 31320
A20: 13 | B20: END COVER | C20: SS316 | D20: 1 | F20: 1 | H20: 66000 | I20: =D20*F20*H20 -> 66000 | J20: 15000 | K20: =I20+J20 -> 81000
A21: 14 | B21: END COVER BOLT | C21: B8M | D21: 4 | F21: 1 | H21: 1200 | I21: =D21*F21*H21 -> 4800 | K21: =I21+J21 -> 4800
A22: 15 | B22: GASKET | C22: N-ASBESTOS | D22: 1 | F22: 1 | H22: 4000 | I22: =D22*F22*H22 -> 4000 | J22: 1000 | K22: =I22+J22 -> 5000
A23: 16 | B23: TOP COVER BOLT | C23: B8 | D23: 4 | F23: 1 | H23: 2400 | I23: =H23 -> 2400 | K23: =(I23+J23)*D23 -> 9600
A24: 17 | B24: G/BOX BOLT | C24: B8 | D24: 8 | F24: 1 | H24: 910 | I24: =H24 -> 910 | K24: =(I24+J24)*D24 -> 7280
A25: 18
A26: 19 | B26: TOP COVER | C26: CF8/CF8M | D26: 1 | F26: 1 | H26: 146400 | I26: =D26*F26*H26 -> 146400 | J26: 30000 | K26: =I26+J26 -> 176400
A27: 20 | B27: GEAR BOX | C27: =BFLY!B20 -> 10 BAR | D27: 1 | F27: 1 | J27: =C27 -> 10 BAR | K27: =IF(C27="PIYAKE",L27,IF(C27="10 BAR",M27,IF(C27="20 BAR",N27))) -> 589000 | L27: 301640 | M27: 589000 | N27: 748000
A28: 21 | B28: 페인트, 조립 | C28: CEPHAS | D28: 1 | F28: 1 | I28: 226800 | J28: 80000 | K28: =I28+J28 -> 306800
A29: 22 | B29: 밸브합산(BEAR) | K29: =SUM(K6:K26,K28) -> 5666760
A30: 24 | B30: 밸브합산(GEAR) | K30: =SUM(K6:K28) -> 6255760
A31: 25
A32: 26 | B32: ACTUATOR | D32: 1 | K32: =I32+J32 -> 0
A33: 27 | B33: ACTUATOR BOLT/WASHER | D33: 4 | K33: =I33+J33 -> 0
B34: 포장비용 | D34: 1 | K34: 286800
A35: 28 | B35: 밸브외 사급품 비용 연산 | I35: =SUM(K31:K34) -> 286800 | J35: 1 | K35: =J35*I35 -> 286800
A36: 29
A37: 30 | B37: FACTOR(BEAR) | I37: =K29 -> 5666760 | K37: =I37+K35 -> 5953560
A38: 32 | B38: FACTOR(GEAR) | I38: =K30 -> 6255760 | K38: =I38+K35 -> 6542560
A39: 33 | B39: 견적가격(TOTAL금액) - BEAR | J39: =BFLY!B21 -> 1 | K39: =K37*J39 -> 5953560
A40: 35 | B40: 견적가격(TOTAL금액) - GEAR | J40: =BFLY!B21 -> 1 | K40: =K38*J40 -> 6542560

Sheet 800A
A1: HIGH PERFORMANCE BFV 원가 分析表
A3: SIZE : 800A | C3: 압력 : 150# | F3: PJT :
Q4: 소재비 | R4: 가공비 | T4: 합
A5: NO. | B5: 부품명 | C5: 재질 | D5: 수량 | E5: 규격 | F5: 단중 | G5: 업체 | H5: 단가 | I5: 소계 | J5: 가공비 | K5: 합계
A6: 1 | B6: BODY(WAFER) | C6: =BFLY!B13 -> CF8 | D6: 1 | F6: =IF(C6="WCB",286,IF(C6="CF8",284,IF(C6="CF8M",286))) -> 284 | H6: =BFLY!C13 -> 4000 | I6: =D6*F6*H6 -> 1136000 | J6: =IF(C6="WCB",385000,IF(C6="CF8",450000,IF(C6="CF8M",450000))) -> 450000 | K6: =I6+J6 -> 1586000
B7: BODY(LUG) | C7: =BFLY!B14 -> 0 | D7: 1 | F7: =IF(C7="WCB",480,IF(C7="CF8",480,IF(C7="CF8M",480))) -> FALSE | H7: =BFLY!C14 -> 0 | I7: =D7*F7*H7 -> 0 | J7: =IF(C7="WCB",450000,IF(C7="CF8",524000,IF(C7="CF8M",524000))) -> FALSE | K7: =I7+J7 -> 0
B8: BODY(FLANGE) | C8: =BFLY!B15 -> CF8 | D8: 1 | F8: =768*1.1 -> 844.8 | H8: =BFLY!C15 -> 0 | I8: =D8*F8*H8 -> 0 | J8: =IF(C8="WCB",580000,IF(C8="CF8",580000,IF(C8="CF8M",580000))) -> 580000 | K8: =I8+J8 -> 580000 | L8: TEFLON SEAT | M8: METAL TEFLON SEAT
A9: 2 | B9: DISC | C9: =BFLY!B16 -> CF8M | D9: 1 | F9: =IF(C9="CF8",173,IF(C9="CF8M",174,IF(C9="CF3M",174,IF(C9="B148",199)))) -> 174 | H9: =BFLY!C16 -> 8000 | I9: =D9*F9*H9 -> 1392000 | J9: =IF(C9="CF8",280000,IF(C9="CF8M",280000,IF(C9="CF3M",280000,IF(C9="B148",280000)))) -> 280000 | K9: =I9+J9 -> 1672000 | L9: TEFLON | M9: TEFLON | N9: METAL | O9: 합계
A10: 3 | B10: SEAT | C10: =BFLY!B19 -> RTFE | D10: 1 | I10: =IF(C10="RTFE",550000,IF(C10="RTFE-A",856250,IF(C10="METAL-B",81400,IF(C10="RTFE + METAL",849000)))) -> 550000 | J10: =IF(C10="RTFE",0,IF(C10="METAL-B",120000,IF(C10="RTFE + METAL",70000))) -> 0 | K10: =I10+J10 -> 550000 | L10: 550000 | M10: 705000 | N10: 74000 | O10: =M10+N10 -> 779000
A11: 4 | B11: STEM(上,下) | C11: =BFLY!B17 -> A564T630 | D11: 1 | F11: 61.7 | H11: =BFLY!C17 -> 8000 | I11: =D11*F11*H11 -> 493600 | J11: 125000 | K11: =I11+J11 -> 618600
A12: 5 | B12: RETAINER RING | C12: SS316 | D12: 1 | F12: 1 | H12: 330000 | I12: =D12*F12*H12 -> 330000 | J12: 85000 | K12: =I12+J12 -> 415000 | P12: RETAINER RING | R12: 85000 | T12: =R12+Q12 -> 85000
A13: 6 | B13: RETAINER BOLT | C13: B8M | D13: 16 | F13: 1 | H13: 1200 | I13: =D13*F13*H13 -> 19200 | K13: =H13*D13 -> 19200
A14: 7 | B14: BUSH | C14: SS316 | D14: 2 | F14: 1 | I14: 24720 | J14: 19050 | K14: =I14+J14 -> 43770
A15: 8 | B15: PACKING | C15: PTFE | D15: 1 | F15: 1 | H15: 35000 | I15: =D15*F15*H15 -> 35000 | K15: =I15+J15 -> 35000
A16: 9 | B16: PACKING GLAND | C16: CF8/CF8M | D16: 1 | F16: 1 | H16: 56760 | I16: =D16*F16*H16 -> 56760 | J16: 18000 | K16: =I16+J16 -> 74760
A17: 10 | B17: GLAND BOLT/NUT | C17: B8M | D17: 2 | F17: 1 | H17: 3400 | I17: =D17*F17*H17 -> 6800 | K17: =I17+J17 -> 6800
A18: 11 | B18: COLOR | C18: SS316 | D18: 1 | F18: 1 | H18: 7700 | I18: =D18*F18*H18 -> 7700 | J18: 5000 | K18: =I18+J18 -> 12700
A19: 12 | B19: DISCK PIN | C19: SS630 | D19: 3 | F19: 1 | H19: 9900 | I19: =H19 -> 9900 | J19: 4500 | K19: =(I19+J19)*D19 -> 43200
A20: 13 | B20: END COVER | C20: SS316 | D20: 1 | F20: 1 | H20: 66000 | I20: =D20*F20*H20 -> 66000 | J20: 15000 | K20: =I20+J20 -> 81000
A21: 14 | B21: END COVER BOLT | C21: B8M | D21: 6 | F21: 1 | H21: 680 | I21: =D21*F21*H21 -> 4080 | K21: =I21+J21 -> 4080
A22: 15 | B22: GASKET | C22: N-ASBESTOS | D22: 1 | F22: 1 | H22: 4000 | I22: =D22*F22*H22 -> 4000 | J22: 1000 | K22: =I22+J22 -> 5000
A23: 16 | B23: TOP COVER BOLT | C23: B8 | D23: 4 | F23: 1 | H23: 2400 | I23: =H23 -> 2400 | K23: =(I23+J23)*D23 -> 9600
A24: 17 | B24: G/BOX BOLT | C24: B8 | D24: 8 | F24: 1 | H24: 910 | I24: =H24 -> 910 | K24: =(I24+J24)*D24 -> 7280
A25: 18
A26: 19 | B26: TOP COVER | C26: CF8/CF8M | D26: 1 | F26: 1 | H26: 146400 | I26: =D26*F26*H26 -> 146400 | J26: 30000 | K26: =I26+J26 -> 176400
A27: 20 | B27: GEAR BOX | C27: =BFLY!B20 -> 10 BAR | D27: 1 | F27: 1 | J27: =C27 -> 10 BAR | K27: =IF(C27="PIYAKE",L27,IF(C27="10 BAR",M27,IF(C27="20 BAR",N27))) -> 589000 | M27: 589000 | N27: 748000
A28: 21 | B28: 페인트, 조립 | C28: CEPHAS | D28: 1 | F28: 1 | I28: 226800 | J28: 80000 | K28: =I28+J28 -> 306800
A29: 22 | B29: 밸브합산(BEAR) | K29: =SUM(K6:K26,K28) -> 6247190
A30: 24 | B30: 밸브합산(GEAR) | K30: =SUM(K6:K28) -> 6836190
A31: 25
A32: 26 | B32: ACTUATOR | D32: 1 | K32: =I32+J32 -> 0
A33: 27 | B33: ACTUATOR BOLT/WASHER | D33: 4 | K33: =I33+J33 -> 0
B34: 포장비용 | D34: 1 | K34: 286800
A35: 28 | B35: 밸브외 사급품 비용 연산 | I35: =SUM(K31:K34) -> 286800 | J35: 1 | K35: =J35*I35 -> 286800
A36: 29
A37: 30 | B37: FACTOR(BEAR) | I37: =K29 -> 6247190 | K37: =I37+K35 -> 6533990
A38: 32 | B38: FACTOR(GEAR) | I38: =K30 -> 6836190 | K38: =I38+K35 -> 7122990
A39: 33 | B39: 견적가격(TOTAL금액) - BEAR | J39: =BFLY!B21 -> 1 | K39: =K37*J39 -> 6533990
A40: 35 | B40: 견적가격(TOTAL금액) - GEAR | J40: =BFLY!B21 -> 1 | K40: =K38*J40 -> 7122990

Sheet 900A
A1: HIGH PERFORMANCE BFV 원가 分析表
A3: SIZE : 900A | C3: 압력 : 150# | F3: PJT :
Q4: 소재비 | R4: 가공비 | T4: 합
A5: NO. | B5: 부품명 | C5: 재질 | D5: 수량 | E5: 규격 | F5: 단중 | G5: 업체 | H5: 단가 | I5: 소계 | J5: 가공비 | K5: 합계
A6: 1 | B6: BODY(WAFER) | C6: =BFLY!B13 -> CF8 | D6: 1 | F6: =IF(C6="WCB",400,IF(C6="CF8",400,IF(C6="CF8M",400))) -> 400 | H6: =BFLY!C13 -> 4000 | I6: =D6*F6*H6 -> 1600000 | J6: =IF(C6="WCB",450000,IF(C6="CF8",550000,IF(C6="CF8M",550000))) -> 550000 | K6: =I6+J6 -> 2150000
B7: BODY(LUG) | C7: =BFLY!B14 -> 0 | D7: 1 | F7: =IF(C7="WCB",609,IF(C7="CF8",609,IF(C7="CF8M",609))) -> FALSE | H7: =BFLY!C14 -> 0 | I7: =D7*F7*H7 -> 0 | J7: =IF(C7="WCB",550000,IF(C7="CF8",650000,IF(C7="CF8M",650000))) -> FALSE | K7: =I7+J7 -> 0
B8: BODY(FLANGE) | C8: =BFLY!B15 -> CF8 | D8: 1 | F8: =952*1.1 -> 1047.2 | H8: =BFLY!C15 -> 0 | I8: =D8*F8*H8 -> 0 | J8: =IF(C8="WCB",700000,IF(C8="CF8",700000,IF(C8="CF8M",700000))) -> 700000 | K8: =I8+J8 -> 700000 | L8: TEFLON SEAT | M8: METAL TEFLON SEAT
A9: 2 | B9: DISC | C9: =BFLY!B16 -> CF8M | D9: 1 | F9: =IF(C9="CF8",320,IF(C9="CF8M",320,IF(C9="CF3M",320,IF(C9="B148",362)))) -> 320 | H9: =BFLY!C16 -> 8000 | I9: =D9*F9*H9 -> 2560000 | J9: =IF(C9="CF8",430000,IF(C9="CF8M",430000,IF(C9="CF3M",430000,IF(C9="B148",430000)))) -> 430000 | K9: =I9+J9 -> 2990000 | L9: TEFLON | M9: TEFLON | N9: METAL | O9: 합계
A10: 3 | B10: SEAT | C10: =BFLY!B19 -> RTFE | D10: 1 | I10: =IF(C10="RTFE",795000,IF(C10="RTFE-A",1062500,IF(C10="METAL-B",52800,IF(C10="RTFE + METAL",985250)))) -> 795000 | J10: =IF(C10="RTFE",0,IF(C10="METAL-B",120000,IF(C10="RTFE + METAL",80000))) -> 0 | K10: =I10+J10 -> 795000 | L10: 795000 | M10: 820250 | N10: 85000 | O10: =M10+N10 -> 905250
A11: 4 | B11: STEM(上,下) | C11: =BFLY!B17 -> A564T630 | D11: 1 | F11: 148.2 | H11: =BFLY!C17 -> 8000 | I11: =D11*F11*H11 -> 1185600 | J11: 150000 | K11: =I11+J11 -> 1335600
A12: 5 | B12: RETAINER RING | C12: SS316 | D12: 1 | F12: 1 | H12: 475200 | I12: =D12*F12*H12 -> 475200 | J12: 95000 | K12: =I12+J12 -> 570200 | P12: RETAINER RING | R12: 95000 | T12: =R12+Q12 -> 95000
A13: 6 | B13: RETAINER BOLT | C13: B8M | D13: 28 | F13: 1 | H13: 1200 | I13: =D13*F13*H13 -> 33600 | K13: =H13*D13 -> 33600
A14: 7 | B14: BUSH | C14: SS316 | D14: 2 | F14: 1 | I14: 42000 | J14: 42000 | K14: =I14+J14 -> 84000
A15: 8 | B15: PACKING | C15: PTFE | D15: 1 | F15: 1 | H15: 40000 | I15: =D15*F15*H15 -> 40000 | K15: =I15+J15 -> 40000
A16: 9 | B16: PACKING GLAND | C16: CF8/CF8M | D16: 1 | F16: 1 | H16: 80520 | I16: =D16*F16*H16 -> 80520 | J16: 20000 | K16: =I16+J16 -> 100520
A17: 10 | B17: GLAND BOLT/NUT | C17: B8M | D17: 4 | F17: 1 | H17: 2400 | I17: =D17*F17*H17 -> 9600 | K17: =I17+J17 -> 9600
A18: 11 | B18: COLOR | C18: SS316 | D18: 1 | F18: 1 | H18: 19800 | I18: =D18*F18*H18 -> 19800 | J18: 5000 | K18: =I18+J18 -> 24800
A19: 12 | B19: DISCK PIN | C19: SS630 | D19: 4 | F19: 1 | H19: 25200 | I19: =H19 -> 25200 | J19: 5470 | K19: =(I19+J19)*D19 -> 122680
A20: 13 | B20: END COVER | C20: SS316 | D20: 1 | F20: 1 | H20: 72600 | I20: =D20*F20*H20 -> 72600 | J20: 18000 | K20: =I20+J20 -> 90600
A21: 14 | B21: END COVER BOLT | C21: B8M | D21: 8 | F21: 1 | H21: 700 | I21: =D21*F21*H21 -> 5600 | K21: =I21+J21 -> 5600
A22: 15 | B22: GASKET | C22: N-ASBESTOS | D22: 1 | F22: 1 | H22: 5500 | I22: =D22*F22*H22 -> 5500 | J22: 1000 | K22: =I22+J22 -> 6500
A23: 16 | B23: TOP COVER BOLT | C23: B8 | D23: 4 | F23: 1 | H23: 2400 | I23: =H23 -> 2400 | K23: =(I23+J23)*D23 -> 9600
A24: 17 | B24: G/BOX BOLT | C24: B8 | D24: 8 | F24: 1 | H24: 910 | I24: =H24 -> 910 | K24: =(I24+J24)*D24 -> 7280
A25: 18
A26: 19 | B26: TOP COVER | C26: CF8/CF8M | D26: 1 | F26: 1 | H26: 146400 | I26: =D26*F26*H26 -> 146400 | J26: 30000 | K26: =I26+J26 -> 176400
A27: 20 | B27: GEAR BOX | C27: =BFLY!B20 -> 10 BAR | D27: 1 | F27: 1 | J27: =C27 -> 10 BAR | K27: =IF(C27="PIYAKE",L27,IF(C27="10 BAR",M27,IF(C27="20 BAR",N27))) -> 748000 | L27: 301640 | M27: 748000 | N27: 1301000
A28: 21 | B28: 페인트, 조립 | C28: CEPHAS | D28: 1 | F28: 1 | I28: 323200 | J28: 100000 | K28: =I28+J28 -> 423200
A29: 22 | B29: 밸브합산(BEAR) | K29: =SUM(K6:K26,K28) -> 9675180
A30: 24 | B30: 밸브합산(GEAR) | K30: =SUM(K6:K28) -> 10423180
A31: 25
A32: 26 | B32: ACTUATOR | D32: 1 | K32: =I32+J32 -> 0
A33: 27 | B33: ACTUATOR BOLT/WASHER | D33: 4 | K33: =I33+J33 -> 0
B34: 포장비용 | D34: 1 | K34: 423200
A35: 28 | B35: 밸브외 사급품 비용 연산 | I35: =SUM(K31:K34) -> 423200 | J35: 1 | K35: =J35*I35 -> 423200
A36: 29
A37: 30 | B37: FACTOR(BEAR) | I37: =K29 -> 9675180 | K37: =I37+K35 -> 10098380
A38: 32 | B38: FACTOR(GEAR) | I38: =K30 -> 10423180 | K38: =I38+K35 -> 10846380
A39: 33 | B39: 견적가격(TOTAL금액) - BEAR | J39: =BFLY!B21 -> 1 | K39: =K37*J39 -> 10098380
A40: 35 | B40: 견적가격(TOTAL금액) - GEAR | J40: =BFLY!B21 -> 1 | K40: =K38*J40 -> 10846380

Sheet 1000A
A1: HIGH PERFORMANCE BFV 원가 分析表
A3: SIZE : 1000A | C3: 압력 : 150# | F3: PJT :
Q4: 소재비 | R4: 가공비 | T4: 합
A5: NO. | B5: 부품명 | C5: 재질 | D5: 수량 | E5: 규격 | F5: 단중 | G5: 업체 | H5: 단가 | I5: 소계 | J5: 가공비 | K5: 합계
A6: 1 | B6: BODY(WAFER) | C6: =BFLY!B13 -> CF8 | D6: 1 | F6: =IF(C6="WCB",400,IF(C6="CF8",400,IF(C6="CF8M",396))) -> 400 | H6: =BFLY!C13 -> 4000 | I6: =D6*F6*H6 -> 1600000 | J6: =IF(C6="WCB",540000,IF(C6="CF8",620000,IF(C6="CF8M",620000))) -> 620000 | K6: =I6+J6 -> 2220000
B7: BODY(LUG) | C7: =BFLY!B14 -> 0 | D7: 1 | F7: =IF(C7="WCB",717,IF(C7="CF8",717,IF(C7="CF8M",717))) -> FALSE | H7: =BFLY!C14 -> 0 | I7: =D7*F7*H7 -> 0 | J7: =IF(C7="WCB",650000,IF(C7="CF8",720000,IF(C7="CF8M",720000))) -> FALSE | K7: =I7+J7 -> 0
B8: BODY(FLANGE) | C8: =BFLY!B15 -> CF8 | D8: 1 | F8: =1150*1.1 -> 1265 | H8: =BFLY!C15 -> 0 | I8: =D8*F8*H8 -> 0 | J8: =IF(C8="WCB",760000,IF(C8="CF8",760000,IF(C8="CF8M",760000))) -> 760000 | K8: =I8+J8 -> 760000 | L8: TEFLON SEAT | M8: METAL TEFLON SEAT
A9: 2 | B9: DISC | C9: =BFLY!B16 -> CF8M | D9: 1 | F9: =IF(C9="CF8",314,IF(C9="CF8M",314,IF(C9="CF3M",314,IF(C9="B148",354)))) -> 314 | H9: =BFLY!C16 -> 8000 | I9: =D9*F9*H9 -> 2512000 | J9: =IF(C9="CF8",460000,IF(C9="CF8M",460000,IF(C9="CF3M",460000,IF(C9="B148",460000)))) -> 460000 | K9: =I9+J9 -> 2972000 | L9: TEFLON | M9: TEFLON | N9: METAL | O9: 합계
A10: 3 | B10: SEAT | C10: =BFLY!B19 -> RTFE | D10: 1 | I10: =IF(C10="RTFE",1115000,IF(C10="RTFE-A",1300000,IF(C10="METAL-B",66000,IF(C10="RTFE + METAL",1461000)))) -> 1115000 | J10: =IF(C10="RTFE",0,IF(C10="METAL-B",150000,IF(C10="RTFE + METAL",90000))) -> 0 | K10: =(I10+J10)*1.2 -> 1338000 | L10: 1115000 | M10: 875000 | N10: 96000 | O10: =M10+N10 -> 971000
A11: 4 | B11: STEM(上,下) | C11: =BFLY!B17 -> A564T630 | D11: 1 | F11: 158 | H11: =BFLY!C17 -> 8000 | I11: =D11*F11*H11 -> 1264000 | J11: 160000 | K11: =I11+J11 -> 1424000
A12: 5 | B12: RETAINER RING | C12: SS316 | D12: 1 | F12: 1 | H12: 858000 | I12: =D12*F12*H12 -> 858000 | J12: 110000 | K12: =I12+J12 -> 968000 | P12: RETAINER RING | R12: 110000 | T12: =R12+Q12 -> 110000
A13: 6 | B13: RETAINER BOLT | C13: B8M | D13: 24 | F13: 1 | H13: 1200 | I13: =D13*F13*H13 -> 28800 | K13: =H13*D13 -> 28800
A14: 7 | B14: BUSH | C14: SS316 | D14: 2 | F14: 1 | I14: 50000 | J14: 50000 | K14: =I14+J14 -> 100000
A15: 8 | B15: PACKING | C15: GRAPHITE | D15: 1 | F15: 1 | H15: 57950 | I15: =D15*F15*H15 -> 57950 | K15: =I15+J15 -> 57950
A16: 9 | B16: PACKING GLAND | C16: CF8/CF8M | D16: 1 | F16: 1 | H16: 87840 | I16: =D16*F16*H16 -> 87840 | J16: 20000 | K16: =I16+J16 -> 107840
A17: 10 | B17: GLAND BOLT/NUT | C17: B8M | D17: 4 | F17: 1 | H17: 2500 | I17: =D17*F17*H17 -> 10000 | K17: =I17+J17 -> 10000
A18: 11 | B18: COLOR | C18: SS316 | D18: 1 | F18: 1 | H18: 13200 | I18: =D18*F18*H18 -> 13200 | J18: 5000 | K18: =I18+J18 -> 18200
A19: 12 | B19: DISCK PIN | C19: SS630 | D19: 4 | F19: 1 | H19: 25800 | I19: =H19 -> 25800 | J19: 5470 | K19: =(I19+J19)*D19 -> 125080
A20: 13 | B20: END COVER | C20: SS316 | D20: 1 | F20: 1 | H20: 72600 | I20: =D20*F20*H20 -> 72600 | J20: 18000 | K20: =I20+J20 -> 90600
A21: 14 | B21: END COVER BOLT | C21: B8M | D21: 6 | F21: 1 | H21: 700 | I21: =D21*F21*H21 -> 4200 | K21: =I21+J21 -> 4200
A22: 15 | B22: GASKET | C22: N-ASBESTOS | D22: 1 | F22: 1 | H22: 7000 | I22: =D22*F22*H22 -> 7000 | J22: 1000 | K22: =I22+J22 -> 8000
A23: 16 | B23: TOP COVER BOLT | C23: B8 | D23: 4 | F23: 1 | H23: 2400 | I23: =H23 -> 2400 | K23: =(I23+J23)*D23 -> 9600
A24: 17 | B24: G/BOX BOLT | C24: B8 | D24: 8 | F24: 1 | H24: 910 | I24: =H24 -> 910 | K24: =(I24+J24)*D24 -> 7280
A25: 18
A26: 19 | B26: TOP COVER | C26: CF8/CF8M | D26: 1 | F26: 1 | H26: 146400 | I26: =D26*F26*H26 -> 146400 | J26: 32000 | K26: =I26+J26 -> 178400
A27: 20 | B27: GEAR BOX | C27: =BFLY!B20 -> 10 BAR | D27: 1 | F27: 1 | J27: =C27 -> 10 BAR | K27: =IF(C27="PIYAKE",L27,IF(C27="10 BAR",M27,IF(C27="20 BAR",N27))) -> 748000 | M27: 748000 | N27: 1301000
A28: 21 | B28: 페인트, 조립 | C28: CEPHAS | D28: 1 | F28: 1 | I28: 387600 | J28: 100000 | K28: =I28+J28 -> 487600
A29: 22 | B29: 밸브합산(BEAR) | K29: =SUM(K6:K26,K28) -> 10915550
A30: 24 | B30: 밸브합산(GEAR) | K30: =SUM(K6:K28) -> 11663550
A31: 25
A32: 26 | B32: ACTUATOR | D32: 1 | K32: =I32+J32 -> 0
A33: 27 | B33: ACTUATOR BOLT/WASHER | D33: 4 | K33: =I33+J33 -> 0
B34: 포장비용 | D34: 1 | K34: 487600
A35: 28 | B35: 밸브외 사급품 비용 연산 | I35: =SUM(K31:K34) -> 487600 | J35: 1 | K35: =J35*I35 -> 487600
A36: 29
A37: 30 | B37: FACTOR(BEAR) | I37: =K29 -> 10915550 | K37: =I37+K35 -> 11403150
A38: 32 | B38: FACTOR(GEAR) | I38: =K30 -> 11663550 | K38: =I38+K35 -> 12151150
A39: 33 | B39: 견적가격(TOTAL금액) - BEAR | J39: =BFLY!B21 -> 1 | K39: =K37*J39 -> 11403150
A40: 35 | B40: 견적가격(TOTAL금액) - GEAR | J40: =BFLY!B21 -> 1 | K40: =K38*J40 -> 12151150

Sheet PATTERN
A1: PATTERN 관리 대장 | K1: 품 명 | L1: H.P FLANGE BODY
K2: MODEL NO. | L2: SRS 926
A3: SIZE (DN) | B3: 압력 | C3: 형태 | E3: 재질 | F3: 규격 | J3: 소재중량 (KG) | K3: 제작일자 /업체 | L3: 보관장소 | M3: 관리NO. | N3: 비고
C4: 목형 | D4: 금형 | E4: SC/SCS | F4: 면간 | G4: 외경 | H4: 두께 | I4: 편심
A5: 50 | B5: 150LB | C5: ● | E5: SC | F5: 43 | G5: 152 | I5: 3 | J5: 12 | M5: SRS926S-02-U | N5: API (TUBE)
A6: 50 | M6: SRS926S-02-U
A7: 50 | M7: SRS926S-02-U
A8: 50
A9: 65 | M9: SRS926S-02.5-U
A10: 65 | M10: SRS926S-02.5-U
A11: 65
A12: 80 | B12: 5K | C12: ● | E12: ● | F12: 48 | G12: 190 | I12: 3 | J12: 12 | K12: 07.알바 | M12: SRS926S-03-5K | N12: H3023
A13: 80 | B13: 150LB | C13: ● | E13: ● | F13: 114 | G13: 190 | H13: 24.3 | I13: 3 | J13: 16 | K13: 11.한일 | M13: SRS926S-03-U | N13: BE110027
A14: 80
A15: 100 | B15: 150LB | C15: ● | E15: ● | F15: 127 | G15: 230 | H15: 24.3 | I15: 3 | J15: 26 | K15: 11.한일 | M15: SRS926S-04-U | N15: BE110027
A16: 100
A17: 125 | B17: 16K | C17: ● | E17: ● | F17: 127 | G17: 270 | H17: 22 | I17: 5 | J17: 29 | K17: 07알바 | M17: SRS926S-05-16K | N17: H3023(BS)
A18: 125 | M18: SRS926S-05-U
A19: 125 | M19: SRS926S-05-U
A20: 125
A21: 150 | B21: 150LB | C21: ● | E21: ● | F21: 140 | G21: 280 | H21: 25.4 | I21: 4 | J21: 32 | K21: 11.한일 | M21: SRS926S-06-U | N21: BE110027
A22: 150 | B22: 16K | C22: ● | E22: ● | F22: 140 | G22: 305 | H22: 24 | I22: 4 | J22: 39 | K22: 07알바 | M22: SRS926S-06-16K | N22: H3023
A23: 150 | B23: 150LB | C23: ● | E23: ● | F23: 127 | G23: 279 | H23: 25 | I23: 4 | J23: 31.2 | K23: 12.03팔공 | M23: SRS926S-06-U | N23: 두산면간127(BD110280)
A24: 150 | B24: 300LB | C24: ● | E24: ● | F24: 140 | G24: 320 | H24: 37 | I24: 4 | J24: 58 | K24: 12.06팔공 | M24: SRS926S-06-U | N24: BD120058
A25: 200 | B25: 16K | C25: ● | E25: ● | F25: 152 | G25: 350 | H25: 26 | I25: 4 | J25: 53 | K25: 08.알바 | M25: SRS926S-08-16K | N25: H3024
A26: 200 | B26: 300LB | C26: ● | E26: ● | F26: 152 | G26: 380 | H26: 42 | I26: 5 | J26: 90 | K26: 10.09정광 | M26: SRS926S-08-30L | N26: BD100043
A27: 200 | B27: 150LB | C27: ● | E27: ● | F27: 152 | G27: 343 | H27: 29 | I27: 4 | J27: 52 | K27: 11.03한일 | M27: SRS926S-08-U | N27: BD110003
A28: 250 | B28: 150LB | C28: ● | E28: ● | F28: 165 | G28: 406 | H28: 30 | I28: 6 | J28: 70 | K28: 11.정광 | M28: SRS926S-10-U | N28: BE110027
A29: 250 | B29: 300LB | C29: ● | E29: ● | F29: 250 | G29: 445 | H29: 48 | I29: 3 | J29: 118 | K29: 11.정광 | M29: SRS926S-10-30L | N29: BE110027
A30: 250
A31: 300 | B31: 150LB | C31: ● | E31: ● | F31: 178 | G31: 485 | H31: 32.2 | I31: 6 | J31: 106 | K31: 11.알바 | M31: SRS926S-12-U | N31: BE110027
A32: 300 | B32: 300LB | C32: ● | E32: ● | F32: 178 | G32: 520 | H32: 51.5 | I32: 6 | J32: 172 | K32: 10.10알바 | M32: SRS926S-12-30L | N32: BD120209 수정
A33: 350 | B33: 300LB | C33: ● | E33: ● | F33: 190 | G33: 585 | H33: 54.4 | I33: 6 | J33: 226 | K33: 12.한국 | M33: SRS926S-14-30L | N33: BD120209
A34: 350 | B34: 5K | C34: ● | E34: ● | F34: 190 | G34: 480 | H34: 24 | I34: 7 | J34: 99 | M34: SRS926S-14-5K | N34: BD110277
A35: 350 | B35: 150LB | C35: ● | E35: ● | F35: 190 | G35: 533 | H35: 35 | I35: 6 | J35: 130 | M35: SRS926S-14-U
A36: 350
A37: 400 | B37: 150LB | C37: ● | E37: ● | F37: 216 | G37: 595 | H37: 37 | I37: 7 | J37: 192 | K37: 11.한일 | M37: SRS926S-16-U | N37: B110027중자 전장수정
A38: 400 | B38: 300LB | C38: ● | E38: ● | F38: 216 | G38: 650 | H38: 57.6 | I38: 7 | J38: 306 | K38: 12.한국 | M38: SRS926S-16-30L | N38: BD120209
A39: 400 | M39: SRS926S-16-U
A40: 400
A41: 450 | B41: 150LB | C41: ● | E41: ● | F41: 222 | G41: 635 | H41: 40 | I41: 5 | J41: 192 | K41: 12.02.팔공 | M41: SRS926S-18-U | N41: BD110217 면간222
A42: 450 | B42: 150LB | C42: ● | E42: ● | F42: 203 | G42: 635 | H42: 40 | I42: 5 | J42: 182 | K42: 12.03.팔공 | M42: SRS926S-18-U | N42: 두산면간203 (BD110280)
A43: 450 | B43: 300LB | C43: ● | E43: ● | F43: 222 | G43: 710 | H43: 61 | I43: 5 | J43: 370 | K43: 12.팔공 | M43: SRS926S-18-30L | N43: BD120209
A44: 450
A45: 500 | B45: 150LB | C45: ● | E45: ● | F45: 229 | G45: 700 | H45: 43.3 | I45: 5 | K45: 12.02.팔공 | M45: SRS926S-20-U | N45: BD110217
A46: 500 | B46: 300LB | C46: ● | E46: ● | F46: 229 | G46: 775 | H46: 66 | I46: 7 | K46: 10.07.알바 | M46: SRS926S-20-U | N46: BD100003
A47: 550 | M47: SRS926S-22-U
A48: 550 | M48: SRS926S-22-U
A49: 550 | M49: SRS926S-22-U
A50: 550
A51: 600 | B51: 300LB | C51: ● | E51: ● | F51: 267 | G51: 915 | H51: 70 | I51: 5 | J51: 676 | K51: 12.팔공 | M51: SRS926S-24-30L | N51: BD120209
A52: 600 | B52: 150LB | C52: ● | E52: ● | F52: 267 | G52: 815 | H52: 48 | I52: 5 | J52: 398 | K52: 12.05.정광 | M52: SRS926S-24-U | N52: BD110219 CENTER 85
A53: 600 | B53: 150LB | C53: ● | E53: ● | F53: 390 | G53: 815 | H53: 48 | I53: 5 | J53: 506 | K53: 11.02.알바 | M53: SRS926S-24-U | N53: BD100091
A54: 650 | M54: SRS926S-26-U
A55: 650 | M55: SRS926S-26-U
A56: 650 | M56: SRS926S-26-U
A57: 650
A58: 700 | B58: 150LB | C58: ● | E58: ● | F58: 292 | G58: 927 | H58: 72 | I58: 5 | J58: 542 | K58: 12.09.팔공 | M58: SRS926S-28-U | N58: SERIES A BE120088
A59: 700 | M59: SRS926S-28-U
A60: 700
A61: 750 | M61: SRS926S-30-U
A62: 750 | M62: SRS926S-30-U
A63: 750 | M63: SRS926S-30-U
A64: 750
A65: 800 | B65: 150LB | C65: ● | E65: ● | F65: 318 | G65: 1060 | H65: 82 | I65: 5 | J65: 768 | K65: 12.01.팔공 | M65: SRS926S-32-U | N65: BE110149
A66: 800 | B66: 150LB | C66: ● | E66: ● | F66: 470 | G66: 1062 | H66: 82 | I66: 5 | J66: 927 | K66: 10.11.알바 | M66: SRS926S-32-U | N66: BD100091
A67: 850 | M67: SRS926S-34-U
A68: 850 | M68: SRS926S-34-U
A69: 850
A70: 900 | B70: 150LB | C70: ● | E70: ● | F70: 330 | G70: 1055 | H70: 53 | I70: 12 | J70: 506 | K70: 11.10.한국 | M70: SRS926S-36-U | N70: BD110132 면간330, 두께53T
A71: 900 | B71: 150LB | C71: ● | E71: ● | F71: 330 | G71: 1170 | H71: 92 | I71: 5 | J71: 952 | K71: 12.01정광 | M71: SRS926S-36-U | N71: 면간330, 두께91.9 BE110149
A72: 900 | B72: 300LB | C72: ● | E72: ● | F72: 510 | G72: 1270 | H72: 110 | I72: 5 | J72: 1700 | K72: 10.11.알바 | M72: SRS926S-36-30L | N72: BD100090, SERIES. B
A73: 900
A74: 950 | M74: SRS926S-38-U
A75: 950 | M75: SRS926S-38-U
A76: 950 | M76: SRS926S-38-U
A77: 950
A78: 1000 | B78: 150LB | C78: ● | E78: ● | F78: 410 | G78: 1175 | H78: 56 | I78: 5 | J78: 1150 | K78: 11.05.정광 | M78: SRS926S-40-U | N78: BE110030
A79: 1000 | M79: SRS926S-40-U
A80: 1000
A81: 1050 | B81: 150LB | C81: ● | E81: ● | F81: 410 | G81: 1225 | H81: 59.3 | I81: 10 | J81: 836 | K81: 11.05.알바 | M81: SRS926S-42-U | N81: BE110030
A82: 1050 | B82: 150LB | C82: ● | E82: ● | F82: 410 | G82: 1346 | H82: 97 | I82: 10 | J82: 1337 | K82: 10.06.알바 | M82: SRS926S-42-U | N82: BD100003
A83: 1050 | M83: SRS926S-42-U
A84: 1050
A85: 1100 | M85: SRS926S-44-U
A86: 1100 | M86: SRS926S-44-U
A87: 1100 | M87: SRS926S-44-U
A88: 1100
A89: 1150 | M89: SRS926S-46-U
A90: 1150 | M90: SRS926S-46-U
A91: 1150 | M91: SRS926S-46-U
A92: 1150
A93: 1200 | B93: 150LB | C93: ● | E93: ● | F93: 470 | G93: 1510 | H93: 108.4 | I93: 10 | J93: 2028 | K93: 10.09.정광 | M93: SRS926S-48-U | N93: BD100043
A94: 1200 | M94: SRS926S-48-U
A95: 1200 | M95: SRS926S-48-U
A96: 1200
A97: 1300 | B97: 150LB | C97: ● | E97: ● | F97: 470 | G97: 1495 | H97: 70.4 | I97: 5 | K97: 11.08.한일 | M97: SRS926S-52-U | N97: BD110132
A98: 1300 | B98: 150LB | C98: ● | E98: ● | F98: 710 | G98: 1625 | H98: 116 | I98: 5 | J98: 2632 | K98: 10.11 알바목형 | M98: SRS926S-52-U | N98: BD100091
A99: 1300 | M99: SRS926S-52-U
A100: 1300 | M100: SRS926S-52-U
...

Sheet 가격 비교표 OLD, NEW
A2: Hi-performance - LUG 기준 (BODY : WCB / DISC : CF8M/ SEAT : RTFE/ STEM : A564 T630)
A3: SIZE | B3: OLD | C3: NEW | D3: 차액 | E3: REMARK ( 변경 내용) 구매부로 확인 받은 소재
A4: DN50 | B4: ='[11]50A'!$K$29 -> 131131 | C4: ='50A'!K29 -> 159826 | D4: =B4-C4 -> -28695 | E4: (1)BODY 외주 가공비 반영 (2)TEFLON SEAT/ METAL TEFLON SEAT 가격 반영 (3)RETAINER RING 반영 (4)PACKING 반영 (5)PACKING GLANGD 반영 (6)END COVER 반영 (7)STEM 가공비 반영
A5: DN65 | B5: ='[11]65A'!$K$29 -> 143761 | C5: ='65A'!K29 -> 172230 | D5: =B5-C5 -> -28469 | E5: (1)BODY 외주 가공비 반영 (2)TEFLON SEAT/ METAL TEFLON SEAT 가격 반영 (3)RETAINER RING 반영 (4)PACKING 반영 (5)PACKING GLANGD 반영 (6)END COVER 반영 (7)STEM 가공비 반영
A6: DN80 | B6: ='[11]80A'!$K$29 -> 166688 | C6: ='80A'!K29 -> 192253 | D6: =B6-C6 -> -25565 | E6: (1)BODY 외주 가공비 반영 (2)TEFLON SEAT/ METAL TEFLON SEAT 가격 반영 (3)RETAINER RING 반영 (4)PACKING 반영 (5)PACKING GLANGD 반영 (6)END COVER 반영 (7)STEM 가공비 반영
A7: DN100 | B7: ='[11]100A'!$K$29 -> 219713 | C7: ='100A'!K29 -> 228912 | D7: =B7-C7 -> -9199 | E7: (1)BODY 외주 가공비 반영 (2)TEFLON SEAT/ METAL TEFLON SEAT 가격 반영 (3)RETAINER RING 반영 (4)PACKING 반영 (5)PACKING GLANGD 반영 (6)END COVER 반영 (7)STEM 가공비 반영
A8: DN125 | B8: ='[11]125A'!$K$29 -> 270515 | C8: ='125A'!K29 -> 258030 | D8: =B8-C8 -> 12485 | E8: (1)BODY 외주 가공비 반영 (2)TEFLON SEAT/ METAL TEFLON SEAT 가격 반영 (3)RETAINER RING 반영 (4)PACKING 반영 (5)PACKING GLANGD 반영 (6)END COVER 반영 (7)STEM 가공비 반영
A9: DN150 | B9: ='[11]150A'!$K$29 -> 310461 | C9: ='150A'!K29 -> 338760 | D9: =B9-C9 -> -28299 | E9: (1)BODY 외주 가공비 반영 (2)TEFLON SEAT/ METAL TEFLON SEAT 가격 반영 (3)RETAINER RING 반영 (4)PACKING 반영 (5)PACKING GLANGD 반영 (6)END COVER 반영 (7)STEM 가공비 반영
A10: DN200 | B10: ='[11]200A'!$K$29 -> 425357 | C10: ='200A'!K29 -> 448532 | D10: =B10-C10 -> -23175 | E10: (1)BODY 외주 가공비 반영 (2)TEFLON SEAT/ METAL TEFLON SEAT 가격 반영 (3)RETAINER RING 반영 (4)PACKING 반영 (5)PACKING GLANGD 반영 (6)END COVER 반영 (7)STEM 가공비 반영
A11: DN250 | B11: ='[11]250A'!$K$29 -> 608000 | C11: ='250A'!K29 -> 628025 | D11: =B11-C11 -> -20025 | E11: (1)BODY 외주 가공비 반영 (2)TEFLON SEAT/ METAL TEFLON SEAT 가격 반영 (3)RETAINER RING 반영 (4)PACKING 반영 (5)PACKING GLANGD 반영 (6)END COVER 반영 (7)STEM 가공비 반영
A12: DN300 | B12: ='[11]300A'!$K$29 -> 838700 | C12: ='300A'!K29 -> 808605 | D12: =B12-C12 -> 30095 | E12: (1)BODY 외주 가공비 반영 (2)TEFLON SEAT/ METAL TEFLON SEAT 가격 반영 (3)RETAINER RING 반영 (4)PACKING 반영 (5)PACKING GLANGD 반영 (6)END COVER 반영 (7)STEM 가공비 반영
A13: DN350 | B13: 1301980 | C13: ='350A'!K29 -> 1313300 | D13: =B13-C13 -> -11320 | E13: (1)TEFLON SEAT / METAL TEFLON SEAT 반영 (2)RETAINER RING 반영
A14: DN400 | B14: ='[11]400A'!$K$29 -> 1748520 | C14: 1808320 | D14: =B14-C14 -> -59800 | E14: (1)TEFLON SEAT / METAL TEFLON SEAT 반영 (2)RETAINER RING 반영
A15: DN450 | B15: ='[11]450A'!$K$29 -> 2128310 | C15: ='450A'!K29 -> 2119810 | D15: =B15-C15 -> 8500 | E15: (1)TEFLON SEAT / METAL TEFLON SEAT 반영 (2)RETAINER RING 반영
A16: DN500 | B16: ='[11]500A'!$K$29 -> 2550800 | C16: ='500A'!K29 -> 2575800 | D16: =B16-C16 -> -25000 | E16: (1)TEFLON SEAT / METAL TEFLON SEAT 반영 (2)RETAINER RING 반영
A17: DN600 | B17: ='[11]600A'!$K$29 -> 3855686 | C17: ='600A'!K29 -> 3136086 | D17: =B17-C17 -> 719600 | E17: (1)TEFLON SEAT / METAL TEFLON SEAT 반영 (2)RETAINER RING 반영
A18: DN650 | B18: ='[11]650A'!$K$29 -> 4349910 | C18: ='650A'!K29 -> 4220910 | D18: =B18-C18 -> 129000 | E18: (1)TEFLON SEAT / METAL TEFLON SEAT 반영 (2)RETAINER RING 반영
A19: DN700 | B19: ='[11]700A'!$K$29 -> 5806380 | C19: ='700A'!K29 -> 5197380 | D19: =B19-C19 -> 609000 | E19: (1)TEFLON SEAT / METAL TEFLON SEAT 반영 (2)RETAINER RING 반영
A20: DN750 | B20: ='[11]750A'!$K$29 -> 6260760 | C20: ='750A'!K29 -> 5666760 | D20: =B20-C20 -> 594000 | E20: (1)TEFLON SEAT / METAL TEFLON SEAT 반영 (2)RETAINER RING 반영
A21: DN800 | B21: ='[11]800A'!$K$29 -> 6842440 | C21: ='800A'!K29 -> 6247190 | D21: =B21-C21 -> 595250 | E21: (1)TEFLON SEAT / METAL TEFLON SEAT 반영 (2)RETAINER RING 반영
A22: DN900 | B22: 10586880 | C22: ='900A'!K29 -> 9675180 | D22: =B22-C22 -> 911700 | E22: (1)TEFLON SEAT / METAL TEFLON SEAT 반영 (2)RETAINER RING 반영
A23: DN1000 | B23: ='[11]1000A'!$K$29 -> 11785550 | C23: 11941150 | D23: =B23-C23 -> -155600 | E23: (1)TEFLON SEAT / METAL TEFLON SEAT 반영 (2)RETAINER RING 반영
